id,sentiment
"12311_10",0.9816629647635233
"8348_2",0.00480671256548995
"5828_4",0.3122344411108737
"7186_2",0.7085281295953446
"12128_7",0.967874218134495
"2913_8",0.8754694413548212
"4396_1",0.007359786729081311
"395_2",0.4783869833131467
"10616_1",6.556711703845197e-05
"9074_9",0.3174012154993251
"9252_3",0.06010917510158338
"9896_9",0.5935136133355481
"574_4",0.37333615137367826
"11182_8",0.7146415756532998
"11656_4",0.4675789989262064
"2322_4",0.4517275202021823
"8703_1",0.0923380021403183
"7483_1",0.2525064971947942
"6007_10",0.9822291747371386
"12424_4",0.004935162432573478
"4672_1",0.0018216304895339091
"10841_3",0.012016033867896023
"8954_7",0.45235752617716046
"7392_1",0.0318407233047239
"10288_8",0.9471180854242706
"5343_4",0.006443305246588951
"4950_1",0.0011972234828937533
"9257_4",0.6666567228535697
"8689_3",0.15257081307329615
"4480_2",0.022637767050452954
"9286_10",0.993594073006844
"12245_10",0.997291182718288
"7529_7",0.8001765887808515
"4_4",0.057637457489225
"5299_2",0.0033952760955303363
"12077_8",0.6875242216549741
"10701_2",0.004453274546407851
"11579_1",0.054292804889360606
"10993_1",0.015139737068596226
"8913_1",0.05647665874686742
"1350_3",0.0436005152140434
"3804_2",0.008846881967717523
"5025_3",0.15142919754997294
"5170_8",0.6700655577955267
"8225_8",0.932245688623085
"6427_7",0.9631111261663204
"3165_3",0.48253932502618974
"7902_9",0.9983142995574511
"8208_3",0.007749819731533093
"3577_8",0.9300953723342769
"4865_1",0.01142098146219788
"9063_3",0.4672707767508318
"1106_1",0.6189230399376169
"1117_9",0.9836676046909074
"1050_4",0.3931950971388123
"10755_9",0.9617134117334865
"2729_8",0.9352642674845458
"10072_10",0.9925043286931199
"2904_7",0.9839263482541727
"4584_2",0.6762787181700369
"189_4",0.25186844350570076
"6302_4",0.4414794108536829
"8138_9",0.8987441913597948
"1262_1",0.05650048179145158
"2199_10",0.9939167343481766
"6551_7",0.8444913231274254
"8082_7",0.24124118247790702
"4897_8",0.9893459248104858
"7360_1",0.02173012337593194
"11012_10",0.9633401110031552
"12046_1",0.42307198028763093
"2331_2",0.4423458872957774
"8961_9",0.9905859292655325
"751_7",0.5847563386824782
"9884_10",0.9361969596790568
"10016_8",0.9021350049609929
"8023_10",0.9789710083792174
"2628_1",0.008010183709995603
"5832_1",0.025387693538847168
"7302_1",0.037832836368634416
"4501_3",0.14755172944318998
"1121_7",0.5854771775173881
"8334_3",0.6832477414922895
"9789_10",0.5531856403394617
"4230_10",0.8767963982314736
"824_4",0.1205045209288125
"6803_9",0.563031197630307
"3086_7",0.992138436233548
"1135_8",0.9883561993979421
"10136_1",0.0024621217134483445
"11129_3",0.006407430811696306
"2072_8",0.37986961194647195
"9501_7",0.9909078359258325
"319_10",0.9754117657142896
"1693_7",0.9796596272726189
"10886_1",0.00044542892713115667
"9406_8",0.8463110944760891
"10376_10",0.7941241883420759
"9902_1",0.017546246027588117
"9938_8",0.42749276323054375
"7080_9",0.7577829856798086
"11944_8",0.5861102716062037
"5249_1",0.012292456684847464
"9599_2",0.4229670760641983
"9620_1",0.08360165830948026
"11244_1",0.0035025989430315977
"6841_10",0.9939787285646389
"10050_4",0.8588843913027533
"10512_9",0.8927737938535268
"11327_3",0.002939829136044944
"10681_8",0.96486008092647
"808_3",0.19472043032711453
"546_7",0.9940625334117756
"10765_1",5.84989408282145e-05
"7189_9",0.8430444787414012
"6005_9",0.9928409296000972
"11915_9",0.9733127480015812
"5740_10",0.9758492232427677
"7097_10",0.19641884328189765
"9573_10",0.5375293203236987
"5084_4",0.06661879248981456
"12332_7",0.4892638272736977
"8154_1",0.01319639370192254
"5610_1",0.06698947405788525
"5323_9",0.9554306452951972
"11034_8",0.9444489710467355
"3977_2",0.18771254998752532
"12380_7",0.303779364005605
"1737_8",0.4178328681859385
"6030_9",0.7996771265977004
"5918_7",0.9430171764945056
"7061_9",0.7559209646532439
"266_8",0.8848182681800302
"1375_10",0.9725423264024133
"8648_3",0.0006561357103675463
"10146_10",0.9960219734034208
"4578_10",0.9755844973391264
"4685_8",0.9678470434149677
"11843_9",0.7512680676018695
"5467_10",0.9986543670929952
"10140_10",0.8882124248698814
"7721_8",0.9937845141837202
"11208_10",0.3937289944454663
"1063_10",0.9403907200380448
"8260_10",0.5482203304451784
"3182_9",0.9703906066663264
"2797_8",0.8928271360639852
"7613_2",0.8419538078290436
"11624_4",0.02445437839386939
"4847_10",0.8988442830261323
"10684_7",0.5131030640272383
"6312_1",0.3036729356533331
"4925_3",0.002986133363032097
"4125_1",0.001598712116877197
"2394_10",0.9998370194165124
"12105_10",0.6847642149809776
"7812_1",0.004188920982100794
"1061_8",0.9783705078535567
"9343_3",0.340061312792798
"7696_10",0.9880602394814536
"9355_10",0.9997619824296947
"782_9",0.9951914016839098
"9882_10",0.9987597178397304
"10642_10",0.8705044398673225
"7410_2",0.021699772123541267
"9591_4",0.003663952495108571
"11902_3",0.00968940413482194
"3495_7",0.2278513388712528
"6733_1",0.001807761626877364
"4552_1",0.00033964129962164803
"6722_1",0.05441999325662896
"188_10",0.939537535343491
"5099_10",0.9583097868678978
"10313_1",0.052785526747511705
"6756_9",0.6872010594308565
"6622_2",0.0064179240019628615
"4807_10",0.9997112364280228
"7173_3",0.015740918939913074
"11321_8",0.7775551668169302
"7909_9",0.35619384524831915
"8012_7",0.139033176964468
"8615_4",0.0036380655608217304
"8117_10",0.9583128393202456
"1892_10",0.9128220785563453
"4617_1",0.1728738496624541
"1893_8",0.9619326964030158
"5435_1",0.026335202388420693
"162_3",0.018204340694831504
"6516_10",0.9940056817483061
"11588_7",0.8064030877306518
"2006_1",0.11437012627923203
"1594_4",0.24596430780689055
"1472_1",0.0012430253811250654
"3647_1",0.23629572070457888
"174_7",0.9005400903149022
"5539_7",0.012938688611940244
"3384_10",0.9994714501839759
"3811_4",0.22968095569893324
"4079_8",0.3043359590793641
"1179_7",0.8836184911086539
"3069_9",0.998311276546994
"3769_8",0.9482211605782601
"9247_10",0.755701716994758
"10434_1",0.0037284314665059406
"1147_10",0.9946801295202047
"5344_7",0.9769006413180527
"8073_10",0.8983714172151958
"7833_3",0.008190836440463992
"8370_1",0.013922716483602061
"9007_8",0.13872976544237192
"6624_7",0.20334818572902738
"6683_3",0.0408285669888903
"12275_7",0.3344181317114975
"11927_8",0.9706512673323848
"1560_10",0.9997370709114926
"1325_9",0.6880242670290697
"3548_8",0.15534373368699336
"607_1",0.0004477801401206041
"6702_7",0.52126749686821
"5702_3",0.03399522875812101
"11345_8",0.9780513385879487
"3428_4",0.18740325973586283
"7209_9",0.998514682037957
"8425_8",0.9728049947102663
"3087_1",0.03380157062962401
"1119_8",0.39556260089583195
"5715_3",0.373653872473427
"8645_1",0.002978710598132695
"2149_3",0.001329242555350975
"10403_10",0.9126098881858227
"5628_1",0.012915073906147599
"5570_10",0.9973161483321631
"1613_3",0.026418433168081172
"1454_4",0.9504312113895222
"5094_3",0.21548059979000606
"7982_1",0.12766174252313994
"6894_2",0.6561868881878556
"6554_1",0.25679220879343084
"4721_3",0.0564160940922206
"6904_4",0.02491076456192383
"893_8",0.9791697305202148
"4605_4",0.4166674155375012
"11516_7",0.4071508064103305
"11718_7",0.9970206409387041
"5956_1",0.0002491899128348549
"7455_9",0.8185200038346131
"6396_4",0.6421751164858455
"1223_8",0.9450265291823449
"8556_1",0.028039296805886335
"6108_8",0.8664554453636609
"11690_1",0.0019792541423204655
"3778_9",0.854641112930346
"3627_4",0.39510959526768363
"8256_4",0.2076260778503002
"533_1",0.0032943492427727986
"5235_4",0.0006778164365463646
"621_2",0.10895878914903141
"5365_1",0.2764618649651462
"8180_3",0.13002258013314472
"7396_7",0.2257332954009664
"9776_10",0.9896870983311394
"8175_10",0.9865885162204133
"3128_1",0.005631451241330032
"4606_1",0.6243079185327667
"6158_2",0.07437301255974295
"3281_10",0.8663126827459949
"4723_4",0.078512757936369
"11994_3",0.14297691779401916
"7701_1",2.1519561798393672e-05
"103_3",0.26295939939214985
"8908_10",0.9886496299189712
"8876_1",0.003446998118965643
"7519_9",0.9074142158344187
"12456_8",0.879498015797023
"9514_8",0.8444422185959761
"8680_8",0.33410888573925485
"12402_10",0.9082563470789277
"362_2",0.09419547732343589
"9825_7",0.8875059624457784
"2913_3",0.5689625901241291
"7164_8",0.9753281670748204
"11177_7",0.355938668985628
"5707_10",0.9860638930234432
"8103_10",0.9113499007547999
"6289_1",0.0003466569856912727
"11754_1",0.3726588445577654
"11640_10",0.9193573072685459
"9933_7",0.9076913759596849
"185_10",0.9651977628032695
"242_10",0.9913590330415225
"9369_8",0.9439573429056797
"7453_10",0.9329044911259757
"7514_7",0.16899096113218173
"10860_2",0.029735031407495276
"8663_8",0.7681773144275138
"9108_1",0.05976989174764205
"7941_1",0.07950057762679213
"10116_1",0.0005102265146362752
"9841_4",0.08056679897675899
"4512_9",0.9930897101988162
"4853_2",0.1411637249228748
"2664_4",0.3168964361744514
"9966_10",0.9405154887167932
"5167_2",0.013085800125144898
"3894_2",0.002292740189663307
"3929_8",0.7848602294820614
"7165_10",0.9424823631347057
"5451_8",0.8077750165889105
"2947_4",0.3079210827848483
"4611_10",0.8888581597051998
"5807_1",0.16911916791327689
"9464_8",0.8546113303824949
"3124_10",0.8860367711102529
"2705_4",0.9482681170622435
"12187_8",0.9795078581941232
"12319_10",0.9549758544216277
"9874_3",0.2487775592914877
"3406_4",0.1262775724905566
"2327_10",0.9975961135009096
"605_10",0.9690465967187925
"8080_4",0.2468512816142432
"3074_10",0.9953583160343761
"2499_3",0.061033856312382784
"1013_1",0.48409531820644386
"11535_1",0.003605394773684049
"4118_7",0.4794347067028018
"10492_8",0.9694567111629194
"2129_4",0.3948426544671014
"9814_10",0.14342709706111134
"10671_9",0.8201224462439605
"5980_10",0.9933723978894832
"2755_2",0.6130314832339357
"5461_2",0.6275702961817891
"11979_1",0.03964596200483548
"8810_1",0.00840279379299476
"852_7",0.9878376050097563
"10961_4",0.03962239753591384
"7436_4",0.15755695396287198
"11281_3",0.6127923880983274
"4208_3",0.046484544044453
"8213_10",0.5674323435049871
"9851_2",0.16920522297235976
"4713_7",0.6673362989542639
"9528_1",0.9462340724568381
"3595_10",0.9890374856314483
"5785_3",0.2503419212291946
"10370_3",0.028421975117507808
"1980_3",0.4669369778138977
"8800_4",0.43058118814359836
"4437_3",0.03894391455873106
"28_3",0.3719600116708107
"12171_1",0.5717437780901127
"9359_3",0.05443505336699724
"3831_9",0.999441526804224
"10962_7",0.979864134176491
"1500_9",0.7847435366811487
"11470_10",0.9462742047138746
"11843_3",0.144910431976286
"11200_4",0.689447045014717
"1067_1",0.015349361345866133
"3333_1",0.018486020239560315
"4487_4",0.796901722746728
"6428_1",0.005597545424911483
"575_7",0.12616041359988223
"10904_9",0.9169264162881502
"11821_2",0.19305259346115153
"11605_1",0.014393049238222263
"1111_7",0.8572785852265168
"10295_1",0.6540410339100675
"1146_4",0.006294222389398505
"2405_9",0.41170399252536977
"11081_10",0.904614316083424
"2201_10",0.999317889632951
"4844_1",0.005585700928418589
"11007_8",0.8505918757674759
"6535_7",0.9496149360177094
"2653_4",0.00589254853242574
"8245_10",0.9160176847070737
"9951_8",0.9791739872863997
"6133_8",0.15380369093796326
"10006_2",0.0010456609245648387
"7350_1",0.2276314028978332
"4509_9",0.9973990057015217
"948_1",0.00020928193757471398
"3987_1",0.1785740204398298
"2947_10",0.04966759203179745
"6041_3",0.00015454309300350956
"2946_1",0.08015463117104465
"11967_4",0.004006296367617488
"1185_10",0.9753763798644575
"10323_2",0.6396983517626869
"11706_2",0.0002239625738962414
"3663_1",0.01961883229128714
"5602_10",0.9958989868569411
"4870_10",0.6201688079934917
"1994_1",0.01083000442851684
"10807_7",0.9820803333809439
"6871_3",0.884865988159209
"1175_2",0.0008682067579449694
"10919_7",0.9817062565447113
"8127_10",0.9492095570247578
"12497_4",0.04926805513260788
"3274_1",0.3000123986924207
"2568_3",0.14710556315013915
"840_2",0.008273892038970844
"5626_10",0.9983763311673391
"7561_10",0.9894914146586989
"4600_3",0.42313070850619744
"3324_9",0.6949783407521412
"8899_7",0.8773833483466118
"5592_8",0.7312788037779423
"12483_4",0.015264192947625968
"7874_1",0.0005554729073603819
"5878_10",0.9230133919179334
"4303_9",0.4125949223215779
"9421_1",0.1313932712200743
"10269_4",0.43865645850806023
"10615_2",0.0536056293251031
"2634_10",0.9851513258692504
"7522_1",0.019025803583161704
"9289_10",0.5950517889907946
"4636_10",0.8266612346979912
"1241_7",0.5871088381490401
"9458_9",0.7394212323050152
"11690_10",0.9974087182143325
"7176_4",0.6641233911564156
"6212_10",0.925381218100976
"6319_1",0.016783328376338426
"5229_3",0.46236752003908616
"466_9",0.9983226768050554
"8693_2",0.1201050534625148
"2952_10",0.9944809911228232
"1128_1",0.012492708978779478
"3975_10",0.9565509804554077
"11365_10",0.5435753762857645
"2074_9",0.9957225329400599
"9768_10",0.990390191919788
"4895_1",0.006617996548069971
"5726_10",0.9988909662684691
"9993_10",0.9527426307258815
"11319_2",0.5931172408564213
"10561_2",0.10485060315669077
"5455_8",0.9898717096525411
"10684_3",0.035103005345878166
"3652_3",0.04888698250714995
"7825_1",0.03420550769373193
"8806_1",0.13935520121874226
"275_10",0.9452436389846773
"2246_1",0.010571543061114339
"11968_2",0.00046478110504748346
"2528_1",0.7108086932509365
"8491_8",0.31629545760747485
"13_1",0.6131639519573072
"4530_8",0.6645500176935683
"5207_3",0.02538371030049491
"11648_10",0.9796485276074839
"8260_1",0.0750159839064182
"10730_10",0.902341585551532
"10402_3",0.46350438096448354
"8077_1",0.009486167472898984
"8598_8",0.9311240074469063
"2809_3",0.004361270658057952
"12490_10",0.9939089282426495
"1447_9",0.9042327871566916
"1605_3",0.4903175825730844
"2311_4",0.033505906509981774
"3235_9",0.9040838924499772
"5725_10",0.9575052463729453
"9025_10",0.988768892427516
"6049_9",0.969917590987804
"4803_10",0.9984254724674071
"191_9",0.9997423358508963
"420_3",0.40145483031508483
"5238_2",0.004569299305026377
"1280_9",0.9940567878548043
"9408_4",0.1541552979000842
"819_1",0.001038152584106153
"1656_4",0.018288432282728168
"9964_3",0.48891186328624475
"10404_4",0.3460954386941805
"12369_10",0.9341250954886844
"6423_1",0.06894677215532673
"9942_8",0.31741208837337254
"1519_1",0.056637507838251624
"100_10",0.9910313234109456
"3216_10",0.706697928767318
"3909_10",0.8099184923679943
"5034_7",0.976035139429962
"14_8",0.9783874455496524
"5891_3",0.02303310451069555
"8496_10",0.9994209166005913
"7429_1",0.004394333484142111
"9457_1",0.005512852283405753
"9602_8",0.9475306927219471
"4198_1",0.005314177998181317
"154_2",0.1905687994376663
"5070_2",0.011078106552702385
"4207_8",0.8751229141516311
"7758_8",0.9478000948020082
"4439_9",0.9523625643910643
"12042_1",0.0031977824986696114
"7244_1",0.00833688535141525
"6854_1",0.007026745721827994
"11932_10",0.9533618556891815
"4151_10",0.8505577536147612
"7265_1",0.015338580536150418
"10272_7",0.99354216996816
"4256_4",0.037947744568290184
"1225_7",0.9004259147477944
"956_10",0.9951805174020502
"6389_2",0.0021173622256130324
"1365_4",0.04262088813468241
"4752_7",0.7468506747560565
"276_10",0.9954382246555261
"8766_9",0.2627255040527165
"11225_10",0.957217288456446
"6920_1",0.012693088504773619
"11536_1",0.0003230764034366352
"1923_9",0.954339280542669
"11460_10",0.7553463200907493
"10054_7",0.918008556197958
"10845_1",0.0009035884146958271
"10231_4",0.26773746908180535
"9430_8",0.6336330860355855
"3226_2",0.017089878183676296
"4298_3",0.1064237986542377
"10635_4",0.016651865411141078
"10567_4",0.017173694581542824
"5460_10",0.9835425053527715
"7310_7",0.6118665524200237
"10330_2",0.0005791538880451753
"5151_9",0.9712091266483892
"11_3",0.7742153309436159
"1448_8",0.7526365550402011
"10130_8",0.9714586763507425
"2199_3",0.004028345770516753
"1761_10",0.9228066666415818
"2782_1",0.001511378433263947
"7618_10",0.9731856273713663
"85_10",0.8956196113045782
"5730_3",0.04427623165267451
"3641_1",0.2681615084995132
"8190_9",0.999011541217701
"9533_10",0.9979467253359083
"9508_1",0.01682665160150524
"237_8",0.9943679740515232
"3981_7",0.4240860135133599
"7194_9",0.8465893030986454
"10584_8",0.8815014109707939
"248_2",0.0021102502588620942
"8358_4",0.021487789473329185
"1218_1",0.0008860835291111452
"4191_10",0.02637131000514668
"3090_8",0.8765220353253406
"11923_2",0.0060875960590923385
"1640_8",0.7262544320850438
"9972_3",0.1303920979086876
"11818_4",0.47136293852257516
"4350_10",0.9588097600036491
"877_10",0.5668721389889951
"10017_8",0.9598812377508402
"7975_10",0.998726377034621
"8436_1",0.055374205794138515
"6024_7",0.8866909936264317
"3112_1",0.015374769353872383
"951_10",0.9206706766872512
"1622_1",0.001886728500120859
"191_3",0.43404796137336443
"5669_1",0.0026091503546853854
"1891_4",0.042358001545119
"12173_9",0.6667388732370682
"7887_7",0.670745691404334
"3256_10",0.90235747203899
"5419_1",0.001524292682246984
"7635_1",0.023193462108731286
"8297_2",0.2534309221220249
"7137_8",0.9153917464876893
"7562_3",0.14262391674287606
"9944_1",9.830761928460194e-05
"4288_1",0.00015996429619348292
"8087_1",0.4497473792303874
"4771_10",0.8414144232946174
"10482_10",0.7221930572334843
"5324_10",0.9949897230560163
"3080_1",0.08212308064773495
"10923_7",0.7463081021142732
"1753_7",0.9677841863408763
"317_10",0.9785610610712399
"12474_8",0.9146467014727897
"773_8",0.9788739596834313
"388_1",0.12078331906288081
"12141_2",0.36981370177311773
"5667_1",0.5205238098638065
"1071_9",0.985660048289765
"2897_10",0.9658582173994635
"9481_4",0.11408029640690746
"12025_1",0.0009814453087184955
"8879_7",0.24032548840158363
"5683_1",0.022541540846775378
"7026_1",0.003368747323054404
"2439_1",0.18072355108917362
"3631_7",0.9558356050786705
"1650_9",0.549434657663956
"5378_7",0.999075088283689
"9745_1",6.011906234468206e-05
"11563_8",0.8445180148139791
"299_8",0.9970860666747119
"9471_2",0.3028180282055665
"1866_1",0.03596538428834289
"2639_4",0.19503418346310283
"5122_1",0.01614271919452734
"12341_7",0.36250388353154855
"2936_8",0.9662394772644519
"8647_10",0.8536060106387974
"4255_9",0.9172132068835517
"7262_8",0.4686200339744841
"8413_10",0.851160480644165
"10080_1",0.012049262790235722
"3973_1",0.27921461652347485
"8752_9",0.9993039332218591
"4018_2",0.18257420477835476
"7669_1",0.009315971156635936
"10421_4",0.026805313895830976
"7854_8",0.9919623771370933
"162_8",0.07273575521253088
"11614_9",0.8821562652160796
"11343_8",0.974440253531895
"1708_7",0.08354437454239018
"7115_4",0.5116911552059137
"10498_10",0.280041452776211
"2944_8",0.9459945023161175
"10474_3",0.09637494615283831
"1263_1",0.0031376936405422893
"1693_4",0.5675137810880081
"9600_9",0.7028254342247747
"11173_2",0.14253685063390842
"3961_2",0.06481339241606368
"8011_1",0.28389986608728934
"7386_8",0.9626443461331594
"8787_8",0.7480320452676652
"12349_9",0.8443542219054493
"1776_4",0.07829217284208055
"5885_4",0.9156690786934748
"220_4",0.046611625651466496
"5547_8",0.9901477775877415
"2853_1",0.07365233796456061
"2157_2",0.008869274312813083
"11667_2",0.39929365469151634
"194_7",0.9038331941930848
"1633_1",0.0019491190673483615
"6897_2",0.01634368529157843
"11568_2",0.061125414781243004
"9219_1",0.06009929500102493
"477_8",0.9651283197682696
"8980_3",0.49274453397106643
"4612_10",0.7479268317819158
"8030_10",0.995575388870861
"1846_8",0.9999440376183305
"2786_8",0.94802201783819
"2634_1",0.0028210926851415102
"3110_8",0.981583480590484
"11587_8",0.8339995145834477
"11262_8",0.8800152734798573
"5680_7",0.09698634657537779
"4583_4",0.13989858218080614
"1451_1",0.0016642155832475123
"4244_4",0.0018874766716600808
"6176_4",0.008029385894243138
"8851_10",0.9937108619921866
"908_9",0.9966513105802965
"7494_9",0.5140370891801646
"8061_3",0.03173012325345377
"789_1",0.13652835609925434
"2374_7",0.7870247417768875
"11225_3",0.004775355502443286
"4467_4",0.023662863572189486
"8516_10",0.09730506757777993
"4121_10",0.9828814332780547
"10267_7",0.1767833161200225
"6040_8",0.6225960331389788
"8338_7",0.9139405890789877
"2903_7",0.9983703469411421
"6662_9",0.9514060159618439
"5333_10",0.9432255842978392
"7470_4",0.030733049187297114
"8813_1",0.06591217010332791
"4514_3",0.5844704064488168
"9584_7",0.05574195467416995
"11706_8",0.9898391706587357
"11538_8",0.9046362401153017
"4210_1",2.1834176636651264e-05
"8984_1",0.021620992567147012
"3431_4",0.007176182576607522
"4973_10",0.9898935135178474
"12260_1",0.0025305315218543253
"4267_10",0.9192757491705976
"9906_9",0.9762068032164993
"670_7",0.9301325892471507
"6270_3",0.002674922939267847
"5164_4",0.03733054617685746
"9741_2",0.028702718026863805
"3761_8",0.9022477798753867
"2651_2",0.21860626780210704
"7448_10",0.9252143118966936
"7184_9",0.8900847486099959
"1313_9",0.9467373675533298
"10654_8",0.9745012885655242
"7151_1",0.0007180898831357205
"2320_10",0.9088377264075207
"12033_7",0.5743869490098692
"6429_1",0.0006158454271304434
"1420_4",0.6014135013633118
"3002_7",0.5951095039327615
"1299_1",0.03317610659848803
"7897_9",0.9865164422666571
"1529_4",0.010366125743593482
"9760_2",0.03425323752637474
"11318_1",0.0008848552307534308
"2217_3",0.07790746523745018
"11641_2",0.03245414231464142
"7238_10",0.9990059203478638
"7710_8",0.8845353957216922
"12011_8",0.8989485327211099
"4495_7",0.9935795781267804
"11144_4",0.13775217018643776
"5625_2",0.007712334473362983
"2926_7",0.41811807723416416
"8538_8",0.9769807416111174
"8875_10",0.8371003037756017
"10881_10",0.8998784057985666
"1662_7",0.9391094592778593
"4560_9",0.7131651226478344
"6714_4",0.017077720924181417
"9059_10",0.9833415052685825
"6631_10",0.9099112082541414
"8520_1",0.002768679979633062
"918_4",0.5409831360330887
"3102_10",0.9841582106986828
"3611_2",0.04534907889349054
"8434_10",0.9856451798544023
"681_7",0.9963838047125506
"7386_4",0.03453086444518613
"7566_9",0.243529854831422
"10110_10",0.9229193989144893
"10486_10",0.9817853235563699
"1492_3",0.270304088836849
"11823_1",0.0325945790643361
"2331_9",0.9823504450062417
"2200_2",0.014996438104470771
"9547_1",0.06261591090052156
"785_2",0.0018548488571855568
"5101_4",0.09373554258794918
"5657_10",0.9268483914818822
"6902_7",0.8357272030995235
"1490_9",0.8323582291657996
"7148_9",0.956303322762681
"7387_8",0.7795557923504441
"8277_9",0.9516893154301195
"6912_7",0.9645127509057015
"170_2",0.5055348448110931
"7702_10",0.9993512128419507
"4393_3",0.00017008106786220068
"2608_3",0.5833845919397532
"4931_8",0.970794285858497
"10589_10",0.9399271779915512
"8623_4",0.0052442216679290995
"6057_2",0.011990683744998658
"2704_9",0.9986025756998304
"1790_2",0.2537386795847097
"12370_1",0.00041363541882495175
"159_1",0.0015554977613144328
"343_9",0.9992156183639953
"2128_9",0.9983628331853489
"11181_8",0.971446354613388
"11775_10",0.9944770155058104
"3514_10",0.9662117652827896
"6993_2",0.007867281885042944
"2866_9",0.5737639312555837
"1000_9",0.9948415252662111
"11772_7",0.43609182645602795
"3355_9",0.034481235322227334
"8519_8",0.5984947930666101
"7879_3",0.17404100174818699
"4332_10",0.9058641252441718
"5403_1",0.003809903829164373
"1514_7",0.13179985665738833
"7904_1",0.014612063789834139
"10550_2",0.6068683661313475
"11442_10",0.9694953793593499
"2821_3",0.08190893236728787
"5766_1",0.00020467150763485285
"8061_9",0.98807180377399
"2166_1",0.00115376870421661
"6206_1",0.0029149064637402386
"11124_2",0.007213695421826105
"7625_10",0.747242391834867
"90_9",0.8224621571639802
"7959_10",0.9140471235234611
"7029_10",0.8215947696679125
"779_8",0.9933955515062378
"1101_4",0.016121845677026958
"11189_4",0.0022030380692306156
"9790_4",0.00853859496001776
"10861_1",0.04898510510351995
"5902_2",0.03778375720698449
"9545_10",0.801674347120006
"3730_1",0.0001421212424101298
"4951_9",0.8673197672218284
"3295_1",0.012389963673461126
"9495_2",0.5770062290274678
"2876_1",0.6553606229699304
"2796_1",0.01059719473260523
"10338_3",0.42533239681907214
"10913_7",0.2423340389975975
"4685_2",0.001274182084805581
"11586_1",0.04239094391859092
"4904_7",0.2815306014088766
"7110_7",0.5904852675489012
"2086_4",0.11021052824756376
"7372_7",0.8185028744812134
"135_9",0.9746017968232078
"7038_3",0.5763308635546268
"1119_2",0.04534325566360688
"5057_8",0.37668170422679936
"3479_10",0.9980909721714839
"6489_8",0.9993654751005521
"4910_8",0.9551965200350766
"5979_10",0.7495673105484244
"11304_1",0.0005320671814287601
"2102_9",0.9956122332995487
"8048_1",0.003043342394706423
"12153_7",0.48411875013827743
"4832_8",0.9696671790283381
"3079_9",0.9868857166537787
"8254_2",0.0078003316236735214
"7981_7",0.9855213855996718
"611_1",0.4646159661704682
"307_10",0.843854613002638
"8861_3",0.017361225205068418
"4635_4",0.47867380489285505
"6197_7",0.9652192856152122
"6739_3",0.20483131844457714
"8588_9",0.9163404914342648
"8461_7",0.24199688499349004
"10089_1",0.03341877305047218
"2609_7",0.8587914488920465
"1418_3",0.2670889161126524
"2661_10",0.9507314041532522
"1253_9",0.9797188047651304
"8815_9",0.9823933063286121
"9867_8",0.9954091057242384
"2155_1",0.06803361779462154
"12259_4",0.06426575995007414
"11224_3",0.444556058185972
"4781_1",0.0007296955828153328
"4354_9",0.9984988009363414
"9629_9",0.8279130864127726
"3629_9",0.9916095665872585
"6445_10",0.9972535702365068
"9526_10",0.9853245883291442
"5138_2",0.019446337949873067
"349_10",0.9717582346740444
"2099_7",0.8595553761032435
"4411_1",0.550934310065207
"8127_3",0.004843707005399646
"5225_8",0.6960321513929895
"7970_3",0.010329711366563287
"5688_7",0.5836779800797923
"12099_3",0.3688363458751809
"6020_4",0.20611564886430167
"3892_8",0.7939062613660413
"2098_8",0.7935861574111469
"4851_7",0.9860631521069838
"10967_10",0.5022544889434564
"6230_4",0.1329763394149121
"2211_2",0.032423279198741134
"11978_10",0.9729997587077698
"8802_1",0.011730798870698838
"11010_3",0.0030632194884119045
"10083_2",0.4645762319081594
"5588_10",0.4323688314822329
"958_10",0.8938788698868437
"6771_4",0.16296580616355338
"6767_9",0.9631590265903318
"7302_10",0.9722358544318909
"5324_3",0.010020620418214252
"7737_10",0.9963479956852308
"8603_10",0.7772681017015795
"3029_7",0.9974947327873902
"8640_2",0.009067681255587916
"2139_1",0.00012299608341420583
"6305_10",0.9896552526117138
"6884_7",0.9763060905497261
"5534_8",0.7288958449596128
"7619_8",0.9747293214001302
"10057_8",0.764913813414713
"972_7",0.9918222966409805
"6245_8",0.8034452882716238
"6627_7",0.9932757073426997
"3621_10",0.5128392540634606
"2290_4",0.7335446111402157
"24_4",0.14684962785311906
"5689_1",0.00040591758745995687
"6497_4",0.11760066098981865
"12405_4",0.7849513404858385
"11720_7",0.9853357507060333
"10088_1",0.0026123870006814647
"9258_9",0.9997698774456754
"354_4",0.858670484953147
"4770_10",0.8245111696118211
"1035_3",0.043913378908081425
"739_1",0.0012325127541525697
"6267_7",0.982019546811965
"1562_8",0.9888821689259123
"1438_1",0.004402870017388873
"281_8",0.9993767184984885
"1818_1",0.44827895692908926
"3943_3",0.07728524172619
"8116_4",0.5573427231454419
"6984_1",0.009374462864143576
"5330_4",0.004239018004577421
"8821_8",0.98593347790118
"10484_10",0.9969148924667753
"1886_4",0.004592790038015647
"7943_2",0.4519200562853044
"6438_7",0.9889313585854731
"8931_10",0.8881667006092689
"10538_10",0.8562387075115359
"534_10",0.9887353057108115
"7329_2",0.01556012069214313
"6614_2",0.6343652208027268
"710_10",0.5351863009573002
"3120_4",0.0732314426829673
"9046_1",0.003865121753857228
"5638_2",0.3945214867903232
"2455_4",0.37164812217810256
"2652_3",0.45029258247377163
"11006_4",0.48812136913649445
"5065_3",0.010871404284449063
"9805_10",0.9588958407147457
"7092_8",0.9320132809988622
"1735_10",0.7842523175357453
"3609_1",0.0004444448736556778
"1201_10",0.9899295862806782
"11024_9",0.9891615178505575
"3807_10",0.9534925446950783
"4483_10",0.60734477530198
"4510_7",0.9130494836793525
"8037_1",0.10974611579236433
"1760_1",0.011999567202013858
"133_8",0.9483650258167775
"9039_8",0.9956507419163821
"8462_4",0.9429891038144382
"2468_10",0.9959066585864997
"7684_3",0.007992486689247702
"10350_9",0.9987907338296561
"1199_10",0.9996944227546791
"8560_1",0.0041186282564557196
"6405_3",0.0005486438796223114
"1295_1",0.0032872745179759752
"6420_1",0.0024188054162932286
"12183_9",0.9597927524411952
"11619_1",0.0020001482853591124
"1415_9",0.840400561770818
"9414_1",0.002024538676412872
"7640_4",0.056793162539082315
"9211_9",0.921430362513485
"557_9",0.8441994630753704
"4501_9",0.8203189402870058
"8711_10",0.3989860867927501
"2402_1",0.6975162562458787
"4586_10",0.9804613508498903
"176_3",0.11786972511351752
"3545_1",0.002212522480969982
"8932_1",6.523270859272321e-05
"5829_10",0.8413953391015806
"3409_10",0.9946176950927629
"3636_3",0.32744594300227836
"12048_7",0.9001925185484309
"10468_10",0.9878976325185225
"11546_10",0.9243638936020108
"9444_10",0.9957000232858844
"6275_1",0.01076427132751053
"152_4",0.6012484974226084
"4767_9",0.8245546930394572
"6751_1",0.0023488446855397787
"10245_4",0.10092111382008667
"5407_8",0.9550986400537369
"1923_1",0.14955375858188957
"515_9",0.46915085472479084
"9988_1",0.1569232442637103
"5928_8",0.9966283141233021
"10163_4",0.20782158442064474
"7969_10",0.9295873152874903
"1494_4",0.09129353132049735
"11211_10",0.9932395746498064
"1957_1",0.0002066649468611087
"8484_7",0.4205863319245757
"848_2",0.0008629044639149759
"5177_1",0.045903866757291335
"10667_10",0.72249244587908
"3075_1",0.019088309092203725
"9443_10",0.6109813587163955
"1572_8",0.8365815574633371
"11285_8",0.19676787480956046
"3125_1",0.8269214730504392
"9265_9",0.8768436619522504
"4072_1",0.12923258660501202
"6390_2",0.03477030275633703
"6496_4",0.42267767442584664
"8766_2",8.605754653921604e-05
"7787_10",0.8826570357813055
"5897_10",0.999473484588193
"9027_1",0.05014690586735861
"1538_2",0.015839988448363058
"1220_3",0.0037611215743791706
"8600_3",0.035942659163484825
"11432_2",0.12972216940540182
"1424_4",0.13736410927131953
"7344_10",0.9613032194468262
"10842_1",0.17241281524324553
"10332_10",0.9756058853479184
"4340_4",0.11094743562703133
"4868_4",0.10707244387677414
"11216_9",0.8017399719619086
"12027_10",0.8731813438232714
"6785_7",0.9251018990352029
"8773_8",0.9817640247203974
"8119_4",0.21353715007698115
"10138_10",0.9715941359905401
"7197_2",0.003289738408085534
"1536_3",0.042246000352652004
"9981_7",0.4511052049347656
"4753_1",0.08039089967042573
"2795_7",0.003034248336764051
"6672_4",0.08478050950388166
"10805_7",0.8794142697010829
"5866_1",0.014257188719808363
"570_1",0.0001894829030418357
"11965_8",0.8154681436068759
"3288_1",0.12922654564919708
"8135_1",0.12136640385323658
"10094_9",0.9761526204262224
"5845_10",0.9930976627195001
"3570_8",0.18537841282130568
"1240_1",0.02365668933783884
"231_1",0.008416886514865782
"10628_9",0.8510197203130352
"3536_1",0.005111900554842278
"1852_10",0.9864270682855308
"8202_7",0.9117984937134781
"5907_7",0.8493023653902962
"1759_10",0.9414553970092577
"4492_10",0.9932815343770036
"4844_7",0.2001765746358122
"3189_10",0.9253503312964151
"3403_10",0.95454495687554
"5874_2",0.001585895447311364
"7809_10",0.9936171293486762
"3632_9",0.9917519161400923
"11767_2",0.9743437541736952
"9925_3",0.8649702077367747
"4218_1",0.5702903963422679
"12036_7",0.5105526781881885
"8973_2",0.008400385632791375
"2464_10",0.9975887066744477
"4094_1",0.01487535137453408
"10592_1",0.012625428085759427
"10648_9",0.9421928026548297
"3887_10",0.9840875378591415
"9092_8",0.9959434843603827
"10666_10",0.9834097197449824
"8389_10",0.5842151107506801
"5281_10",0.9877260606040787
"6946_1",0.19110572502456544
"1132_1",0.026619183413574075
"10052_4",0.0011114225651577096
"768_10",0.9999059121941297
"5432_3",0.032239732732903016
"7424_3",0.0004725223471180527
"2366_2",0.713768945548947
"2865_3",0.22567303213270012
"7806_2",0.05982737873020161
"8878_3",0.04162178245896878
"6298_7",0.9957934932358626
"4517_4",0.09005512339385983
"12018_10",0.9407488500046572
"3662_1",0.00849921638178737
"11393_10",0.9612035982403085
"2071_10",0.955064853339799
"8217_8",0.9864432281950248
"6568_2",0.018881300643460427
"3840_10",0.9928737740890482
"1666_3",0.23393874762043101
"2360_7",0.9119050786527583
"5778_4",0.2774230795998023
"5341_4",0.0695771884294273
"4044_2",0.00027041295298903576
"2503_3",0.21151497888234494
"4095_10",0.8540943495285694
"2092_2",0.0007174116451978047
"2707_3",0.015742230691699884
"573_10",0.8966188979047206
"6441_7",0.9768208793877577
"7565_3",0.042085710098560575
"9499_7",0.8229107572616797
"657_10",0.999719810427712
"8840_10",0.9773623093897806
"1407_4",0.36373178954228885
"12453_2",0.1112771159951238
"8273_9",0.8823589367483968
"8366_7",0.902590699441355
"10643_9",0.6610851548274758
"9998_1",0.03900364422683737
"1385_1",0.009358479907604645
"1354_4",0.05422677010101689
"4674_7",0.5624644462282963
"3515_4",0.657986809050524
"10426_8",0.6517712789827146
"10226_3",0.5634691281134009
"10391_4",0.017050774523382477
"9968_1",0.0012224755496426619
"2893_3",0.00984177904414361
"2546_9",0.3085607488082246
"37_1",0.0013791062868926589
"1757_10",0.9883863748822606
"1569_8",0.9581457116663724
"1466_3",0.24625910766320974
"7783_1",0.0036990933266383085
"9506_10",0.6590952329191144
"10835_3",0.009475766033524563
"2917_9",0.9650466758458591
"2495_7",0.9790911461744277
"1686_10",0.994966650319524
"2414_7",0.3789386192834325
"5318_8",0.9950570470397051
"8858_8",0.9659776438729514
"8112_1",0.0015912329025854393
"6532_2",0.006098820347888476
"2526_10",0.8549751222742428
"11089_7",0.886236773208825
"4297_8",0.804221965238251
"3179_9",0.965048657680518
"5832_10",0.9870827266475465
"10539_8",0.8260764562360008
"9226_10",0.6070242195311483
"9878_1",0.3485479204700147
"7940_10",0.9990621416729701
"7195_10",0.9441609759181093
"2979_1",0.13469376264146093
"3597_10",0.9844183965106302
"2931_8",0.937536486779184
"8571_10",0.32332714254360373
"12148_1",4.739661425630659e-06
"4047_2",0.0002120173299972971
"6164_10",0.998793965140112
"2214_8",0.9865361699956062
"5903_1",0.02305678139164121
"7931_9",0.5816890789454342
"1205_3",0.2780027275648684
"5983_10",0.9953565942329305
"10424_7",0.4157479892244255
"11032_7",0.923834892102507
"1303_10",0.9723955866572931
"10390_1",0.0059969650804755584
"8349_2",0.27401379235894946
"3605_8",0.7238708415414992
"12273_1",0.006439628384492332
"60_1",0.014651131966180769
"3879_9",0.8091835998046871
"12431_4",0.35020531528770804
"4499_2",0.06250886358125243
"5786_10",0.667319185737946
"5521_4",0.9851082688283428
"793_8",0.818693981819747
"7948_3",0.12460345321502866
"9022_2",0.12087674904937785
"11071_1",0.23328428381965244
"4991_3",0.5761108655605971
"8226_1",0.004006183345163464
"8762_3",0.09815147647055306
"6918_4",0.7842812840594958
"844_10",0.8750188683766257
"11503_8",0.24596565297297718
"7406_8",0.9654609425558678
"7743_1",0.13666676070868825
"514_3",0.017951771759750195
"10927_9",0.9462492692476415
"3731_7",0.9970721942103167
"8870_4",0.9050320048216294
"11099_10",0.9971687925035909
"8456_10",0.9036198500565272
"10944_7",0.026095207113090792
"7168_3",0.01917213711908638
"3378_10",0.37526838537027307
"8203_3",0.5626559174198429
"5676_1",0.018005412158243476
"5061_9",0.9891125120476753
"6238_8",0.7899563345709409
"1136_8",0.7004143474912202
"6234_3",0.08732249203684839
"9510_3",0.951056014935391
"9632_7",0.8135687955210174
"4357_1",0.11706535591637098
"1176_9",0.9752402024652782
"10821_8",0.9995722560288692
"4143_4",0.09487508846126583
"5074_8",0.8328947638905501
"11673_1",0.0012177035323522303
"11072_2",0.0029238292914724375
"1816_4",0.10679055616999238
"3974_7",0.7125015697906387
"796_4",0.004840877242679157
"8540_2",0.3125872171894501
"10959_8",0.8409650865419981
"4576_10",0.4534207079380489
"7030_1",0.26000040199520974
"3340_10",0.923536456064381
"3223_3",0.017085207968470302
"3030_1",0.05107692956256698
"4194_1",0.006476136382039365
"11322_1",0.0031105623948057453
"1785_1",0.0020507572319569726
"7109_2",0.012932609752948175
"4120_1",0.002985330386947292
"3024_7",0.9854450928409985
"589_2",0.01813601738447663
"2480_10",0.8698246264084706
"4878_1",0.1197232167524472
"571_1",0.1385437815574943
"12156_8",0.9938635625380637
"7547_9",0.9489837472862478
"6577_10",0.9970933809261348
"7101_3",0.1046112457839977
"1731_3",0.33712959993002944
"10424_1",0.02785456390283477
"9056_10",0.9693271439083833
"11959_3",0.0013083807275382502
"6952_4",0.009507698702013451
"8709_10",0.8281276142629743
"4716_10",0.9437912215612351
"2393_10",0.9935393835207514
"4007_7",0.7740970763093602
"1196_2",0.2165950287152534
"8483_1",0.06886830067607112
"1840_3",0.253415822410149
"6108_1",0.048531918903767894
"4621_8",0.9259672384563156
"11332_4",0.9577920062755727
"8800_10",0.9980377654697974
"886_7",0.9979509917921033
"6495_8",0.6783191935929429
"6193_10",0.3850454729006471
"10297_1",0.0005822213582999606
"4233_1",0.03124093212931072
"3121_10",0.6314417541447402
"1681_10",0.32528017128507253
"5789_1",0.018171661955146065
"6446_10",0.9729628747144649
"479_9",0.9016157567258599
"6401_1",0.0016516594071192216
"7602_1",0.0030912961728173163
"10792_1",0.03939721636822941
"11436_9",0.9922643015648187
"6944_1",0.08391239982638364
"6275_9",0.009767338928224612
"7314_10",0.950157220351121
"8887_9",0.6801499686945988
"1835_8",0.9970972104389167
"8403_7",0.8083691839598748
"2090_1",0.009676899212706775
"12310_1",0.33353801465624455
"9795_9",0.9882519279073805
"4260_1",0.0014253374805103542
"3214_4",0.1103233056528813
"10974_8",0.7256931336075492
"3374_10",0.07113118670713238
"2251_2",0.007768529439273727
"2325_7",0.8636651084209647
"28_9",0.9467135883696601
"1758_2",0.10342237703526577
"1222_8",0.9643538108412639
"1229_4",0.03174553661132732
"9791_2",0.6691507652023085
"3433_4",0.022005311046904907
"10847_10",0.9923401426072299
"5020_2",0.0003434635587007814
"9652_3",0.000433521695457454
"1739_10",0.7824871605133866
"10441_4",0.9043708334089601
"9002_7",0.9767612695735856
"4304_8",0.9354977938083036
"290_9",0.9442557265740027
"1339_8",0.8613807215469985
"10899_1",0.14712226236860576
"8723_8",0.8334387367201032
"12487_7",0.7943086658017805
"10384_7",0.37358198760903294
"4673_4",0.0012772524332229855
"11679_1",0.003300368679657926
"3938_2",0.030916130768086865
"2253_10",0.9184768866070051
"198_7",0.9652260698706361
"3346_3",0.08303430960558313
"11543_3",0.006022818491670313
"8463_1",0.03846511042252796
"1297_2",0.0018723002453411373
"4689_1",5.404940254428542e-05
"4681_1",0.013433058872268666
"961_8",0.9823321125326522
"9865_2",0.6528265843787344
"770_3",0.025077209219761278
"10495_2",0.05004782041253556
"6302_8",0.9607763036972656
"6232_4",0.25926344741192436
"10098_1",0.012543738804234882
"8905_2",0.0038449222124641246
"8853_10",0.9918361418699958
"6081_10",0.9943318079760562
"12_4",0.281051790123468
"1291_7",0.9030938479786795
"1679_1",0.08369226716101526
"996_7",0.8002642419619526
"3343_10",0.9881440769390047
"6083_10",0.9990949117526752
"98_9",0.7372664438937634
"962_4",0.028434698206660763
"4857_8",0.9947113879755569
"12394_7",0.6052445416879114
"1321_10",0.980237394740764
"8994_10",0.9886302670131577
"7788_1",0.2402185498116142
"9708_8",0.9550354267280923
"9523_1",0.10481159510552224
"11785_4",0.06914267137292118
"5440_1",0.040522355429739663
"1091_7",0.7348273499590934
"11584_10",0.9978616170015778
"5369_3",0.25407692753597455
"3165_10",0.705668761208065
"3686_10",0.9396775236219266
"7069_10",0.49213465950357566
"427_3",0.16738197677001068
"895_8",0.19964715988628803
"4565_8",0.8289416234390675
"5139_9",0.9898738257089279
"5027_1",0.00018652237113066632
"503_9",0.9626205005584202
"7630_1",3.28221623193307e-05
"8552_1",0.1430283375931336
"4322_3",0.02138920185050291
"3492_3",0.6212627325881225
"5301_4",0.534632115918102
"752_4",0.08582693867340024
"4307_2",0.018504997766509483
"4901_10",0.9527359547588226
"233_2",0.12730017065654833
"10789_8",0.9676434290462851
"270_8",0.952275645499173
"11442_1",0.16793932005714682
"3688_7",0.6960886714991662
"9928_7",0.8358474492262389
"6563_8",0.9651145273726769
"3437_7",0.7180294187683406
"10495_8",0.9898378823926897
"8775_10",0.9926329321563825
"12172_3",0.18216932171644082
"10085_10",0.972801028568875
"8394_9",0.24453326725429153
"2607_10",0.9020506470749245
"6645_10",0.966389431503994
"301_10",0.99146571150782
"2153_10",0.9702492092627678
"1967_3",0.007404705423569385
"9604_10",0.988210468405542
"10665_10",0.5753696197191527
"5409_1",0.007772350223232103
"6707_10",0.9981424894630304
"3847_7",0.6422033456079628
"9261_10",0.9789859244833732
"3772_1",0.00016444131549444823
"8950_1",0.11094280949495612
"6591_2",0.024825756250375912
"2765_9",0.228184307107017
"4166_10",0.7111393419231069
"11418_3",0.04390652618153619
"7137_3",0.04433974069610157
"3710_2",0.0008902523335399704
"1153_4",0.6338104017475873
"4155_8",0.700560904498129
"9221_10",0.5684877973555078
"8917_10",0.9784625765613044
"6066_4",0.8545663723758613
"5366_10",0.995219858086938
"2520_9",0.8573916308735492
"11677_2",0.09845745476760731
"4032_2",0.0001665275468508089
"4041_2",0.0011199463249983626
"474_4",0.05208165042742975
"6392_2",0.03697627930625543
"6545_10",0.9871371309635909
"5009_10",0.7136554616376964
"3060_10",0.929950024392655
"11033_10",0.990647469931656
"297_10",0.9968653536691704
"9099_1",0.003890351741394298
"10496_10",0.9092720840725846
"5619_3",0.5938787721522669
"4226_1",0.022298576463627862
"10483_8",0.9790274177281708
"1966_9",0.992014889447724
"4024_2",0.008530834360277486
"6448_9",0.9849035838545774
"4252_1",0.0011142260204635443
"250_10",0.9140499104423226
"10753_3",0.24915882681711754
"1005_7",0.5179409448379834
"4415_9",0.9743995724391273
"240_4",0.9744823113387814
"108_10",0.9675681000715806
"1393_1",0.45456280941063665
"4236_2",0.6857493431789422
"9208_2",0.04344584839687356
"7156_10",0.9751631438716583
"6490_1",0.013442497282913654
"3518_3",0.009479969283646994
"10308_1",0.0015482136358576897
"8706_2",0.17341250205675948
"8674_10",0.9680399469053135
"8240_10",0.9759300375924543
"11890_10",0.9868354385719696
"976_3",0.26970416723343016
"5025_8",0.9654203398542406
"10206_8",0.9896471112676433
"11921_3",0.13713584161442016
"8344_7",0.32543653574290443
"295_8",0.6628376767851445
"2121_1",0.034268692439712645
"6978_8",0.9602566232597859
"707_3",0.023835185899680516
"751_1",0.0027024903487789104
"1931_10",0.9943507641535427
"7197_10",0.9447140423551148
"11032_3",0.003009347114149369
"416_10",0.7200671599931767
"1384_2",0.07422716193859462
"4114_2",0.18540992061053369
"9450_10",0.9879115879635056
"6877_7",0.9376430662163321
"5092_9",0.9848944067171643
"3402_9",0.7328952249644766
"9517_10",0.9894226129494903
"8566_2",0.00019160700059741925
"4493_1",0.0067544171526316915
"842_1",0.047846932330703106
"4926_1",0.04300776228089951
"3398_9",0.9982754556826204
"8857_10",0.8354702201146488
"3696_9",0.9864531932423667
"1952_1",0.186325148338295
"5516_3",0.5263785934209604
"3297_10",0.9367645444456622
"8396_2",0.023593871936013148
"1928_4",0.03772496278237838
"7216_10",0.9892743716195506
"1648_3",0.0043321509362792615
"9312_8",0.9587944259483199
"4392_2",0.02365274512000109
"4740_9",0.10344137672378731
"2985_4",0.0003254024670588244
"6407_10",0.6925966537877155
"4015_1",0.07104400207499141
"911_10",0.9727275319173264
"7898_1",0.0077552534869845995
"5241_10",0.9319865209662277
"4955_4",0.10003423861612278
"4199_1",0.006431424709183901
"8319_4",0.9677012311511296
"6340_1",0.07539176951666571
"2003_1",0.16405677947616418
"11213_3",0.2508263725958013
"5109_4",0.06769881680755406
"9400_1",0.3187309580582942
"10719_7",0.4989607933899958
"6848_8",0.9244282529865882
"11398_1",0.14728350693333853
"2606_7",0.7480594744668159
"5646_1",0.03309782983404428
"4103_10",0.573230930349797
"8906_9",0.9848428403787258
"6997_10",0.7313143970439082
"9990_1",0.04545753028687393
"6573_1",0.052729042843783436
"8530_10",0.3434944957349346
"8382_9",0.9398966773761679
"4207_2",0.7630717526381856
"8794_10",0.7944383694495638
"917_9",0.9882680160015764
"10739_9",0.9980391110823644
"4286_1",0.0058907245267233975
"1763_1",0.022476451326535158
"5173_10",0.1569842407247956
"1764_1",0.02938250222571107
"3614_3",0.24276652599790316
"3880_10",0.6161418027630695
"4059_1",0.09230366298803779
"8786_8",0.3658665390865737
"9553_2",0.2551896424585237
"10599_8",0.26149896661052263
"1048_4",0.3725290826691248
"8136_7",0.609689480800137
"8715_8",0.7870402480818206
"7667_7",0.637597767557536
"5647_2",0.0005224898221682917
"6267_1",0.009987949980497061
"12444_10",0.7001789307864164
"7390_10",0.6520429768878928
"7260_7",0.9696922312291641
"6170_10",0.9911226178649771
"2181_2",0.3985043085900762
"6196_7",0.8297387303278944
"12058_9",0.163956759235613
"8915_7",0.8070698166950765
"6816_10",0.9957380950243242
"730_9",0.9547586750675094
"5808_10",0.9739864372209893
"6256_2",0.0008400862888540717
"5157_4",0.16104232476092487
"7970_10",0.9696473488007804
"6991_7",0.9506559466775529
"7112_4",0.05591491471351878
"12136_4",0.35257675914456055
"1554_8",0.5937557196590114
"8289_4",0.23313083491540684
"12452_8",0.9617181099571521
"6181_8",0.8905675736965868
"6237_8",0.9566511066543727
"9724_10",0.9822477340179032
"7991_1",0.0034631961054660955
"8185_4",0.016137519640039857
"12162_1",0.01885806453743212
"8330_9",0.948391259627289
"84_3",0.003438529100102133
"4879_4",0.30971144092731634
"1173_7",0.9956032827120819
"11095_2",0.18356715128933732
"9934_8",0.9609708312218948
"10791_9",0.04599999173119751
"5260_10",0.9838388706059444
"3123_3",0.015059015504830861
"7500_1",0.010503605407668856
"9472_8",0.9442189551410549
"6349_9",0.6277681047877689
"8706_8",0.7224813658589799
"12385_4",0.04880412150653047
"12409_4",0.23803203102463183
"809_10",0.9631005963678017
"11380_2",0.3410573067377479
"4975_8",0.8822824696022594
"5069_3",0.09076126023630368
"8132_7",0.795777009986406
"5628_10",0.9968553210698708
"12329_8",0.8123778802237416
"8217_3",0.007031220922497864
"251_2",0.6747271871332116
"2901_7",0.7214129323872563
"4588_1",0.006848569674421891
"2647_10",0.9537240120163161
"6020_9",0.9858547312702793
"7171_3",0.0005092454815861293
"5880_10",0.9894498114921324
"4842_9",0.9966616478175586
"10657_10",0.9974470122412056
"11858_7",0.854106283241716
"4656_4",0.3835401956602286
"9293_10",0.8464110453400854
"10702_10",0.9981107481793714
"6277_10",0.9601965711026109
"7223_10",0.9629432175751009
"11150_8",0.8956152762808659
"4768_9",0.5128454403164507
"5703_8",0.9885856051662839
"9249_9",0.5229829611160708
"12051_10",0.987878734567797
"5740_4",0.032561822432309095
"4882_3",0.05130290188705902
"11575_10",0.9419813737294069
"385_1",0.04084657362992782
"1569_3",0.23973828117291185
"7449_1",0.022653963219274147
"1977_4",0.09267758496988097
"6134_7",0.5170129482302974
"2384_8",0.9986717968475407
"2437_10",0.9757896159056408
"643_7",0.984511309905164
"7334_10",0.958016502127174
"12228_9",0.9139540426575224
"8579_2",0.004508969618154685
"4093_4",0.0008182042609860275
"233_8",0.9711332019594892
"11852_7",0.7628413354461577
"11027_4",0.9763151194047827
"5409_7",0.9308817671200308
"9332_10",0.9822669188835718
"6530_9",0.33524627229693565
"7815_1",7.287135189095487e-05
"8317_10",0.9878045580573567
"5382_9",0.9614790270287131
"3183_3",0.9073883573819297
"4997_8",0.44829775569640684
"11553_7",0.9505069312870787
"718_3",0.01963724763110445
"7128_9",0.9333213099977851
"11977_1",0.06461321157778313
"10820_3",0.1482281720982991
"3539_9",0.9790677838843526
"2386_1",0.0029574640894467954
"9837_4",0.47822606421383007
"2941_1",0.10301272685673528
"6669_1",0.018846735254689766
"10927_1",0.3716672628162327
"57_10",0.987428585368902
"12252_2",0.26527838625612177
"8926_3",0.018065177001877607
"3044_2",0.17262060772244112
"9758_10",0.9914712807979201
"4584_10",0.9943750916507866
"1467_1",0.01563175428645811
"7846_9",0.9954231196936147
"1982_8",0.8350459843271508
"5705_1",0.0003327737262753366
"9754_7",0.9524471720179859
"9594_1",0.003612887219703831
"7405_10",0.9968365764969584
"8469_2",0.8616546525331515
"3713_10",0.9996876573338106
"3381_10",0.9055445445100543
"1913_10",0.4600749181462502
"9423_8",0.6800992658836053
"115_9",0.6809849609715094
"9784_10",0.3965060999531448
"1148_4",0.6043073819729111
"2911_10",0.951613728553206
"11328_9",0.9784448752348742
"5087_1",0.4164032177192815
"3983_10",0.21033145849025575
"5216_1",0.026442204649126277
"7961_10",0.9481731178457632
"10134_7",0.9792048893873215
"9379_2",0.03967458664354928
"4715_1",0.0008811963089496249
"6501_10",0.9944993396503181
"4146_4",0.021889755677287306
"12159_1",0.017754346507011395
"11661_10",0.8773731154682417
"7995_2",0.011225019006864546
"693_9",0.9828853461485273
"1411_10",0.9972529857101147
"7091_7",0.447620812825825
"2576_1",0.027240286440944703
"8207_1",0.00036207246925292565
"10877_10",0.9404583929578049
"5444_10",0.8248744751364434
"9409_1",0.0009601549781806161
"10020_1",0.11353460165136946
"2349_8",0.8683048229690274
"4942_10",0.9965908400702644
"2839_1",0.0005884426681629497
"9419_1",0.001017130688038149
"10661_1",0.11282083333556374
"5659_10",0.9739013095767077
"639_7",0.8572423818386623
"5946_7",0.6603947522713258
"7231_7",0.9873629364623698
"4220_4",0.74726882116393
"3698_4",0.6187361685710321
"1060_2",0.14966771515035507
"2398_3",0.12175352227783955
"11073_3",0.04817913975039984
"8336_2",0.00036368755479450094
"5975_3",0.31394863802954115
"4727_1",0.004574931608999758
"1596_8",0.9262958045541115
"5471_2",0.05140344548577399
"11204_10",0.9205790720915132
"8810_10",0.7173517415534416
"11125_3",0.01405340884175722
"9607_10",0.9707512447312461
"6517_3",0.02092897119210252
"10232_1",0.015826598545649093
"7708_10",0.9998057336213093
"1753_1",0.010401756157477297
"10946_7",0.8877575064239517
"668_4",0.04173051988770373
"3794_4",0.9979045919920176
"6867_1",0.895310842708139
"9428_7",0.8181652799785395
"12366_9",0.9977061242319721
"12056_9",0.8199884820699028
"901_1",0.0007285586070122128
"7714_8",0.7526076376580136
"6389_8",0.3624611805623429
"4148_7",0.5040051131463175
"5062_1",0.05705555826538512
"6835_1",0.46234777243171027
"2901_3",0.018902466719020815
"4724_10",0.9947194801197103
"764_2",0.579283403375696
"6729_1",0.0023422236868205415
"8284_4",0.04027619119084555
"11928_1",0.02150815314703326
"386_1",8.821154267390322e-05
"35_9",0.9812431704334211
"4458_4",0.10250171603394442
"9627_2",0.2582807850059158
"8112_9",0.9762141600375559
"6026_8",0.925023016188471
"12188_3",0.20144490749886024
"3477_3",0.049250654987426944
"12242_8",0.8329726873421273
"11594_4",0.03475835455340525
"11360_10",0.9931581733903877
"10299_1",4.198054966038807e-05
"3829_10",0.9760360488652229
"8324_2",0.004270969479255287
"1285_9",0.9623661805417212
"11370_10",0.9991576773847973
"8051_4",0.11192405349180337
"4420_10",0.9919059025897261
"3843_7",0.9961602132559854
"10520_2",0.09286348631114615
"12146_8",0.9624210129235441
"1502_10",0.8089588724441976
"6227_4",6.000402259778926e-05
"3191_10",0.6948158183357955
"4569_2",0.01555551075810195
"7647_8",0.4715443213813058
"6372_9",0.9922365919743799
"2105_2",0.019123298669116065
"4180_1",0.025495148148858848
"11212_10",0.6736602390675437
"1811_9",0.9928834582003792
"2868_3",0.007342230040309333
"3773_3",0.0035450953348057667
"8386_1",0.026483299221453552
"1072_8",0.8166263810925386
"10588_1",0.49578070229323074
"8858_1",0.00018242615632444025
"10831_1",0.45936290975708177
"11926_8",0.4219637621377725
"11521_10",0.9901580745602437
"4037_10",0.9735624750905072
"5119_7",0.960789770602732
"11438_9",0.9996286416075822
"8275_2",0.026259975476661368
"4879_8",0.9637156746107837
"4520_10",0.9772651472461232
"2510_7",0.9018221902820999
"510_2",0.21200222614653416
"1283_1",0.0009154074385888193
"3733_8",0.8998666410370565
"7708_1",0.05610764815643729
"12219_1",0.10618224989495335
"11654_4",0.6423494853239549
"3229_7",0.943985725426515
"3579_8",0.9854807203629041
"1534_4",0.0029428700994180287
"7498_10",0.9735796700303708
"11392_10",0.9621814056369202
"2949_1",0.06391215138757422
"407_7",0.712735612923668
"12388_3",0.023776246189927835
"7779_3",0.06010582273936081
"12409_10",0.9657745860604509
"199_8",0.8189685969367613
"9330_1",0.1892700161255362
"6196_2",0.25393913401086693
"1576_2",0.13868476715061573
"12123_4",0.10771321710828706
"871_1",0.1286448600666235
"867_9",0.8260632723502762
"12186_1",0.004965925752992527
"11357_1",0.0003370371915619828
"9327_4",0.0027952006299091824
"3092_8",0.5821629481034947
"6097_1",0.4175768870938681
"4170_4",0.06841201584673384
"3724_3",0.37349895222747637
"4219_1",0.7207201533398869
"12233_10",0.9902824442364202
"12050_9",0.872188204847382
"124_10",0.9902867028477819
"9521_9",0.8118195842159308
"7991_10",0.999632338493858
"12284_1",0.010942778975419164
"8452_10",0.993874237002133
"986_3",0.1823499582942708
"8504_8",0.7190499067484262
"9427_7",0.9939093535121195
"2359_3",0.15848497825357508
"7026_10",0.9535486381003607
"8726_8",0.5692147579975423
"4971_1",0.0042833831669871454
"2990_1",0.01800029508356843
"5285_2",0.12690188101345956
"9953_10",0.7593516180436685
"2170_8",0.8460527969333266
"10963_8",0.625580187891335
"9176_8",0.9778341141143125
"9639_7",0.9360922454370855
"1781_1",0.003709487355067385
"1293_10",0.9767967883311554
"10225_10",0.8341382822665251
"3821_1",0.03736877886109075
"1206_10",0.9567997746775304
"5513_1",0.09686386892456623
"12475_2",0.10064783868146547
"11508_9",0.9753192394621262
"6358_4",0.09477013893422954
"9646_1",0.0007844479365308091
"7957_9",0.7528898574875881
"5183_9",0.9519345422994877
"8322_10",0.9702374942063086
"4171_1",0.9700120599596399
"6498_2",0.015300432854606454
"11893_1",0.16024113517477964
"8209_10",0.8439674027064328
"4866_3",0.07362015623039048
"1077_3",0.2779223315153468
"10916_7",0.5928016147896973
"6027_4",0.8261435422772369
"9308_7",0.9557140990351285
"7130_1",0.0001166982796195877
"3326_4",0.00828001669349234
"6680_3",0.07040983560537332
"1707_8",0.8157114993211634
"5106_1",0.009138289574011494
"1408_10",0.8970152453532875
"6773_8",0.9880476470473125
"940_3",0.24908760416106926
"10890_10",0.9779094793686499
"3678_10",0.8359575718699748
"6871_9",0.960241135629432
"10196_8",0.9810254682626075
"12369_1",0.04003726652139211
"4070_10",0.9558032730441316
"11755_7",0.9353178520807283
"9095_3",0.6475356573338886
"10863_1",0.03348192770763089
"7109_7",0.7176126902674898
"1844_3",0.08083695594057141
"8228_2",0.09093771888623636
"9631_4",0.2601180360043805
"3920_4",0.158614412481872
"19_1",0.0003773692842156811
"3929_2",0.07980394046614205
"1506_2",0.00567750401294489
"6877_3",0.03356103911631538
"12154_7",0.430746623263152
"6572_3",0.23247139076734522
"1557_2",0.0005373484882612686
"11836_7",0.47824423648069186
"9380_9",0.6318949552754435
"11725_4",0.1446883840512921
"6317_9",0.9387780429404123
"5022_1",0.038795435167877486
"132_1",7.579898310470022e-05
"9303_8",0.836833297755058
"4739_10",0.8435874674948965
"11228_10",0.9984199854144954
"7913_1",0.47397045950155064
"1304_3",0.007260733930360868
"2725_10",0.9844102508385318
"8484_2",0.011322641466959703
"1866_9",0.9887372036883775
"12446_9",0.9447890159141722
"11406_1",0.007630377096470556
"7056_4",0.7983744590397213
"8615_10",0.9696122063880449
"12284_10",0.5611205750184265
"3279_9",0.997133991373255
"9243_1",0.18415578511416994
"11_8",0.35526936564369266
"427_10",0.9664963462148997
"5446_7",0.8202834771676254
"846_7",0.6680843166003692
"2545_4",0.8329936643617551
"8635_10",0.9955391051497839
"4410_8",0.9944583920614839
"875_10",0.9880756214042823
"392_2",0.024378786045787602
"8819_3",5.484811498057082e-05
"12202_1",0.1265350474895292
"1370_4",0.8467652812840288
"340_2",0.007868469477714638
"179_1",0.37436486090830456
"11332_8",0.9762137567013299
"10396_4",0.7646830483718305
"8321_1",0.05624409901111592
"6384_3",0.0437431624750741
"5951_9",0.8190257130154759
"8137_1",0.004305669781830945
"12009_10",0.8544575273107621
"2103_8",0.9974850022796494
"11153_2",0.006219214720335655
"4945_10",0.40515036798760157
"3193_3",0.02768710503497506
"921_9",0.9914978566543099
"10446_10",0.9854998679600752
"9961_9",0.9720780350786552
"11420_4",0.00708619816275106
"6954_2",0.003056367516852866
"8430_2",0.43374373170926556
"6749_3",0.5317902126919489
"5997_7",0.8884833107818838
"7611_7",0.39608282481785245
"6292_8",0.9617891137257683
"11314_1",0.016420647484908114
"5143_2",0.010848892546766343
"9517_2",0.05691193706608429
"8259_2",0.0006823377161461527
"5114_8",0.9893355304497294
"3574_9",0.975628518886419
"11464_3",0.12123552065719041
"11457_10",0.9651894582194724
"2496_3",0.007846900773775164
"6795_1",0.08545788134208007
"1904_2",0.021954981702422913
"11524_2",0.018504997766509483
"8223_1",0.053726568140211456
"5566_3",0.013175557059536186
"3550_7",0.9370794593970316
"6059_10",0.6119302242621373
"4580_10",0.8322573758032397
"177_1",0.01963375806966184
"8790_8",0.9099268077079832
"7784_1",0.0017428612669421154
"11892_1",0.04074233250492544
"6235_10",0.3373473527354755
"6493_4",0.002862072540491007
"764_8",0.9979794211212147
"4052_7",0.1784591916324181
"1663_1",0.00943985892789076
"10437_1",0.1920621412353243
"1009_3",0.15486944141828726
"11664_4",0.005912588165492026
"8909_10",0.5249705972233358
"9200_3",0.7072928007889375
"7919_9",0.551250340441682
"8603_1",0.004830346508433085
"6976_2",0.3999969132208434
"4261_1",0.0002488045506812063
"6636_1",0.1908288262063649
"10707_9",0.9989314941639534
"1155_7",0.9961922004144427
"7050_4",0.7242191073534218
"1360_3",0.03493870480279906
"8176_7",0.804777218138576
"3301_8",0.9477821236005212
"6684_3",0.006303999477890877
"2742_3",0.0958750329573592
"7159_4",0.09891220585470992
"8944_3",0.003980043501493053
"2077_4",0.06052585660703575
"7145_10",0.8908893358681846
"6216_7",0.8327562586186991
"8606_9",0.9756691070714724
"10608_10",0.8248383113133032
"8441_4",0.06315561293378029
"1782_8",0.9600890573408271
"10939_8",0.5973545361828292
"2702_7",0.9976591444289196
"9210_1",0.00589689802066988
"9075_8",0.981679252357009
"3412_3",0.012186668939708989
"2859_8",0.9075680155826447
"6326_4",0.030831193097503266
"94_2",0.016692610432060093
"3691_10",0.9379283122668375
"2679_9",0.9842958750157714
"1568_4",0.489044266696463
"3540_9",0.814560654417478
"3710_10",0.9706161009326486
"5691_1",0.00465267913099876
"9699_10",0.9296923738967802
"9207_4",0.0754140965463755
"286_1",0.05840769078972466
"10891_1",0.00011679708083136127
"6177_8",0.8976104152928566
"9817_2",0.16672580645617957
"8871_9",0.904503261532475
"290_1",0.0005160866148200563
"8388_9",0.9518987204825751
"9195_7",0.9795863255207676
"1164_9",0.982765993892167
"2332_8",0.7687162723568854
"5406_7",0.9296075456858544
"2476_3",0.36075978351679844
"11381_3",0.11211799281652897
"6518_10",0.38106381709940157
"3474_1",0.08582224332091101
"603_8",0.9964414533913436
"5448_4",0.05858003971221737
"3624_8",0.5515974250726821
"11569_1",0.07993717600490927
"9353_8",0.9838507809983383
"3119_2",0.48529345116840455
"382_4",0.014493892412770097
"8569_8",0.8292344210780916
"2312_10",0.999301314283131
"7531_1",0.0021826085385585566
"7150_4",0.9875897533169791
"5496_8",0.9907958639631191
"1979_1",0.007438510675847288
"4158_2",0.006491618654340083
"4790_7",0.5708621182430493
"11971_1",0.004803775064284835
"197_10",0.9909978303232322
"3453_8",0.9178027906383839
"915_4",0.12443987663494027
"6991_2",0.06000688755528807
"7524_9",0.8747370101520975
"7474_4",0.052401795483870646
"284_2",0.0003900821990955327
"12483_7",0.9155241385230881
"1141_10",0.9929892794022591
"7739_1",0.12035159280742394
"6488_3",0.02887932097817497
"3117_1",0.44248862539359984
"6224_8",0.9521337246203417
"9737_4",0.34656450003341766
"2399_10",0.9987486243504807
"1044_8",0.9652370461266679
"1153_8",0.3382870549339545
"11664_9",0.9397026397832954
"10015_4",0.41542621140927943
"7622_1",0.34233486401730656
"8743_10",0.9979717918278559
"356_3",0.15767623118397758
"838_7",0.8562706484085626
"4922_10",0.9168581118824249
"3623_10",0.7398415128076365
"9424_1",0.22311995167076867
"8473_4",0.8960663167552423
"9996_10",0.9980221204187589
"11242_2",0.44758465890877625
"11889_10",0.9242013038790249
"11131_10",0.9814673281749381
"386_10",0.8760198920934713
"6534_8",0.995754141353707
"11420_7",0.10288059326781204
"3119_9",0.9825185097406949
"2708_2",0.10674995761248485
"2817_10",0.9195134678123132
"9425_7",0.9881424718702795
"11019_2",0.15212958451901026
"1747_1",0.3879319534970098
"4493_9",0.6712728974563408
"4728_1",0.08088493667185036
"6856_2",6.179691109152218e-05
"10273_1",0.4396088173518895
"4822_8",0.6595079357029927
"10475_10",0.9674933783507669
"2678_3",0.0321279374718067
"9979_8",0.9748186125324768
"8090_1",0.00038770720543075915
"10022_4",0.010103789425379131
"5137_1",0.00503570720006885
"6787_10",0.9497892795545295
"4027_9",0.9956299352499607
"208_10",0.925251749350108
"569_7",0.9814532385542187
"761_10",0.9741006024468807
"2603_9",0.6777173130292468
"11692_9",0.986789383241019
"4374_2",0.054427218527300925
"5581_10",0.8711630945175471
"10601_1",0.2979828729084227
"637_3",0.0012867526046832008
"10238_2",0.3768407421810115
"6717_1",0.01863771953601854
"9145_10",0.7657325816934416
"1047_4",0.38239886852839355
"6173_1",3.3828434680793356e-05
"985_10",0.9303951531831861
"4964_1",0.024093310886941867
"7104_1",0.0012822445647965501
"6293_3",0.6224555449803311
"9060_3",0.05626566080352115
"1894_4",0.7677446714324434
"4650_10",0.9864075448905886
"12475_8",0.8151966659872357
"7563_9",0.9998641536789704
"10996_9",0.9971825257601324
"8315_4",0.021719843122368587
"710_3",0.0032376404613086085
"3856_7",0.975376273202987
"10613_8",0.8084661029749091
"12141_9",0.9930592252751089
"4666_1",0.0015907591613614168
"292_3",0.038075367795202986
"3316_7",0.9594972353314764
"10482_4",0.021030469868501243
"9703_1",0.4865639817545307
"6905_9",0.9952234563627473
"9138_10",0.9976124433960578
"10417_2",0.0046492557598199705
"7977_1",0.0019186682102174466
"9350_8",0.7021035359937929
"4514_10",0.9837544628350975
"3964_4",0.5907028880730194
"6014_4",0.6973467120477999
"10198_2",0.06701616391798179
"9059_1",0.014363972647910239
"11254_10",0.3107700405019718
"2032_7",0.9776510457935936
"6895_7",0.45232742241519375
"6921_2",0.008863731893857689
"9174_8",0.9900536541177619
"367_8",0.7844628736429268
"11410_7",0.0016955291095668934
"9387_7",0.6766602449387918
"2227_10",0.9828930202558469
"334_2",0.003719954671448904
"334_9",0.49434256733941834
"10893_8",0.9868923027518611
"9414_10",0.957196713510536
"9725_1",0.0003410346036176268
"10779_9",0.8297476363950238
"8654_8",0.7376828487021697
"9032_7",0.9884093989782462
"9775_4",0.034043423979347606
"7687_1",0.015851866888210206
"12206_4",0.30601435023837875
"7720_8",0.9589052417815624
"6774_9",0.9290005212972273
"12469_1",0.010169860082612728
"7249_2",0.01218492678185966
"5146_3",0.22429959580437986
"8629_7",0.32517513467340914
"5292_3",0.9953656761142418
"8937_7",0.9979642483304576
"9221_4",0.724392399646299
"3203_8",0.5605623101011354
"6964_2",0.5405627344392658
"6120_8",0.9385969152054627
"6962_9",0.8400842513365556
"4139_1",0.0004674993210565017
"3957_4",0.0008793431121544715
"9305_3",0.12091603773492951
"6863_1",0.08007892906904505
"2164_4",0.31829851090952127
"12378_7",0.41543835783186167
"10834_10",0.9998547862169439
"633_10",0.765119986540148
"10071_8",0.9780123177214256
"8167_1",0.00025743669170368835
"4232_9",0.9646962987678258
"6710_8",0.8513803876354309
"6055_1",0.1965409156245156
"8169_8",0.9902569697278846
"10291_9",0.9696677210186326
"8149_10",0.9797110973669351
"2499_10",0.9982359581295476
"4370_2",0.008771909144811645
"4031_1",0.0005511488414356308
"11372_3",0.37036234191951517
"9619_1",0.2685905892901407
"8822_4",0.05824590520301614
"7096_10",0.9894368772298616
"7009_10",0.8751936090499882
"2442_10",0.9889605803323682
"442_10",0.9975013247039325
"4783_1",0.11945253056678733
"11837_9",0.3682207133064713
"5214_8",0.98251581335844
"134_8",0.9959178418631469
"10948_1",0.0007011407685268495
"3011_7",0.9979000367252564
"4339_4",0.07949375436592925
"9638_3",0.8345143065895972
"7186_7",0.893654965730459
"7702_2",0.020014419702379185
"6586_8",0.8873681077524638
"2420_8",0.9560035765891918
"1911_8",0.2523286309703387
"4707_4",0.27187695654820115
"3954_10",0.3978029897669543
"12071_3",0.5869711439224651
"10010_9",0.936608665737747
"8844_2",0.12823302363027658
"12312_1",0.15634571350306278
"4874_1",0.058481778012466054
"7270_7",0.9158789099206524
"3497_1",0.0036589004885567915
"9928_3",0.5947667956375629
"11109_1",0.012828004426952899
"9016_8",0.7887534629071988
"1125_10",0.9799394867677957
"9695_8",0.9571749598156282
"5756_9",0.05580380969158533
"11452_2",0.1867476032199839
"8488_4",0.0021747083009649388
"9825_2",0.48660415825528736
"7054_7",0.3302847115859415
"4359_10",0.9856413850332475
"11411_8",0.45515683350531166
"9618_8",0.8938703692379149
"12226_4",0.9373383348103017
"7752_10",0.9755603350901153
"9274_3",0.5042586667900307
"12069_10",0.9881530163314368
"4591_2",0.04619746443923864
"6065_8",0.9876334144465874
"2344_10",0.46384625156722714
"10299_10",0.9974588973250111
"8934_9",0.6711372057755871
"5041_8",0.9742154911723001
"3885_7",0.3305174986715363
"3994_8",0.9319675703487159
"11907_9",0.9993563875389724
"10181_10",0.7946832778569474
"2714_9",0.6161790960720556
"1571_8",0.6643912259079663
"6621_4",0.04081453953715005
"1062_2",0.4886184239316287
"379_10",0.9954017196273051
"62_8",0.953919445587384
"1926_8",0.983129728304071
"3428_7",0.32622726819881914
"2175_8",0.9938821541500614
"2006_10",0.9964524638684141
"8633_7",0.25108580725651536
"12158_2",0.00030515870910401794
"11572_8",0.9874642538098212
"8859_10",0.9907935697335667
"10919_2",0.0007242002959663235
"4131_3",0.27852757919167037
"6893_1",0.05692151981043023
"9217_1",0.00012722787839640064
"1893_2",0.11674277117195307
"1719_2",0.005863031357175434
"5107_4",0.021035407502790177
"2284_3",0.36638292475884887
"1430_10",0.9303682705257063
"5207_10",0.9053160190001192
"2800_8",0.9572787775540847
"7550_1",0.5426827903147549
"9035_9",0.7676923407189729
"11548_10",0.99943443261878
"6037_4",0.11918739473599485
"518_4",0.07823394385608645
"12237_2",0.2994650960964199
"10266_7",0.9813359838951111
"12032_1",0.0005201550180455877
"2494_4",0.0007920626893794619
"8062_3",0.052908407647234486
"4665_1",0.008069738573110692
"6082_8",0.9987316407657308
"7225_4",0.010730150999163659
"9080_1",0.06707485593539024
"9606_4",0.32313705934260467
"494_2",0.28665049844403756
"6274_10",0.8980324407174476
"4170_9",0.6298330569357405
"9218_10",0.5756485153448072
"10377_8",0.9347506328707058
"10597_10",0.9971196952318585
"958_4",0.07442483170346369
"9958_4",0.5759412299458453
"129_9",0.9848200542560955
"2804_9",0.9863295029782055
"8935_1",0.010684359878148376
"12229_3",0.16984559221755496
"5048_4",0.028164183055227807
"6509_4",0.04565929233908331
"1812_8",0.28120916569857757
"5695_1",0.5775646254129151
"2021_10",0.8682319048382635
"9892_2",0.06829419422334704
"9239_10",0.6750815589578215
"5398_2",0.2050900956478244
"4458_7",0.2321551902291362
"11730_8",0.9812215775383424
"9853_1",0.004812061249724012
"2258_10",0.9961981220466665
"9345_10",0.9967369364733137
"64_3",0.18177670767416546
"10423_9",0.9876631055545568
"2220_9",0.8848686330117081
"192_10",0.9990957438648069
"12143_9",0.9048654822149003
"2113_7",0.9818112715088083
"5294_10",0.9954586171443761
"7025_9",0.9919207393594801
"6300_3",0.5745650705376769
"8043_2",0.00023093220101352214
"6628_1",0.08840220846226257
"12138_3",0.02076685108576848
"1333_7",0.7345622161472718
"10515_3",0.0025404974982868233
"11949_9",0.9713889408179468
"2854_1",0.030466880416425677
"142_8",0.9832692586616308
"3706_1",0.00011320304228159573
"6149_10",0.8350475880130785
"8429_3",0.04986851433867302
"6151_10",0.9985127937380754
"4861_8",0.9384302201815836
"8764_9",0.4185054211753639
"540_1",0.22169112963143764
"10693_1",0.04764618286149177
"2346_4",0.1145476890721586
"1532_4",0.33033882840544393
"1099_2",0.015562799289266576
"3818_10",0.8627477455225321
"2617_10",0.6286496707251453
"1709_1",0.011260354935381574
"4649_10",0.8394879700737736
"4085_10",0.9879082338874505
"4478_9",0.9833008524162473
"1032_10",0.9216132122699058
"3642_7",0.8879052246217903
"5656_8",0.9530847091494224
"11916_3",0.3711735263312234
"6672_10",0.9842776602273311
"4225_7",0.621471425714395
"996_3",0.020647403098495366
"7421_10",0.9968933490253614
"9431_7",0.6728008096691427
"11121_9",0.9948550187521161
"5054_8",0.9400356949035534
"9187_8",0.9756485488180522
"9096_7",0.9404464825356209
"10318_8",0.9501239555966359
"5348_2",0.5831196941388438
"6666_8",0.961813210746351
"6648_9",0.09827438577301885
"1405_10",0.8556494414450058
"8981_4",0.2973376518514113
"10248_9",0.8904145233479696
"4101_8",0.9565083793429919
"3076_4",0.07158198468141078
"1598_1",0.012440831714605978
"8430_10",0.814513375908256
"9999_1",0.31021525643867465
"805_1",0.011322772558665753
"7821_7",0.9947591999029789
"10849_10",0.9528769203180378
"8400_7",0.3658683774150731
"4807_4",0.028876754235388057
"8353_4",0.6220410389547351
"10445_10",0.9172286540570727
"7058_2",0.13423995979898098
"9715_2",0.11409127907551064
"10934_3",0.006575165105710409
"8215_10",0.953410743655738
"7268_10",0.6805957471858993
"5521_8",0.7971867881625496
"8565_1",0.0005400544397591075
"8197_3",0.0034733176240277297
"12004_9",0.9790589582611283
"10257_3",0.056054502160656425
"6260_2",0.06302003439954872
"10481_9",0.9956321699026601
"7598_2",0.008379265086884706
"8106_10",0.5250802006546391
"8049_3",0.28530264216017553
"7124_2",0.29679606262030767
"3858_1",0.003632141803947329
"1445_9",0.9941948518186257
"6346_1",0.01969039906805458
"678_7",0.3828283730812465
"10247_1",0.33335092259922927
"1287_8",0.7114329514449121
"11873_1",0.01142729031565664
"7198_1",0.0432198946729489
"3237_7",0.5118682554532599
"2029_8",0.8688532241619501
"26_10",0.9799415284752195
"9153_1",0.0008359495257914897
"12004_2",0.4992957289252739
"4105_10",0.9823978697241633
"1168_10",0.9412002818878047
"5312_4",0.14368022933145622
"2907_1",0.01700337758078996
"7247_9",0.9385919338800748
"107_10",0.8618372133784901
"412_2",0.4529087285314199
"2078_4",0.06324407563663718
"7997_9",0.9057147334189495
"12397_10",0.6121115033513761
"10052_7",0.9161183645828256
"6559_7",0.4790662404095215
"12143_4",0.16597442090519962
"3496_7",0.7794906629475142
"3569_10",0.9561103593195663
"9270_10",0.49133862650418797
"2811_3",0.9808317470981536
"9673_7",0.1615143990275724
"325_1",0.03563452923937528
"11741_3",0.05392209649150422
"10562_7",0.8008811657570911
"5687_9",0.8926444036073179
"4601_4",0.6120292227818789
"5698_8",0.35044267199811546
"11257_4",0.03633254973624691
"4391_1",0.028172953534465143
"4703_10",0.9958083268478589
"12191_3",0.001915754028738882
"113_8",0.6282756765101095
"9831_1",0.03760987392797284
"7388_7",0.9930333461987654
"1661_10",0.9649286078167283
"3703_2",0.007791925206338945
"6077_2",0.7813801807330408
"935_4",0.23573790893628166
"7617_7",0.9543212939017617
"7387_3",0.026720630517751413
"7889_7",0.7505357724374307
"803_3",0.03987458949493705
"9557_9",0.9821327303297711
"4299_10",0.9859855721131912
"6785_3",0.1263312386569418
"5185_7",0.9909550225722117
"9590_1",0.4467120321945141
"10811_9",0.9910004951360184
"34_1",0.00042497196059550245
"12221_2",0.0032008910579484073
"6436_10",0.9885228617303933
"8299_2",0.06007659412284684
"7242_9",0.9991349516514108
"3247_10",0.7144211443965827
"8466_3",0.004703106344175711
"5784_9",0.72739255135702
"794_7",0.9983731748655121
"4986_3",0.040431669918382894
"7786_7",0.9887494285929469
"9324_10",0.9233356629874261
"2095_9",0.9454850471847984
"10798_1",0.00012801918345736813
"4193_1",0.12905938052766586
"12063_10",0.9897585012034017
"3976_7",0.8159966293492794
"8657_1",0.006677409896359017
"2850_4",0.09004078030760504
"4522_7",0.9749299433670854
"6028_1",0.3307615345385469
"6000_4",0.10465757445055864
"8712_1",0.03499862595852025
"3969_8",0.4049355588170763
"4245_4",0.19331823556896643
"3873_7",0.17496937135141255
"68_9",0.99549222256887
"890_9",0.9622810904707643
"5922_1",0.005255044897479289
"2582_2",0.024752145082135385
"5704_4",0.23325202610487808
"9307_8",0.5935108642998476
"4114_8",0.9642169980760213
"5540_7",0.975452672679706
"157_10",0.9798819534873571
"748_1",0.05397480601279737
"7045_1",0.026515876429491346
"9526_3",0.13135170098930113
"6519_2",0.013023248405772113
"11254_4",0.5981833648271059
"9498_1",0.005515157225298146
"7192_8",0.9581676451197991
"2388_1",0.004739292622042647
"12002_8",0.8152744518878393
"8394_1",0.004676009417902136
"10656_8",0.6319106667347875
"7261_9",0.9912422029462294
"10434_8",0.9981778858235698
"139_9",0.6605243659013396
"4538_1",0.004438627519810331
"4038_2",4.077321836424709e-05
"12228_4",0.14541652504808064
"3619_8",0.9975049797033994
"10411_3",0.012639953947086916
"7278_1",0.007768437130139656
"2304_3",0.019594513889867448
"5636_3",0.07870927851585639
"8833_9",0.9323951737744507
"504_1",0.05232233845963122
"12313_1",0.0037928717050235237
"11161_1",0.011124496690843925
"72_4",0.11614750415905174
"4976_1",0.09262990027095108
"10018_8",0.40528007686927014
"12142_8",0.9882696736096125
"4821_8",0.7043507641615144
"9058_2",0.030206724827843645
"6347_1",0.005531643150883167
"3346_8",0.8774713706153512
"1481_10",0.7931713145688944
"10178_1",0.05541512160745915
"2851_8",0.9813631294361708
"12095_3",0.0013902344771080442
"11978_3",0.16019849158223465
"7172_9",0.9734962574815338
"8450_1",0.00797429500607947
"7464_1",0.24969149826171835
"12327_1",0.22999004894239955
"5622_4",0.11084145723799098
"9170_3",0.10399345572782726
"10955_10",0.25743153871126434
"6161_2",0.17881815246954358
"11222_10",0.9577766888312822
"3844_7",0.9434737312878677
"11443_3",0.19584625941719244
"4004_7",0.8238177699756618
"11015_10",0.9889063585678615
"3860_1",0.06599945288341899
"11600_2",0.24221912652026828
"6849_8",0.2943709185028699
"1966_1",0.043443960751561886
"4828_8",0.04183737236753203
"675_8",0.9217004990126484
"9068_7",0.5338286299170034
"5924_8",0.9817625788594432
"10733_10",0.8626786327145427
"8369_7",0.9635414664505089
"5213_4",0.23231482045225918
"2558_4",0.03759606747950063
"47_10",0.9839402270831025
"2601_10",0.55411623139453
"7360_9",0.9329290282830153
"1289_1",0.1409060142440432
"9875_4",0.03838948655758296
"2449_1",0.04692154034756028
"10020_8",0.9523999816121509
"6761_3",0.9739388053024364
"7544_10",0.9758625582484788
"4380_3",0.004305140098741032
"3946_10",0.8060237525293587
"6968_10",0.7436660395690884
"3006_2",0.08667999725636034
"11942_1",5.7521483853306034e-05
"2715_9",0.9213346550632375
"6065_4",0.911090119283351
"6866_1",0.8187436055065234
"6620_10",0.9912094143351701
"3177_1",0.001573993773564712
"4051_10",0.3332187197400015
"880_3",0.004490124161593888
"6504_1",0.19852305353643324
"12193_3",0.0039439388118687
"8570_3",0.06402452717532227
"8025_1",0.00670055468342508
"12316_1",0.001964900763828454
"10842_10",0.9994610257659733
"2066_10",0.9933259456070577
"4416_10",0.5393442983331045
"5327_1",0.018052218364303343
"3500_1",0.01610558147987514
"4072_7",0.9742288607554427
"5833_7",0.9257381513388444
"2989_8",0.8276376787193134
"1905_8",0.8821085357300922
"5421_1",0.0019448947987635828
"1479_8",0.5891579805093522
"5092_1",0.01305390727576933
"4840_1",0.6802550274614332
"54_10",0.8110394608752115
"9203_9",0.11354545542264663
"3949_2",0.00021568007645520084
"3615_1",0.0003443554887705388
"8748_10",0.877544469316001
"108_2",0.05600012885457075
"2280_4",0.5165527625823079
"6454_3",0.3262595798316661
"4071_1",0.001026665083985303
"2022_9",0.7251147984051319
"2600_1",0.017549437658535772
"2482_10",0.9741786405214068
"7347_9",0.9951946460253576
"7190_4",0.23056764834533314
"7174_7",0.9163219631298423
"5823_3",0.028455061988331472
"8051_10",0.8571782679663885
"7503_2",0.03857361010033483
"2341_1",0.04358821264847456
"516_9",0.9804603631289148
"8309_4",0.014875562015267471
"10789_4",0.25688177491670217
"11286_1",0.0025938053003737005
"4770_1",0.014977742753584397
"7262_4",0.20614800444190934
"11636_9",0.05912789933209711
"2340_1",0.026506642802953513
"3407_3",0.0005691107146470162
"2922_9",0.9549393097451387
"9708_2",0.0006443532080912342
"2362_3",0.013406539099118488
"3729_8",0.443637206159993
"2265_9",0.9996930452690068
"1439_1",0.0003918403036419243
"8020_2",0.033617365354774754
"5581_2",0.07964455768867618
"6503_1",0.15806221559442749
"10101_9",0.8735710298211684
"7853_8",0.7707501244613381
"6229_1",0.00035753528366780504
"1351_7",0.6417732177287315
"2764_10",0.8678706099612116
"4617_10",0.5329556059071224
"1265_2",0.1977643620333187
"11424_4",0.5299928447371769
"219_8",0.9025057595078844
"2241_10",0.9189814452851119
"8400_2",0.03151422084535343
"4399_1",0.014434052483420258
"9110_4",0.3767932325280455
"294_1",0.7061353477046951
"4646_4",0.009981789510267144
"8267_3",0.10983334420542738
"8829_4",0.20304106848191927
"3174_7",0.7562787847189961
"6557_4",0.1640161493641851
"8286_4",0.46519493785954513
"2611_8",0.8691621229337932
"3422_4",0.1421874356884333
"4632_4",0.08644591541022559
"6448_4",0.08656742063397906
"11485_3",0.711338526889803
"8526_7",0.8434345664152687
"10172_9",0.7641688949510258
"5043_2",0.25050262097049625
"7865_1",0.264340532839886
"6343_8",0.8760188654925078
"9225_9",0.9977879545478323
"2764_4",0.1557866209118809
"8446_10",0.11133576507422063
"3329_9",0.9825111361649814
"9142_8",0.8827631025887364
"9567_1",0.0003327737262753366
"7933_8",0.9692108262895937
"5655_10",0.7345269788346135
"12076_10",0.999259855302668
"6455_7",0.9766312062566666
"7202_10",0.744792930039209
"7747_10",0.9960455137354802
"9072_10",0.6037944344747035
"11374_10",0.9779663632187291
"3032_9",0.9163056656411878
"3065_10",0.9555864894557564
"1216_10",0.9504485522700964
"732_8",0.9088480422536493
"7586_4",0.0009759800872620455
"12012_10",0.9519654140167311
"5280_4",0.05621029211252937
"2687_4",0.3859360656836543
"7659_3",0.0707421096722383
"2813_4",0.23957538608252593
"6992_9",0.9835655383678183
"5468_10",0.9939933852015208
"10035_1",0.017676934481850492
"10283_10",0.7678012434970437
"5439_8",0.5429623027498977
"8930_2",0.003441060049190451
"8681_7",0.20248728386081263
"8521_1",0.00016307632757800507
"4213_1",0.6170114286170013
"9751_1",0.0004024259274156317
"935_10",0.9941663424994617
"5082_1",0.001207678983014244
"1802_1",0.004145291845749372
"11455_10",0.9867923722665352
"1794_9",0.765966652256796
"3708_10",0.9927141321258635
"6174_8",0.9207156221224227
"2210_8",0.6642621193237113
"6259_7",0.18029473196862644
"12471_8",0.9835240620324576
"3260_10",0.9979747542224441
"4717_1",0.005176209858286055
"8673_2",0.014385816262933355
"6362_3",0.16085373912980067
"7986_1",0.01851267950131831
"10555_3",0.16878652420875576
"10468_2",0.040368674281251585
"5354_10",0.9905888211332284
"5760_2",0.052467181072276305
"1380_2",0.06700802286937171
"12054_9",0.950348949599207
"3794_10",0.7658309130609369
"7842_1",0.09683762205571791
"2236_7",0.9880239294324265
"8449_1",0.003938141772497706
"9993_2",0.03477598757464698
"6947_1",0.023837195297587765
"11369_10",0.9237506810337857
"8186_4",0.44892533079892816
"7017_2",0.5830532405691733
"725_8",0.9942905844972799
"9298_8",0.956078117318221
"1695_7",0.9988125062378004
"7762_1",0.5670851004344681
"3466_10",0.9933986847963513
"1794_4",0.02340140900067438
"3804_10",0.6636240390759858
"7642_3",0.7138954637508057
"9538_10",0.17111181935280925
"10107_2",0.0042811898092397225
"4755_8",0.8873920557190962
"9679_1",0.00029175629083506735
"11300_1",0.0012572834119075529
"8747_3",0.12780972141621055
"4145_1",6.128251618156304e-05
"8066_7",0.8075695906103754
"6306_10",0.9140142403127062
"6021_10",0.9920454540392161
"4860_10",0.9584661849551183
"4608_2",0.005547055090751711
"2380_1",0.017833044070730202
"9709_8",0.961593723686795
"8057_4",0.648046907600101
"8624_1",0.0006307572866422491
"6117_10",0.9989026920403489
"3641_9",0.6397386652608257
"8710_3",0.8660638586035496
"9158_10",0.9829997731870208
"1129_2",0.059919213041185554
"8320_4",0.0679805575229058
"10219_4",0.013210202318701634
"6625_1",0.1604914255359046
"1988_1",0.03246116157204164
"5032_1",0.00973199276836859
"1042_7",0.2525355055046721
"1895_4",0.11297138869652297
"10057_1",0.02078373454245704
"9898_10",0.9997727628361783
"3809_2",0.01804954523923242
"7994_2",0.009538384251248588
"2751_4",0.24535522996407833
"3102_1",0.06046681599244655
"12393_7",0.9281324707777681
"4521_7",0.6314394115362686
"11169_8",0.9941100557835091
"7227_4",0.9836160632357747
"4956_9",0.05434596642062001
"7592_9",0.9694004855721273
"656_7",0.953463099285233
"11534_3",0.287191320179422
"774_8",0.9992949526145907
"7756_1",0.00571578732285739
"2720_8",0.9076879201971915
"11227_10",0.9804319027923108
"10462_3",0.2475202091876692
"4041_10",0.8352990579740321
"7327_1",0.001617435379827271
"4056_8",0.9898633824246401
"11684_10",0.9869912454008681
"5544_8",0.9741340574271797
"3799_8",0.9365715023095207
"3593_10",0.8644492250039639
"4602_4",0.7257704155736973
"2123_2",0.0067396707661381726
"9773_10",0.9858652381601225
"10956_4",0.04147358483809764
"5139_3",0.060366264496670305
"8804_10",0.9761533620575952
"1784_2",0.11613102205945228
"11022_1",0.001466598240720783
"9366_1",0.0007914538456658022
"12113_7",0.1876929840648903
"2375_7",0.39623480474730116
"3911_10",0.9925401810238846
"10834_2",0.004766841138028194
"9319_1",0.05561546052683796
"3923_3",0.03341351490717797
"4630_10",0.9783288674807054
"2625_10",0.9443546603343715
"10159_7",0.9928703982821548
"2339_1",0.14917762431271628
"8577_3",0.2649356842209149
"4062_7",0.9969482476851945
"6677_2",0.00035261543308327245
"7818_8",0.8872596375043859
"4939_2",0.10029683497128795
"6937_4",0.7209278666009424
"1286_1",0.11450716543787014
"878_2",0.041946882123517076
"2357_7",0.3682829659091716
"3397_3",0.9020616020301928
"11214_10",0.9834637520103868
"8045_1",0.6835953456646033
"2943_1",0.09981292282884263
"1518_10",0.7613948081760792
"2792_9",0.9886163332019116
"6437_7",0.7643459050526656
"8734_7",0.9883792502629994
"6165_2",0.043611169632361724
"11956_2",0.0007666121924851555
"7021_1",0.09297146871902652
"3369_1",0.8803658242734083
"5829_2",0.03636743802081965
"11742_9",0.9973182203439306
"11370_1",0.0010004261083539135
"1502_1",0.02877907920185001
"9933_1",0.004014414665116755
"4619_10",0.8755170556484011
"6842_1",0.906880283564414
"2770_10",0.9651854014649034
"2343_4",0.1290148635657588
"3071_8",0.9928205718830493
"3046_8",0.6546996345268756
"8354_4",0.02469167040936711
"5632_10",0.9928841960794458
"3901_4",0.6768428251704417
"6950_10",0.9929392539348975
"2431_9",0.8134324024640056
"10614_9",0.9967346201120912
"41_4",0.01337256095160801
"5039_3",0.03385865320584507
"2827_1",0.03376865912506985
"2860_8",0.20056833744989064
"6868_9",0.9762140420133603
"4597_3",0.17814694508238668
"8795_10",0.8865678892030411
"11941_7",0.9270794083310453
"12442_1",0.008871027015787772
"9736_7",0.9085964046634423
"1102_9",0.9125432125976124
"4291_7",0.9742519371636221
"4523_1",0.01932426688549788
"5349_1",0.08728072055270401
"3363_7",0.992447884377826
"11393_3",0.04544444601607605
"1647_1",0.10775432881176879
"6143_4",0.41991227165985057
"1863_1",8.037130886404653e-05
"10099_9",0.7981364717665156
"4163_8",0.8315413425821909
"9357_8",0.9932160077983778
"10941_10",0.7759615324775934
"6883_10",0.9422476016425901
"11090_4",0.9042389012204165
"3480_1",0.013773374098006113
"10795_1",0.47386886713949555
"5865_1",0.006600400405176967
"2484_8",0.9174625450703586
"3023_4",0.05268602497509275
"2818_2",0.0002955562809899615
"719_7",0.7257077900551407
"5297_4",0.21037924881271408
"12194_10",0.9792411384197117
"2929_8",0.8217845380692973
"7911_2",0.016246761203032558
"10619_9",0.8985975045103041
"5192_9",0.9357127315678585
"2170_1",0.7464424578491511
"4659_10",0.25649148487622747
"8536_7",0.9905123573288666
"11119_1",0.02710298167158704
"7887_3",0.4647307052091586
"11742_1",0.011301321762182216
"5867_7",0.4558841650114687
"7538_7",0.3459088731087094
"1834_9",0.9762278675457033
"6499_8",0.24571153103488905
"2073_10",0.9769288882456018
"3881_10",0.8905022326740307
"802_7",0.6762138798731744
"1733_1",0.0015435840112558742
"11527_1",0.07284839299652497
"4316_2",0.00978501242634976
"9812_1",0.18568454991796382
"8911_10",0.4046149325529012
"7687_10",0.9945851628996389
"4240_10",0.9313294654942056
"1778_1",0.06498374752414755
"11822_1",0.0018262643310715235
"7820_1",2.204375332935255e-05
"235_4",0.05361313323542343
"8373_7",0.8332915888365258
"92_1",0.0011729233441140421
"716_10",0.2787165581994148
"4028_7",0.9541440567250681
"5533_7",0.7100637948548671
"2605_9",0.9462707859787796
"6665_1",0.005201370325802421
"178_10",0.9990659153054362
"9886_2",0.13557134210928354
"11779_10",0.6396934226084762
"5124_4",0.2157361459987532
"1956_2",0.3089194761557954
"2933_1",0.14607950706049436
"8737_1",0.017687178923760146
"8755_9",0.9798705960889027
"5032_8",0.9991387232635744
"9246_10",0.9831556948323967
"9610_1",0.02623832239019295
"7011_2",0.4971936441687725
"1602_1",0.20949398751706946
"3367_1",0.00015988071324042426
"2756_8",0.9210712292185692
"12042_9",0.9734817214995495
"2641_3",0.0009245528690113679
"9202_10",0.9938265685122727
"1953_2",0.3535445895772303
"5303_1",0.0007302847106537636
"975_7",0.8676552221724585
"2447_4",0.07146306062652905
"294_8",0.776460899442498
"11643_7",0.6875243841235582
"8743_1",0.001239628991075253
"2661_4",0.31499936573904164
"8638_10",0.7493182995709384
"4793_10",0.9680637040034163
"7461_8",0.3168947483733319
"830_4",0.015401072848321876
"5770_7",0.8347240559278982
"1989_1",0.014436912631841117
"5514_3",0.00018632635024771097
"5842_3",0.00033052411755490674
"11813_1",0.02378424623145013
"7811_10",0.7245883038396368
"7707_4",0.4525902581785594
"1205_10",0.9968970002808517
"10326_10",0.9244825856455398
"4881_9",0.4829435828851019
"8244_10",0.9905857568380384
"7647_1",0.010289623808366637
"4376_10",0.9615951386588252
"6744_2",0.5204055230656223
"6769_7",0.9749480532452658
"494_10",0.633388505506522
"6188_4",0.05784253936949638
"5859_1",0.012824098772636476
"6801_3",0.20066372716611053
"10990_8",0.9605209231431637
"6057_8",0.7731141135431795
"3017_1",0.17219739830072278
"7617_1",0.056486840370324115
"8340_7",0.9664998969669304
"746_7",0.23414882812846505
"9290_10",0.8521636351519906
"1525_10",0.5053984244763546
"11044_7",0.9094556304886948
"9367_10",0.991624642422149
"5705_10",0.9803225817215138
"11375_10",0.9912540881791605
"11320_1",0.442589168704589
"754_9",0.4088663244396521
"7040_10",0.876187308317915
"10740_4",0.041951902391188595
"8839_10",0.9882589858617823
"11614_4",0.00787704982510317
"10867_9",0.989511271103572
"12406_10",0.8906184806664776
"12081_10",0.9313311317882399
"8763_10",0.9530377727471945
"4103_1",0.0023020841959188586
"5600_1",0.3406930983757514
"5345_2",0.000158392380125335
"10679_8",0.6582200337970701
"11709_1",0.11515572967754889
"6872_4",0.003930243358853657
"9096_3",0.9492918440474554
"3417_9",0.9287410758145949
"5154_3",0.5646293074234718
"6071_10",0.9248176739868125
"5685_9",0.8380640338849046
"7937_10",0.9962606756137956
"3628_1",0.001771340924929226
"7374_2",0.007200534198784081
"1862_8",0.9290609410409653
"6602_1",0.002409560209865236
"1401_10",0.9269976706766005
"12157_3",0.40595164682581325
"5636_8",0.9906730043833439
"2049_10",0.9831110156611446
"9402_8",0.9022511460283617
"12455_10",0.9904795993822805
"11062_2",0.01016488227110176
"9163_10",0.9575801690723952
"2879_7",0.34708912615077253
"2840_9",0.9015264892690209
"9893_8",0.9813198057738647
"11857_1",0.030847198955430002
"7776_10",0.9353228832640097
"10365_7",0.7598412586279476
"6186_7",0.9849921188522405
"7071_1",0.001843592977434078
"5132_1",0.0011643928570608817
"8971_4",0.1319055339656707
"3415_1",0.007656446375355581
"3622_1",0.0038796108367260486
"7446_10",0.5523278262660415
"4644_9",0.4753247827557689
"3923_10",0.8731014773606312
"3503_8",0.9092719945788595
"8685_7",0.6632775132249802
"1683_2",0.028229993470355107
"3417_4",0.49067062379361004
"10443_3",0.007307122291898752
"4620_3",0.8905707055311723
"5658_1",0.015835385009598198
"4185_1",0.08187870579668735
"3727_10",0.801779244001528
"5334_1",0.0026186501687192098
"7113_7",0.11681997904542528
"8713_1",0.0016388883371756292
"2865_7",0.5631918763663155
"2956_4",0.1545917282921261
"2455_8",0.9459239163084543
"97_7",0.8584985874008879
"6789_10",0.9998282382497189
"8639_8",0.9575471490327621
"1563_8",0.9796973873636105
"3169_9",0.9928365495521133
"7627_10",0.7346495210770245
"1649_10",0.9880308026892513
"2287_10",0.9986023266742041
"9479_1",0.07450806187126627
"7705_1",0.02735365759462789
"10803_2",0.22161152999184247
"6076_9",0.9553471188668704
"4263_3",0.14453842001349182
"4726_10",0.9302570358912308
"11738_9",0.9747569535297137
"9250_9",0.9578094553957953
"2638_1",0.0025886013811916866
"11357_7",0.6982432414567098
"12135_3",0.15835892619446498
"7296_10",0.9690233032493145
"10674_7",0.9811035034461522
"7674_9",0.988807962290647
"5575_1",0.0006943778084154563
"8120_7",0.9541724207049209
"1617_1",0.027347079697384195
"7090_3",0.023511551990923106
"3793_4",0.03751232103961214
"2658_10",0.9124696672259711
"9942_3",0.6120086072115406
"9520_9",0.773504925822035
"10638_1",0.05644303425922626
"9066_10",0.9920456040841003
"3408_4",0.002021517215550967
"7526_1",0.2952775099949458
"10821_3",0.0300685688270188
"5887_10",0.8025282532748923
"12470_3",0.04454546363527353
"4033_8",0.8895804156295594
"1949_10",0.991315467399739
"9859_4",0.04936440732878711
"11183_9",0.9986466986427601
"8533_4",0.18135445783928766
"10236_10",0.43439741349532224
"6111_3",0.1562899660648236
"5475_8",0.9621675727035016
"3342_3",0.015059015504830861
"8335_1",0.6607216214623497
"4812_9",0.8596762121151276
"2306_4",0.11281575114817421
"4596_7",0.051088935354194794
"10431_2",0.013419091014523066
"5077_9",0.9474808057460639
"1301_9",0.9944401222115841
"8979_9",0.852227922821777
"4226_9",0.9863201443990358
"5544_3",0.07431325265139782
"7954_2",0.0025289984975288
"3935_4",0.8454425778884795
"7076_4",0.06144943648879073
"10208_10",0.7189348373164045
"3737_3",0.345566621067206
"1689_8",0.9151590759668077
"6585_9",0.9740390785888225
"6096_3",0.6856051694805257
"11052_4",0.6406272188893826
"7783_10",0.9049729964656056
"5157_10",0.64869096074443
"5465_10",0.6841381110064413
"11361_10",0.8934842670985828
"7560_3",0.5934670964604936
"9781_4",0.06198160913562084
"11681_10",0.9923094804062845
"6127_7",0.12313685613803159
"1799_9",0.8169391983192438
"10849_2",0.0025817423548984706
"4274_7",0.6726226787008839
"15_10",0.8894066950036872
"11338_1",0.01275744816920727
"5750_2",0.033542555560122
"9335_8",0.9822254556171577
"8359_7",0.9557956897984751
"9527_7",0.9951862175176363
"1336_1",0.009872878320622
"9893_3",0.11446309217290082
"11229_9",0.9862955523313798
"5948_9",0.8526125456719252
"9733_4",0.012577592331905217
"6377_8",0.9742547838741722
"1427_10",0.6971460854364724
"9023_3",0.08733170776377859
"2151_2",0.001712931054230861
"1744_1",0.006433318129343346
"6367_10",0.9955178902111128
"9143_8",0.9359412626512917
"6176_8",0.9997939372401576
"11388_10",0.7561244034312917
"1493_10",0.785056934293803
"6615_1",0.00019262845162239345
"4654_2",0.0004652605256723228
"599_9",0.9967692741986593
"7256_10",0.9952335419651915
"11993_1",0.4365135490228421
"992_7",0.9967979368099265
"8871_2",0.0013239380842528735
"11483_1",0.14333709773747
"3322_1",0.037029240383945256
"9827_4",0.18682591351731934
"8063_3",0.013479139631213112
"7397_3",0.03761026424033707
"3040_4",0.09208429749839586
"11682_2",0.05947416512149377
"8738_10",0.9842501783086964
"9905_4",0.03280118777682419
"6437_1",0.06510215096397777
"4319_9",0.8972681198884755
"5353_4",0.1939677189789224
"12207_9",0.8028123460120894
"6166_7",0.9899894909541807
"12243_4",0.5517852393866219
"1219_1",0.0010052365845010865
"10292_10",0.9666321156026576
"10132_10",0.973195998984377
"6898_10",0.9311519358422764
"8469_8",0.7783497381816552
"10393_1",0.029177124657942165
"7509_1",0.08748042093471346
"9468_9",0.9853212407473197
"9002_1",0.000570789905317051
"891_9",0.9205532728720999
"5156_4",0.5266837536685014
"2321_1",0.005255856483008919
"11859_8",0.8362571908779836
"12262_7",0.782417498085689
"6198_4",0.4091700818170762
"5699_1",0.012320958639693964
"4252_10",0.8316556135107154
"10618_10",0.9497430478389588
"3226_10",0.9990192227578061
"7227_7",0.9771709390674599
"11047_7",0.929394885669259
"9569_7",0.8795513238888104
"8933_4",0.31927679820678395
"4513_8",0.8281818416681642
"1271_9",0.8821476963724572
"6327_2",0.06637740451030813
"10012_9",0.2843088150958563
"10090_3",0.01845439130625431
"8564_1",0.0006536004959419981
"10905_8",0.9799979604894612
"6828_2",0.08074276284207148
"1730_1",0.12596387516794744
"3404_3",0.12785862126629846
"12428_1",0.027468774499082266
"5180_1",0.20611110692839485
"10554_9",0.8810782401787708
"527_2",0.6013530010185086
"10296_8",0.9885385928395881
"543_4",0.08672157363192971
"10235_3",0.19644494329434153
"3743_4",0.31762871340410825
"8792_3",0.017209858347992293
"3597_1",0.25422959256770405
"12320_1",0.06970000705179497
"11672_8",0.9852620720191724
"7237_4",0.2809536131199403
"3726_7",0.26226434030283957
"6643_2",0.0034949471395638964
"2743_10",0.9254359353382882
"10184_9",0.9648647959358067
"1929_1",0.3906550427345295
"666_7",0.294864073087561
"4548_4",0.018286825709089707
"4153_4",0.005367479481661914
"7356_4",0.17728654891796405
"8843_10",0.9520541365728666
"7552_8",0.9926088634807626
"6494_8",0.9567074583234085
"3547_7",0.5625983321480057
"810_1",0.6451344174255462
"7672_9",0.7911356980290066
"4945_3",0.018148263967164596
"12427_8",0.9608003763794778
"749_7",0.9561840277046355
"10706_10",0.976253333714916
"10969_1",0.00034023260317953214
"340_9",0.9153725860010719
"2154_8",0.9968179299965818
"3715_1",0.0007890576976100265
"2388_10",0.9995347218556403
"5905_2",0.00863742456764874
"3774_10",0.8999881167003835
"3070_1",0.017670368105752378
"4789_10",0.988661312954919
"1509_2",0.013549991038436097
"2350_8",0.8988871231453383
"11137_1",6.860269792640514e-05
"10987_1",0.005374450275104115
"5815_1",0.28740985351127857
"7272_10",0.9895625860382525
"4651_10",0.9864075448905886
"4184_1",0.001216520694177038
"9636_10",0.5685790578665054
"8592_10",0.9620073514390215
"3068_3",0.03126423484837769
"8899_4",0.013027440611127523
"10018_1",0.04212669040246644
"5821_10",0.9377263686629795
"3232_4",0.12772805835905704
"10795_10",0.5509216147318112
"7461_3",0.0033208906473644927
"10874_7",0.3589260661288931
"9672_10",0.9922600567978364
"1908_10",0.9200962232791926
"4014_9",0.9509341007509714
"10488_3",0.20655326653146328
"2501_7",0.9783675436269613
"12339_3",0.04566727818143886
"2698_10",0.963878540120046
"1674_1",0.04242018531588941
"10366_8",0.11940584157379444
"12059_10",0.9891999574848395
"8285_4",0.22771331596075964
"4120_8",0.8654468220465585
"4238_7",0.9689900251922381
"10516_1",0.011872154662834016
"2478_9",0.7403647490274736
"7807_2",0.017024386291647563
"10704_1",0.05471337346603944
"791_4",0.04365368813708742
"2514_4",0.8802404764562322
"3095_10",0.7693702425016937
"1770_10",0.9975379616654156
"11115_2",0.34186810624099495
"10797_1",0.562726083619222
"11347_1",0.0016213187860461597
"7077_10",0.9063888512579062
"403_1",0.10839060819361798
"5852_7",0.3107067805176056
"8451_8",0.8410925829379766
"7013_1",0.0016693935772660018
"10346_9",0.9848855645390441
"3055_7",0.8843259632639021
"4687_1",0.07442426183327946
"8467_10",0.9745673552067642
"11363_10",0.9918005559844526
"277_9",0.9968135092230141
"1715_2",0.48862937340678697
"9249_1",0.0007785836233109175
"1895_10",0.8811296164710828
"5505_3",0.02064675333039666
"1323_9",0.9982434082023779
"4200_10",0.9936902602994775
"682_4",0.803770936550207
"12020_4",0.023627381624771834
"5824_10",0.4410176273545145
"4475_10",0.9995048197761969
"891_1",0.33772797797935467
"2713_8",0.9818882120403619
"2084_9",0.24341780061229085
"1535_3",0.08582275749300082
"7862_8",0.9920886851705369
"8055_9",0.944609313997442
"6604_7",0.9362786166275734
"7714_1",0.001685894104223988
"5606_7",0.9669570186580098
"7277_10",0.999439655807526
"3197_1",8.599881542016615e-05
"406_7",0.35776709106914023
"6948_9",0.9699869264539192
"4196_8",0.2718974169651206
"1723_10",0.9878491489547321
"11625_4",0.583576442011918
"1259_1",0.01516776099388144
"5283_10",0.9626670124213141
"8407_4",0.04303632035034167
"5561_8",0.8874448188611899
"7653_3",0.31314424233168353
"8646_1",0.003038533982153614
"8053_8",0.5552770435948374
"1879_7",0.2915956729212231
"1645_2",0.0563224001892848
"12222_7",0.039891325485579006
"3966_1",0.10360637916809942
"4754_1",0.00014206409531472463
"8920_9",0.6207026144308242
"11920_9",0.9935705008633869
"4747_2",0.00241678504230316
"2108_8",0.2688735294018013
"9017_7",0.8350259874602447
"994_7",0.5851492418457317
"11155_10",0.9332934710470111
"6249_9",0.9677449621672959
"5926_9",0.9513214844672077
"12486_1",0.5748069638180525
"4918_8",0.16222249086955018
"1357_9",0.9926828246870049
"6051_2",0.019796420325896597
"4589_10",0.08006984583680592
"12401_4",0.08072476598962594
"4083_8",0.9592652773753237
"10373_10",0.9644943812620078
"7467_8",0.854736626078051
"2220_1",0.0003811281561905164
"6882_7",0.7883443437434859
"10551_10",0.9065309381217797
"4043_10",0.9230088477963225
"11078_8",0.8587611782386976
"4280_9",0.9936354824359268
"8594_10",0.9959218118063022
"10652_9",0.7526219989115857
"2206_10",0.9996941388103542
"9014_2",0.0009865617970253808
"10215_4",0.018231233563544155
"3549_2",0.004784591997065797
"10445_1",0.0012041614925881816
"10819_9",0.905816685660264
"10691_1",0.2449420399053577
"3855_10",0.9953508128681965
"7809_2",0.4763551275040275
"3022_7",0.8481825641743793
"694_8",0.8154725165981754
"13_9",0.7971123930272833
"10972_10",0.8427447985144667
"9187_1",0.22181769606326038
"12354_3",0.5028402208865999
"4793_1",0.0016678430994532267
"10696_1",0.02682628775325318
"12446_1",0.0013680543338596316
"1488_10",0.9695883382114613
"904_10",0.5466225975530417
"11057_1",0.024805163975674584
"2132_8",0.24431134956493036
"1406_10",0.9920343412227143
"11366_3",0.09279720079168535
"9957_4",0.552708038492475
"12096_1",0.000329146316167386
"3827_3",0.006793441879449175
"11686_2",0.0006693516395041738
"4387_9",0.9986258052224587
"9955_9",0.9054063797675153
"12103_10",0.9989395256995472
"11506_10",0.7710658669772449
"793_1",0.07852006526921029
"8001_1",0.00044824153480967327
"8823_4",0.7334487670313017
"1787_7",0.7909482899073284
"5484_10",0.8911880217047634
"3557_9",0.9568509902684849
"615_8",0.7856561966683555
"410_2",0.3676529407179875
"5800_2",0.0730500825846256
"3143_4",0.015111381428475163
"11359_2",0.04868005477785146
"7016_10",0.9978068153884442
"3711_2",0.0064128868766037935
"8580_10",0.3550224038166535
"5615_9",0.9955658314717387
"9202_2",0.00503863422589529
"4776_2",0.14640373810702845
"8436_10",0.9949164765849997
"2097_8",0.5540686543631761
"6935_4",0.6748906639586716
"2656_1",0.016822912760232654
"11446_7",0.9961430497210415
"5392_4",0.023034920945905445
"6451_9",0.8731714139374546
"11054_8",0.6057380089536082
"8677_8",0.9628716527372915
"8761_3",0.19514864842258078
"9297_1",0.005639898345111267
"12480_2",0.04475847072654861
"11736_9",0.821632576593241
"4156_8",0.9672062488943088
"1955_10",0.9955526970388069
"12350_1",0.5070890727660357
"5439_1",0.0010258345414044165
"1342_10",0.7193465562414413
"7271_1",0.23227407279042828
"1868_4",0.2906210565716797
"4497_9",0.6199379203551948
"1729_10",0.888374722296721
"4593_8",0.7723485877166417
"11296_7",0.5801377731392694
"9573_4",0.5083428384937249
"11678_2",0.028852224699943856
"6790_9",0.9903930497718648
"12298_2",0.00040851223742405734
"9839_3",0.3906067029582533
"1348_1",0.050382123332344875
"7004_8",0.8602428492926585
"10414_10",0.9946051472790626
"3826_3",0.09487383119056435
"9313_4",0.8488026305230973
"10543_3",0.020464519254885127
"6909_9",0.939521276048769
"11377_10",0.9989300799011819
"2591_9",0.9546038614334611
"11355_2",0.00044179229088695476
"9274_8",0.9973163032183443
"4521_4",0.7610618863672682
"12208_9",0.9626740835417955
"4948_2",0.0064945828716997086
"3732_1",0.5374421421722706
"12096_10",0.9456596470889261
"7135_3",0.509460902409517
"10310_8",0.7892320507707545
"1959_1",0.00015988071324042426
"10383_1",0.010959176799296389
"106_9",0.9883033963266997
"7085_7",0.9760940368007793
"11070_8",0.9995637821262798
"6850_10",0.9899727618137485
"12476_4",0.055906090967296075
"1917_10",0.8884142609069388
"1341_3",0.05630327981264566
"4062_1",0.15739246600339504
"5594_4",0.5129693499247769
"11963_1",0.03230555365882643
"2777_9",0.9794734835969664
"9871_7",0.7622106310491458
"949_8",0.058755904412668064
"7436_10",0.964721994495685
"738_10",0.2764784474885407
"4893_1",0.07877402530778596
"6100_10",0.7343580094682425
"10219_9",0.04828966721306964
"4004_2",0.005385307776478999
"5945_10",0.9978074508364645
"10183_9",0.9902496534219146
"3465_10",0.9506619212199428
"4408_1",0.00014921110820997197
"5810_7",0.9699872903712403
"188_3",0.09682849488934929
"7835_1",0.09502530167106588
"1648_9",0.3714964532935737
"7971_8",0.9026955558895838
"11809_1",0.13513516251737884
"5352_10",0.7388331976112638
"1476_8",0.990908162589828
"602_10",0.9672900177354953
"9669_2",0.08387219784019004
"93_9",0.865476936744203
"10787_10",0.8950283230400161
"10958_8",0.9376445697568763
"6608_1",0.0010264683296892193
"7058_10",0.977761409653536
"4401_10",0.9885772574513029
"9315_8",0.4873108076210132
"9670_3",0.2838957055039452
"10537_3",0.002395864090803223
"1033_2",0.026803093272689572
"12085_10",0.759420956775023
"9373_7",0.9073116777348313
"8302_2",0.0011777046547341613
"10138_2",0.03311571996673568
"6814_10",0.9721440498354817
"9778_1",0.002809332879459552
"5149_7",0.8780459828411801
"6191_3",0.6705230614106041
"7466_3",0.22240540450195084
"10051_2",0.005099516269323658
"5262_2",0.15662968536474722
"2906_1",0.002083865186266143
"8625_9",0.3262917023224377
"2118_4",0.07410620632476483
"11547_3",0.006493102345786391
"11384_7",0.9826683793892468
"123_10",0.8745328270253989
"11115_7",0.8070305942010729
"9348_10",0.9760829883616934
"568_9",0.44146153329858756
"7731_9",0.9920948819890951
"6548_8",0.8466644890319934
"9235_4",0.48700598516613464
"430_10",0.9842953007662305
"10790_1",0.02917472153601247
"10691_10",0.5705681003630309
"2324_9",0.9982964819007643
"11031_1",0.13370489579803918
"5465_4",0.17549979211971295
"5545_4",0.12710556513951116
"5546_10",0.9043680341928304
"9010_2",0.13820191734992784
"7205_10",0.9959638191289306
"7580_10",0.8787109145310871
"2052_3",0.006081852720773259
"6284_7",0.9796042036547623
"12001_3",0.00040792010116888136
"3458_9",0.9935356538004172
"9013_2",0.1790839366321641
"5839_4",0.12976926015810833
"10809_10",0.9920169536640645
"3077_2",0.00425793136323946
"11373_3",0.0024632954025450315
"7083_9",0.9959191827926496
"10846_10",0.9875324697322857
"11815_10",0.9992756152799086
"4730_1",0.24611436064773934
"3320_7",0.6046010004385606
"4782_10",0.5651337107809341
"3410_3",0.027695362915964937
"5142_10",0.972273131791152
"3947_1",0.23134883874136306
"3016_8",0.45756449231099805
"12114_4",0.13291428281937034
"11039_8",0.9803138125720996
"5902_7",0.9215793122183734
"5351_8",0.9211539765344587
"1654_10",0.9655956638418675
"5731_4",0.035298633574557696
"10985_9",0.9824923914599979
"8724_1",0.0007426496462900657
"9854_3",0.7369965812696231
"2054_1",1.2931305960108968e-06
"11385_4",0.3092588991769949
"5919_4",0.06765461550811924
"9898_1",0.015215801378389905
"11874_8",0.3137959498529159
"4496_3",0.49055750171791257
"5231_1",0.03933219451597668
"10070_3",0.2457958845125203
"2345_8",0.9923919072101597
"9311_10",0.6409930056861229
"1036_10",0.9275849751318217
"6603_4",0.21518076866067196
"2138_9",0.9900252232765474
"10546_10",0.9641298284264231
"3217_10",0.20478227369070495
"12188_10",0.9162518219629069
"5986_2",0.27590555002643197
"352_10",0.9318850322246681
"8557_3",0.5112741622718107
"10453_10",0.9992860812371478
"4397_4",0.05369642810412304
"673_2",0.4645762319081594
"10305_10",0.9960586423648489
"11985_1",0.0002306035863079389
"3457_1",0.06404816267073031
"500_1",0.0008012258634668381
"10637_9",0.9612444263518573
"8144_10",0.9864826383515566
"8485_1",0.009667663765349598
"1632_7",0.11926227925574238
"2404_8",0.898042957472135
"11489_10",0.9858304611169311
"7590_1",0.04420657549753942
"12460_2",0.8164177412405752
"11729_10",0.8520393630527026
"2796_7",0.8037979868052489
"8015_2",0.009712733266705926
"8258_4",0.010774960362553999
"2272_3",0.06130042555290546
"7178_10",0.4276796794742945
"8476_8",0.9637621548378575
"3411_4",0.07738788555022955
"8319_10",0.8254740616628224
"11799_10",0.9734656935732077
"8585_4",0.6891176905539714
"4640_10",0.9857549650078816
"12199_1",0.0032013751503959962
"8380_7",0.8877220168405529
"8712_10",0.9966440264962315
"12482_9",0.9987159949696589
"4813_1",0.09492592822408295
"119_9",0.5535459810141079
"7850_10",0.8836815211964715
"5536_1",0.06784287723988165
"10576_1",0.005169044535084841
"2803_1",0.10431217173223568
"11788_4",0.012155425827038435
"6681_3",0.07040983560537332
"2503_10",0.9955826968672032
"88_3",0.1333095383410412
"7389_4",0.4644945991311626
"8793_9",0.986721598044588
"4911_7",0.9496450597571039
"6495_4",0.23958132397664136
"10670_1",0.013803672294946931
"2203_10",0.9977151040680374
"7588_10",0.9777182807433278
"7095_7",0.9841378923146036
"6748_8",0.9383670327964649
"10348_1",0.06422691417321466
"2568_8",0.7883914694389517
"10292_2",0.049183552888019386
"1112_3",0.013767808500176826
"5322_7",0.6036599028607318
"4291_4",0.012466611383350376
"1212_7",0.3626614132890614
"7963_10",0.9158997896883773
"6156_1",0.37080273562785393
"713_1",0.34585798998333317
"11606_8",0.978064033292143
"10975_10",0.9507921831452324
"4638_10",0.9966549988467694
"800_8",0.9408213306691222
"1389_3",0.10345680619456583
"10045_1",0.0021632811376070906
"3529_1",0.3085630516663859
"1921_2",0.015539665704245214
"4824_8",0.2914352882569035
"10688_10",0.977915710634779
"84_10",0.994970256526264
"225_3",0.0462076071965395
"9756_10",0.8956953716491349
"7601_8",0.8214108032375652
"6342_3",0.5845173251561977
"7711_1",0.060405385265310044
"12133_7",0.6875409922682522
"8026_3",0.5944416396660475
"4551_10",0.9885292297806586
"545_4",0.1887843609127031
"343_1",0.018330754501297893
"10788_4",0.7722351823330044
"8711_2",0.006281474263449189
"5493_10",0.9992922549558702
"9358_1",0.645172790859176
"2185_3",0.004614666667536721
"9720_2",0.030401952260662113
"4481_8",0.9719450696482427
"6528_2",0.023207160740470734
"11928_8",0.594995702877774
"6591_7",0.9940954044237328
"10876_1",0.059551964782162986
"11253_10",0.9275100989771585
"2190_3",0.19564392494344426
"4281_3",0.00505956716940458
"7971_3",0.037768396845306966
"11649_2",0.0046989329254296065
"5199_3",0.04927894669019472
"12258_3",0.6316021586395164
"5922_8",0.9963120534950393
"11136_1",0.0016031879812194697
"7941_10",0.8920982983907566
"1412_7",0.9985758633419691
"11053_3",0.20864844508506963
"5586_10",0.9919282082368915
"5762_9",0.8393594291782128
"8328_3",0.757126804384233
"10354_4",0.30625081461348214
"3563_8",0.9826271108511188
"8246_2",0.302581281956397
"7740_10",0.7769651583746034
"4972_1",0.08485412834856133
"832_4",0.2941648800502177
"11386_10",0.9411277360502046
"1273_3",0.06989392216040347
"5085_2",0.3263518614832276
"11414_4",0.03221707647332717
"885_8",0.9923526009675733
"3943_10",0.9536144321586317
"898_9",0.9570139882130327
"8168_10",0.9169744665318075
"9779_10",0.618804596491179
"830_7",0.8540596403134418
"77_10",0.989332938425777
"648_8",0.9895578573265543
"10629_10",0.7527093420843117
"89_10",0.9709181735432895
"11955_9",0.7178933826461373
"7883_9",0.9473964508477419
"243_4",0.23011738960084643
"5148_2",0.02164392064990881
"1056_3",0.8918359175420447
"5206_10",0.32386160068489894
"8777_10",0.6866112094413694
"2969_2",0.012034993116098186
"6729_8",0.9840638107462756
"11860_1",0.13435162909171566
"6307_4",0.6903728146600334
"11589_1",0.04256554938514367
"8016_1",0.004787291800417451
"3461_8",0.9719542143778789
"8767_1",4.989972203006345e-05
"7692_10",0.770600794733799
"12281_8",0.45193295951740825
"7763_1",0.7602183642111808
"5301_9",0.9976319225883511
"5112_10",0.9965778641898945
"10757_10",0.44517287482843804
"1066_8",0.9412142609406086
"5413_10",0.974113859302462
"2733_3",0.543312750483353
"8534_10",0.9190033616641352
"5915_8",0.8823163061256903
"10566_3",0.1974328111323411
"10900_7",0.9428335198102034
"3120_10",0.8007615832058975
"4394_1",0.001111379432468059
"3090_1",0.000509715113939388
"4379_10",0.9985957256359292
"5259_7",0.5710448976753524
"10792_8",0.9993275664245341
"2599_1",0.12608398489158834
"1912_2",0.007293202522790983
"2517_1",0.9032669578037026
"2946_8",0.9936344964823604
"3020_8",0.8202542517393068
"1850_4",0.5780002062314792
"9463_2",0.0034748951867925996
"1721_10",0.9466510836666939
"7952_7",0.8621237289869474
"1806_9",0.8502239613729934
"11403_9",0.5325670403242841
"2013_7",0.8193029218105029
"5556_10",0.9799498458745851
"1746_3",0.20090040894952835
"11125_7",0.9937143169512507
"9270_4",0.06707265601171991
"7343_10",0.8237277098783259
"12465_10",0.9786696827085685
"8550_9",0.8991857038953562
"6213_8",0.632679498758648
"10861_10",0.9916116322980024
"4109_7",0.8800204862673278
"8652_1",6.4163859411263915e-06
"11546_1",0.026257059228413714
"9133_7",0.9410818175240996
"5964_3",0.0001016672155178705
"1575_1",0.25567472298773447
"1337_4",0.5608481317802356
"7610_1",0.0010693926234647932
"49_10",0.9985959014165732
"6505_2",0.007291332098513459
"7177_10",0.43195248375360273
"5947_7",0.9049305877701167
"1723_3",0.01351694256931754
"9055_7",0.5608480188950491
"7972_1",0.015593756858599487
"5340_8",0.08143813173532836
"6938_8",0.22022401891771243
"12400_8",0.7405771545409878
"552_9",0.21988973060302291
"11844_9",0.9913528529282087
"1080_1",0.0034117925599893785
"3078_10",0.9984241833042873
"8713_9",0.8549206243433443
"7300_1",0.027677842666663115
"12464_1",0.03715012391892488
"3812_10",0.1625187789592908
"3313_4",0.8130199729633204
"6880_4",0.2934379698078002
"5478_9",0.9836344501429252
"10951_7",0.8950106384931069
"3327_8",0.9957444936567735
"6332_10",0.8858572869757156
"4385_8",0.47736170517921556
"2387_10",0.9834735873658926
"5756_3",0.07728918875868396
"4020_7",0.688637016753912
"6190_8",0.9712835444228047
"517_8",0.9407040219261807
"9018_3",0.16899432455092872
"9449_10",0.9648359873405514
"10715_3",0.03824680379195289
"8195_8",0.9561505028138401
"9605_10",0.6459036246343904
"4309_9",0.9957566943140217
"1783_4",0.4102843304455977
"1658_10",0.5320362658105777
"1403_7",0.6298155959284976
"4268_1",0.01581855509556853
"4822_1",0.019757347306559057
"717_4",0.01818875291000399
"7768_10",0.9852239902134063
"7803_2",0.0005690455510757544
"7190_8",0.8897679198439518
"11035_1",0.0014951823196971826
"6288_10",0.9568072598925145
"10690_1",0.0005236827188552612
"714_10",0.9977274449358519
"9210_10",0.5733172794096959
"12462_1",4.870330120814753e-05
"9325_1",0.0006957420765132698
"8370_8",0.9818927908275359
"10583_1",0.001372426153650562
"4016_10",0.9998646286559674
"6465_4",0.21977702097704788
"1512_9",0.9802394210764314
"4769_8",0.9724012222842203
"11160_7",0.5733683970173681
"2175_1",0.0001289668751739232
"12261_7",0.7868197353014251
"685_8",0.9329807654332185
"9208_10",0.7980430843418653
"6296_1",0.002150701952207817
"8210_4",0.029591631896242046
"11237_4",0.01819096253781928
"8139_10",0.9826345223808375
"6996_3",0.35819477436413855
"5168_1",0.045351612027291495
"5528_3",0.030966695169201166
"6635_1",0.14509967325013498
"1670_8",0.8336603993223374
"7099_4",0.3758800243712029
"2239_1",0.8323009854928294
"7313_4",0.15429730092249566
"3304_2",0.6787541335986138
"10505_1",0.0005601048998743636
"9681_10",0.9995408423574723
"7569_4",0.2681118937635018
"9926_4",0.22050570184071192
"8339_8",0.9857613712306018
"8553_10",0.7645968914199606
"387_1",0.025097608491709448
"4715_9",0.23259402318551628
"11447_1",0.31685407606552324
"7425_1",0.21032228226818925
"10514_1",0.043421142333882966
"6979_10",0.8112571788744214
"3104_1",0.0017048562137866106
"6833_4",0.148177587692208
"5931_3",0.10606050682917806
"12103_2",0.012679673194376538
"9413_1",0.0933029575740787
"2730_7",0.455023406368113
"7293_10",0.9082127790719885
"8479_9",0.8890688602380985
"9099_7",0.9710248620891644
"2061_4",0.07600923777897328
"4680_7",0.9272054181929771
"4067_1",0.06876882998670887
"4663_2",0.00100049053427506
"3069_1",0.002994455647089141
"8739_7",0.9265913428667765
"8279_2",0.701151317873711
"11078_1",0.022107397935738966
"7917_1",0.016570574421574048
"7636_8",0.9573474770644516
"5071_8",0.37579327469901364
"1720_10",0.9827511873940925
"885_3",0.036261145027892974
"734_1",0.0063226858252324655
"6309_9",0.9960247912191875
"4346_3",0.09173526785908319
"4087_10",0.9988343496229384
"678_1",0.001443269414553644
"8348_8",0.9027009103669483
"3572_2",0.11212036865115463
"10285_1",0.8615273310984762
"11126_4",0.29810624912104033
"8071_2",0.36782606640288434
"8150_10",0.992737113626268
"4652_4",0.08613072387474524
"3674_8",0.9944391618016759
"1046_9",0.7572824255924144
"1986_8",0.9263598134733437
"2516_1",0.6410339296794905
"11758_1",0.001255112092102792
"4747_8",0.27714211551237145
"10426_4",0.0879978943915046
"4331_1",0.0008063910653272257
"9146_3",0.023656531317745106
"312_10",0.8933142149368519
"4160_9",0.981209103964213
"5277_3",0.024303572338081267
"4896_7",0.9460623472068579
"4327_9",0.49325503191751696
"4136_3",0.6856051694805257
"2324_2",0.7449231926519607
"10407_10",0.9915748901664175
"5081_10",0.988948354183653
"2892_2",0.19009499715314243
"367_3",0.07545319629480697
"6523_3",0.028262941056537448
"9037_7",0.6869556109665548
"8790_1",6.474902723028175e-05
"1839_8",0.9950689997824167
"4149_3",0.009431517751297013
"7950_3",0.0035307863413735954
"1686_2",0.07467259599878202
"7855_1",0.003051065000734036
"2844_10",0.9708434546175102
"4006_1",0.28291871214344083
"1077_10",0.9628487176680897
"9294_3",0.20955738823009273
"8866_1",0.002896527064825419
"8414_3",0.061598943479916665
"11736_3",0.09006655383401814
"11683_9",0.7399571896066035
"6399_10",0.30113050682958137
"4876_2",0.013591390924284432
"8818_10",0.9399335207497662
"8874_3",0.5283753534805918
"2595_7",0.6156039994536968
"9287_1",0.22542442343517868
"11446_3",0.11567545309894672
"10016_3",0.20328263888764583
"10381_8",0.975896039735713
"2222_1",0.27548787139645603
"10875_7",0.6925326732943864
"5708_8",0.8780672639837286
"2727_9",0.673446500011397
"823_1",0.0491750000818157
"3616_2",0.014890523823562466
"10522_1",0.017720597927096238
"5340_3",0.16127308755666417
"4218_9",0.9973357323847146
"6551_4",0.3302494416063947
"4506_7",0.5790882947468088
"487_3",0.1286879501242873
"3215_2",0.013950256946993426
"3884_10",0.9967515290103164
"8163_1",0.23450133652305508
"4878_9",0.8836854607711677
"10428_10",0.9738964491440297
"6394_10",0.8861854886088253
"5318_2",0.02380934336494527
"4829_3",0.19112338244956287
"9175_8",0.9535385771348828
"10213_7",0.06007896851933643
"1484_10",0.99995409124516
"9646_10",0.9774820229263592
"755_1",0.07272052735390344
"4988_1",0.06523680391513632
"10640_3",0.5245459944602384
"2780_4",0.006522668053629106
"5867_2",0.09112713754717376
"9212_10",0.995063422381082
"8554_4",0.049957579253441124
"4703_3",0.13781774151371393
"8779_8",0.9936110343243408
"953_10",0.9174376410220328
"10349_8",0.9985696597652535
"3280_10",0.8977903286264124
"3646_8",0.9895394504984554
"6054_1",0.0001870496629579141
"4894_3",0.09804095373267893
"11235_10",0.9518027181343774
"513_8",0.9833409426059446
"4166_1",0.08375597865484082
"742_8",0.36465472139499633
"7671_10",0.9947987971721045
"2835_4",0.4946201294420466
"8556_10",0.951404130238483
"4764_7",0.9152408267154271
"1626_3",0.0001053250275332165
"6883_4",0.026582952089581637
"1014_4",0.018984292764329818
"9419_10",0.9761406921380865
"7918_8",0.3988927260559337
"8912_2",0.045004743584513375
"7996_3",0.7164802628689105
"5045_2",0.016883641282225286
"9612_2",0.1103635884000388
"1658_2",0.11899485516405181
"4373_2",0.01578132773176329
"11771_7",0.3116973771863324
"5458_4",0.7239281340841242
"10492_1",0.0004299280767799729
"5551_8",0.5458039445584704
"811_1",0.11271252661290278
"12209_9",0.5800564084359817
"1514_1",0.09434436242381596
"6684_9",0.9985817677759677
"4604_7",0.9633649628769253
"3350_1",0.3078389593731378
"3336_7",0.9117676747592509
"9645_4",0.13593103129276615
"1664_9",0.9595167042113429
"5109_8",0.961864930038821
"9294_8",0.9520267898416662
"7439_3",0.0005765207102658056
"9098_10",0.9376000012552709
"10353_2",0.004527466806805677
"2356_4",0.1366508193619279
"884_1",0.056598886753016324
"704_2",0.0007374806742253458
"9429_4",0.474075914674347
"11563_1",0.0032508037342972103
"10345_7",0.5932480944370252
"12301_4",0.180348896588742
"1021_7",0.31416299177427204
"6353_1",0.006051913556540249
"2608_7",0.9567388983027615
"10508_1",0.01409140199356285
"263_1",0.033573075389748394
"10127_10",0.9900546017345568
"11517_4",0.1673203158174614
"4758_4",0.17438275920729723
"2210_4",0.25226520167043065
"12396_1",0.00014233674162325192
"9405_7",0.6839151056114798
"5945_2",0.41479925854155725
"1931_3",0.01976277150003095
"3972_9",0.9909911489912356
"7949_3",0.41755491733619227
"1958_10",0.9995413460327774
"5834_7",0.977252058369259
"11040_1",0.0009758544568968575
"9453_1",0.02882055421024677
"5841_10",0.9701608358018182
"1144_10",0.9948819784384938
"5678_2",0.042717121071838046
"11361_3",0.0013507716326761705
"5999_1",0.02417684629765631
"11810_4",0.4716638498290294
"10502_1",0.13284859188560527
"11821_10",0.99832046542826
"8270_10",0.8647758968252115
"4627_4",0.9111803340907405
"5588_2",0.038625900347651954
"4877_1",0.0028633418005429415
"2289_8",0.9741666224793133
"2582_10",0.9945267527948756
"8749_1",0.32936084228690893
"1653_1",0.0038449145744711773
"7060_3",0.5746208243096356
"4299_1",0.007085537816742453
"7198_10",0.8414004268407661
"5597_9",0.9633374011430935
"11592_10",0.9809358572786226
"1516_1",0.013227964209643686
"1428_10",0.5656579660640413
"9349_7",0.24796654785757083
"4182_10",0.9292534303053809
"522_10",0.6251433391611365
"1942_9",0.9993783562104231
"2570_8",0.9680219527990612
"1188_2",0.04560305994356536
"7454_10",0.9995685088476435
"6859_8",0.9659384293383809
"4278_9",0.9609959554410237
"3538_8",0.44546606638585806
"6499_1",0.28389601349899507
"7715_1",0.0012960004025109012
"5847_1",0.08478505613240225
"2109_10",0.9714056083297735
"7570_2",0.15370928480960586
"3725_1",0.013896113478496246
"8736_2",0.3354182411795746
"2007_10",0.9999745133675758
"9738_10",0.9696097977802148
"2763_7",0.9953627752829097
"9081_2",0.03319669690688475
"6647_10",0.9958049960993347
"11207_1",0.5093539281525183
"5182_3",0.006008282971122929
"2171_10",0.8240653186559918
"9091_1",0.631416728270058
"3970_3",0.0031577651847579675
"7432_9",0.6663314874950145
"2169_2",0.001235655952050528
"720_1",0.018446437569801022
"866_2",0.0003995971252888136
"567_3",0.8947045436843276
"11812_8",0.965027466369118
"11195_9",0.8871998032128486
"5877_10",0.9979921848373958
"5526_9",0.9984318849512571
"792_8",0.23169979370408325
"8673_9",0.9993128748983028
"5163_1",0.037247542760183376
"4722_8",0.8686689963343307
"11423_8",0.5038131796261092
"3239_8",0.978428678247488
"2235_4",0.49533537041852954
"5799_3",0.00875569246274285
"8592_2",0.2295681975542714
"5229_10",0.82607332547714
"9285_10",0.9990465663424151
"6092_1",0.26676603069258426
"8940_10",0.4933029476625464
"12220_8",0.19907381290106682
"4417_10",0.9919059025897261
"10462_10",0.9503748230549994
"3241_9",0.8417555685363842
"8744_10",0.9987189363005837
"1016_3",0.08043498150721184
"7382_10",0.9685032144190016
"8458_8",0.6791543135679726
"629_4",0.22342686252120653
"1971_3",0.07487525383941615
"4471_4",0.5283381955641133
"7890_2",0.008042793536255676
"10164_4",0.6036146724364639
"2176_8",0.9409957347124396
"2500_2",0.47500518031519223
"1155_2",0.03660367439103553
"7102_8",0.833547880183335
"3618_10",0.9568126019255654
"4940_3",0.0572525692554169
"10263_3",0.11007550768679497
"12495_10",0.8913849976644345
"7170_9",0.9782283599535608
"7322_3",0.9676129315776074
"2938_10",0.6082325439188428
"8128_8",0.9802950166670564
"4900_1",0.010047984011680836
"5672_7",0.4609116861666822
"3387_10",0.9876910219743629
"806_1",0.11464744060723774
"7385_2",0.00018894328230923977
"3043_4",0.004458070501469944
"6845_10",0.9656006701828245
"979_3",0.10939189872547375
"6853_3",0.280436263533741
"4871_4",0.2179449545750842
"12172_8",0.28905769465477554
"4105_2",0.05478087962396209
"3171_4",0.36353569330450364
"8686_10",0.9346009650615271
"10187_1",0.01105066574442529
"5305_7",0.7393976663792254
"1728_10",0.892701062933421
"11284_4",0.4684929734196554
"443_2",0.056406893689805955
"8542_9",0.983136076257903
"7634_2",0.2931805023824479
"2598_1",0.7057999044168067
"124_2",0.0033357764325115074
"10145_8",0.9328464431592004
"63_1",6.680212510894484e-05
"5522_3",0.9074426780773547
"1264_9",0.7276416184193581
"12181_10",0.6202408947356284
"6508_1",0.008742943507856536
"2146_3",0.058028760302809755
"5449_4",0.031585846799821495
"2660_9",0.9909424096576942
"6594_4",0.14140098587457423
"6285_8",0.8926133644868809
"12200_10",0.7034669327804671
"6710_1",0.30179855443361037
"10399_10",0.9088772460826414
"6703_1",0.0016224488337834209
"5795_8",0.8177260646935838
"3427_4",0.004802039581064774
"11306_10",0.9818282628108991
"6641_3",0.04859975748050025
"9364_9",0.5712775127264693
"6963_8",0.07927301346703132
"6896_10",0.4679798672359
"10154_10",0.8377550597260072
"4690_10",0.981432574296938
"8125_8",0.8506714243101657
"4978_1",0.561511162366871
"4999_3",0.0003841625631550143
"8921_8",0.5889342263877541
"6089_3",0.03596502208874526
"12279_9",0.9299605156156397
"1209_7",0.99612499697011
"2083_7",0.8038928164114211
"10162_10",0.9583584360220814
"1266_4",0.6198746523710548
"10892_8",0.9821520689211508
"4864_4",0.06510447330160012
"10743_7",0.9529186205806512
"6427_1",0.0007028877427487638
"8633_1",0.07397917095626284
"6158_10",0.9867837724906202
"4952_3",0.00047308030666066444
"7508_10",0.9440689941541819
"637_9",0.876035102350845
"6734_2",0.7684127993836531
"10685_1",0.007866518331141211
"6269_4",0.8087263304501896
"9073_8",0.5285626472329177
"9551_2",0.006662120802537022
"5499_2",0.010584522326695047
"3573_4",0.0024652003894371603
"12089_1",0.48354595057521055
"3962_1",0.06445469895785769
"2169_7",0.6819051870406252
"959_8",0.8152044074016838
"10514_9",0.8095305208055682
"4430_7",0.867892766001212
"10802_1",0.36411756784388055
"280_10",0.9565958126063829
"8041_3",0.8565509658470919
"9040_9",0.9859599178915082
"10653_1",0.18015069124843683
"10783_7",0.8235803364146923
"4711_1",0.002007853306622016
"1523_4",0.9584685397976416
"3903_1",0.004490965732837375
"4216_8",0.781386318060547
"10108_1",0.006353011557989088
"4098_4",0.12305388371808057
"9433_7",0.7346587897254606
"11013_10",0.9467557691261073
"3968_10",0.3890770411640071
"7916_3",0.12837644287321426
"5859_9",0.9720938408267612
"11194_7",0.946057979187416
"9376_3",0.03403540221613543
"1808_4",0.013778500947750238
"12029_3",0.6913759422374238
"5854_4",0.041698232503577154
"6573_9",0.9939045701778729
"6747_8",0.9689100567061394
"4366_1",0.10682564258673069
"5868_7",0.89668800573403
"7712_3",0.05418481737091636
"11617_1",2.0057451932598554e-05
"5362_10",0.8403871018649178
"1950_1",0.07804765392116694
"9724_1",0.0875817979400431
"7537_8",0.7318956141170723
"6950_1",0.024296299882889994
"6035_8",0.9919493937781751
"11191_4",0.5376751463164249
"4759_9",0.9898284659720566
"1228_7",0.11800746035978447
"10380_1",0.04146922326802983
"271_7",0.8524045857921339
"7826_9",0.7099084081847132
"4336_2",0.2680285999094618
"4209_2",0.12497010565222022
"4898_7",0.5938155241694252
"2987_1",0.00013520265424319384
"9976_4",0.34241674490961405
"7521_10",0.47926769055794727
"5680_2",0.01553880250686947
"4310_10",0.9464690137831857
"4484_10",0.7516897742754755
"5748_9",0.9787382594266482
"6798_3",0.09949669823494489
"9598_10",0.9159587309625122
"4834_2",0.057585156579675945
"2505_10",0.9951000191294321
"1984_8",0.39580145473719347
"476_1",0.31525982262230645
"11578_1",0.04845448174398246
"2223_3",0.26869761781222845
"8215_3",0.16775199345727734
"3108_1",0.02471410689064053
"4371_1",0.003163830090897459
"12399_4",0.0268744358447294
"4913_1",0.000367173267915763
"8431_8",0.8993271615294707
"3445_10",0.9829112181802376
"8268_10",0.9861952891393453
"4271_10",0.9030001260833922
"2136_3",0.020171409446405594
"2479_1",0.16847945225546027
"11798_2",0.15370249398081762
"2893_10",0.9857700307422423
"7754_3",0.012129671867559486
"7568_10",0.9343061054596677
"6221_8",0.9978462108154638
"1687_10",0.9884416144265045
"4744_1",0.004230214147267092
"3730_10",0.9402159530517937
"7543_10",0.8080909215515834
"4449_1",0.0001638556003739255
"2802_8",0.9599771196356804
"2834_2",0.011499097016567343
"11243_2",0.4891221436840929
"6638_10",0.9022078422362043
"3299_1",0.0031178705516203137
"1378_10",0.8005912335634008
"1867_9",0.9853534213162232
"3371_1",0.022127116322860182
"1340_10",0.9581693970788087
"1810_10",0.9251806352315247
"11773_10",0.6162253976286195
"2111_1",0.06610256871566669
"2234_4",0.718769905948741
"4958_7",0.8930611648309614
"3514_1",0.22310416278255274
"8488_9",0.5764920615369874
"1650_4",0.07314643763572602
"6538_3",0.3295444588079268
"9930_9",0.9998051291470994
"10594_1",0.0034888998546317145
"6248_8",0.9210465410076129
"1384_9",0.993303004376342
"11526_3",0.3696078108427287
"9847_10",0.9918850200161843
"8994_1",0.0018291548630840974
"11595_1",0.23817194412007417
"9840_7",0.7101508927749223
"1027_9",0.7367745992242695
"11691_2",0.0062010127604307675
"1154_10",0.20731717542896635
"4599_4",0.011428189615227397
"2126_1",0.010145842791693073
"10719_3",0.011281694901782654
"11925_2",0.0059576544441094685
"1938_2",0.004728864997488658
"7233_7",0.8446485393140788
"1747_8",0.9470516590174007
"4994_8",0.9162682827341754
"10696_10",0.695669769461606
"7348_10",0.9710505721619399
"9121_8",0.8348205994084065
"902_10",0.8234664178521358
"8046_1",0.0006973185620161846
"3604_7",0.39478832913574397
"4886_8",0.9837756352435914
"2821_10",0.9986396270186098
"10180_8",0.7122280563641635
"11376_10",0.9951154198340761
"11195_2",0.011967414463124803
"5625_9",0.9880350886765197
"9284_9",0.9963202242109049
"6747_1",0.3197469959005301
"3910_9",0.3405589055506587
"11412_7",0.9991255111224232
"2456_10",0.9706647025474034
"6105_10",0.9894254797469884
"5732_10",0.20064750953940957
"1960_9",0.8782355517275482
"6363_7",0.7639337689799667
"9596_10",0.8265089180939492
"8605_3",0.008559185885384648
"174_2",0.0019448175900872106
"8251_1",0.011970462888922694
"8567_10",0.7117608007156394
"7007_3",0.022323358053345867
"2418_8",0.9923443412118534
"12030_8",0.9549010534515849
"7626_7",0.8481597973208701
"6070_3",0.08765485572328435
"802_1",0.008016245910925522
"10801_10",0.8422463408546905
"8559_1",0.012398160066406184
"2495_2",0.007361908028282165
"10777_9",0.9619555807278836
"2958_7",0.8927805993213305
"3701_10",0.9320029673704663
"2754_9",0.5526987675783799
"1210_1",0.11006720750974426
"7830_10",0.9986919022654501
"4523_9",0.9931652752882477
"12408_4",0.06887979377745442
"5748_1",0.0003039816974318033
"3982_2",0.0016377083298643573
"9658_8",0.9587939891721309
"73_10",0.9318658255304142
"3952_1",0.1861854743071849
"4064_8",0.9046283113314518
"9835_4",0.1459432160817854
"12463_1",0.005941835677072009
"905_10",0.8176556862073181
"5634_8",0.9272215568420232
"800_3",0.011039317951928355
"11576_10",0.9976258854270017
"8546_4",0.3203074686460668
"8456_1",0.14976934532115824
"163_1",0.07773972009768267
"7616_3",0.019402531147080643
"17_3",0.47279855568169216
"620_2",0.0011136726972823838
"4250_4",0.12783865494853278
"4403_1",0.001015960044870567
"7107_3",0.6877721251111201
"9691_9",0.9901304038051845
"4069_8",0.8109561411728522
"3747_7",0.9620242084562398
"7930_10",0.9938403631612068
"1088_3",0.28423228915735377
"3683_1",0.18922270590427584
"11138_1",0.12639276466782837
"1825_10",0.9270062186967748
"9888_3",0.006501370455690269
"8079_10",0.4666864960853571
"1508_2",0.0008183152617191554
"2471_4",0.009639293399730972
"5238_7",0.5152466209614914
"4947_9",0.9316643337932066
"1791_10",0.5433076700599659
"5824_4",0.06956730940738448
"10408_2",0.2588099415583525
"6053_8",0.8268805649108694
"6811_4",0.023221343542712783
"6398_4",0.023502036512508578
"137_7",0.9208761087048709
"3920_9",0.9726617571737827
"8179_2",0.36586702674368826
"10602_8",0.2406290464201899
"10509_8",0.9835398151852456
"7346_3",0.08987735741395475
"2663_1",0.04713745638504944
"1342_2",0.3212372279101207
"5714_4",0.0012627933947150798
"9669_10",0.992502370082371
"6038_3",0.6736230184564255
"11957_10",0.8815002654689005
"750_2",0.04007856927909053
"12386_10",0.22014626456062336
"7178_1",0.08142597073269846
"8070_8",0.7066386892987696
"8993_1",0.0010520162831978933
"1178_4",0.019720958870492935
"10457_8",0.9827051428280903
"5287_1",0.003464756702416144
"3098_8",0.9452267381897115
"3505_8",0.9933516271405677
"10271_1",0.732709407219976
"4354_3",0.027682629340935305
"4817_1",0.047253370351657956
"11313_1",0.18553399516525088
"9023_10",0.26228076195239686
"8404_1",0.0022274353264426926
"11847_1",0.0001764163804991626
"5374_9",0.9890111929606717
"1009_8",0.9957958389201028
"4197_1",0.018666563553858
"10803_9",0.6785741805202041
"6609_9",0.7321838396161079
"519_1",0.0068038127307462615
"7675_3",0.015284617888193453
"10204_10",0.9837364188366148
"10565_1",0.0004098502154495234
"1641_1",0.004334292988271042
"11170_10",0.992442602156135
"451_2",0.03155111403494999
"4526_7",0.9891529258609632
"5639_9",0.7032710161847908
"5642_1",0.03013968184350966
"9159_3",0.9679440751930494
"11173_10",0.6137121549018801
"10772_10",0.9390485555680926
"11172_10",0.9193668293081925
"10213_4",0.13794615766352017
"11256_9",0.9722024793587004
"5863_1",0.003874284485362583
"5125_1",0.35305366665811194
"5624_10",0.9602010745246844
"10355_10",0.07149248525121403
"6623_1",0.006606204155712944
"3674_1",0.018821578153906924
"540_8",0.8939420233062176
"5202_10",0.8798753202075663
"9644_10",0.9983722555341777
"4780_1",0.12770138164300554
"2002_9",0.43573896250907146
"7228_10",0.9756345498401102
"4036_2",0.0003345628394834842
"9925_9",0.9811439185486196
"1137_10",0.9835664811937725
"5679_1",0.037249007714744355
"9162_2",0.0026058866839065204
"2849_3",2.0560451136683237e-05
"3546_4",0.0019598497648293345
"7164_1",0.008579157575343126
"1749_10",0.4791059147202847
"11988_2",0.11272876501071796
"365_10",0.925521989062529
"7340_10",0.9678607392285966
"1543_3",0.02830912520226624
"6008_2",0.008060166979178404
"2230_4",0.05991215061951426
"10105_3",0.0006961575057092608
"5443_1",0.013654194493575317
"5024_1",0.0019308178739435467
"5630_8",0.9924923030599533
"7603_10",0.9730859991795132
"12205_10",0.6513838286957162
"5910_7",0.9861739952950116
"7006_8",0.9777244930404255
"3287_10",0.6864869908838127
"3136_1",0.09513183928353214
"6547_4",0.2585653835310559
"9329_1",0.007036412282277907
"1679_10",0.8407900781274589
"1659_7",0.9100008012742064
"2015_1",0.002904410188552836
"5236_1",0.030463605352959437
"2201_2",0.019151016126067236
"6026_3",0.49180778648589407
"12093_8",0.9947608774605549
"11394_10",0.6020631060918955
"9512_1",0.13020244708573622
"8401_3",0.34151992261239433
"5239_8",0.9752450624053768
"5018_10",0.9606058208236229
"38_8",0.9976266461312568
"2968_7",0.07378186692715405
"5359_3",0.010031327262414626
"10419_4",0.8128355940570928
"1551_4",0.38877775239786255
"11346_1",0.20012827988926127
"809_1",0.09251130719994834
"9823_4",0.016791318203741388
"10125_8",0.9919645350672435
"8819_10",0.9969190826220046
"9038_4",0.20673158021910013
"1968_1",0.0023381277644321176
"6642_2",0.007514594467842508
"9015_10",0.9943721852334205
"12198_2",0.28978832540498217
"2758_9",0.9550516255080695
"9206_3",0.04847338146537901
"4370_7",0.8674034966000976
"1985_2",0.4492078747139992
"3031_7",0.9694957293659984
"10172_1",0.3758585303356777
"4527_1",0.0013558342198365474
"5458_9",0.9934885155322114
"6534_1",0.054727516277933264
"4347_1",0.026704589832680575
"11152_10",0.8791800159515168
"9238_3",0.3997060050453123
"6161_8",0.989399706059304
"2299_1",0.34572871757983314
"1133_1",0.8267686250794481
"11774_3",0.28302275082658596
"1095_2",0.1170085413976408
"11311_10",0.6397164274285319
"1126_1",0.00016159160363733168
"2385_9",0.9801477373582063
"10710_10",0.9897471755239614
"10106_1",0.01554568015425886
"3363_1",0.16225818729581443
"11480_10",0.9828421405403015
"5183_1",0.00010081181856242293
"7100_7",0.1630497772015065
"752_10",0.9933400364564914
"11958_8",0.0513725085457765
"2518_1",0.012311144189049394
"4744_9",0.7171047009520967
"53_7",0.5808118943265884
"12289_1",0.43154496283126187
"9239_4",0.28526747660326224
"8758_10",0.44573722953583583
"9050_9",0.6848619391558504
"10390_7",0.8413466315226669
"11780_8",0.6425372202885501
"9518_1",0.04994674635433212
"3442_1",0.08857713640085943
"6316_9",0.9616147813423958
"2826_9",0.9877502707070769
"5908_10",0.9964726324635951
"3720_7",0.9940759214541678
"8481_1",2.7673438381045922e-05
"1188_10",0.9990368603824402
"2784_10",0.5025385599289709
"12352_3",0.8594421861821699
"1771_10",0.9601177869325583
"5255_1",0.4856655586657847
"328_4",0.6433844038757144
"313_10",0.9616394576250415
"10530_1",0.002662805798097053
"4866_7",0.9840708711771393
"8936_1",0.0016246534574165625
"10029_10",0.9279353487907027
"12383_10",0.9550381822208496
"1922_1",0.31250600321151734
"3012_7",0.7512040225323454
"11593_3",0.08130359310809138
"8661_1",0.09776555240215698
"10457_1",0.03547941237512374
"8074_4",0.9672793747912496
"11993_10",0.347661624813296
"6_7",0.993124214706046
"2542_9",0.7525028659006381
"11454_3",0.046896577410475836
"6776_4",0.7235296080809229
"9466_1",0.46062270123748184
"11100_4",0.009094880014784373
"6429_10",0.944782607738794
"11218_3",0.30541593987041954
"8310_1",0.020653337090046756
"7432_4",0.007853010541286723
"10115_1",0.01647010215686734
"11127_7",0.986734835685018
"3306_2",0.0835657067582251
"6998_7",0.1459440572082434
"12166_2",0.004180403787414377
"7792_10",0.7027753598897617
"9250_1",0.004062816640584674
"3351_7",0.9331035963488382
"3350_8",0.44121354309655597
"2393_3",0.14342631266425662
"5473_3",0.043415616106321546
"73_4",0.02447068529509174
"1504_1",0.0006357648211823342
"10317_10",0.9453958871401856
"5795_1",0.013332944072586402
"1511_9",0.22125871817428566
"2537_2",0.05573614431146638
"8010_4",0.005043980790833327
"1616_3",0.8557049356238741
"4332_2",0.009193434373398058
"8499_1",0.05138016219971449
"1636_8",0.34756035942630825
"7752_3",0.12325302907514865
"5848_7",0.9399624567611407
"5370_2",0.28961392352794474
"10600_10",0.8909670450310034
"5501_3",0.08236684681631977
"9948_7",0.4691928104225091
"10683_4",0.021450255057025854
"10013_4",0.43807928300141746
"11704_2",0.000389531520733579
"431_9",0.9371050855236988
"11855_10",0.9660667094764933
"2671_7",0.9454614329231497
"5831_2",0.021407396350408125
"7920_10",0.7935126196088812
"276_1",0.050841176655886576
"6245_2",0.07748458529775866
"89_3",0.36408254941632767
"7871_1",0.0021172401513077665
"1707_1",0.038411186885349564
"6640_1",0.009639160364237233
"723_10",0.9056251263112125
"11391_1",0.830234436312168
"3534_3",0.00024334243210898343
"10449_10",0.8258724406514211
"180_10",0.9976734803200207
"5128_1",0.0009403227704885512
"471_10",0.9285365466150118
"2341_10",0.9713496801769801
"3204_7",0.876866893024594
"1818_10",0.9961460069857184
"4489_10",0.6002846467951906
"12034_10",0.3913129650738373
"11264_10",0.9965915562427484
"8077_7",0.12101571028936617
"12206_10",0.7690603765356082
"11549_3",0.005865790190167878
"8993_10",0.9347015674075609
"1937_4",0.5096376698329146
"7778_3",0.3887445091344134
"9714_9",0.11562306370075016
"7219_4",0.0010511112016706684
"6518_4",0.018497124475522632
"8421_10",0.9893757812878871
"10563_2",0.045870838564770935
"2527_9",0.9598673692689413
"11147_10",0.8944185252899773
"832_7",0.1574229806369935
"8972_7",0.3633541648346587
"2311_9",0.9840458603667813
"6794_1",0.019886808667488202
"1769_10",0.9978948408418589
"11130_1",0.005276760146883191
"8331_3",0.015818897601998113
"5564_10",0.6523835564947458
"2594_10",0.9480003471485586
"11037_1",0.7004256427868697
"6679_9",0.6017260004787588
"419_4",0.21135509241101672
"2635_10",0.05435191881221087
"4436_4",0.5961340841651068
"10972_1",0.005911300013990359
"708_3",0.5029114490054035
"9113_1",0.039809269741885506
"1438_9",0.9906654081031913
"2048_4",0.00012061401288932544
"4488_10",0.8635797851079958
"7889_3",0.6985578492201239
"11498_9",0.9816859153132123
"8780_1",0.22711728497728717
"2036_7",0.8642678622855549
"1861_1",0.10363726372692911
"581_4",0.1309040516137111
"9253_10",0.9403522182074161
"977_4",0.06481847100351057
"5693_7",0.7939151340314478
"6515_9",0.8809448791358572
"9378_1",0.026495334248408255
"6695_2",0.024773187286404253
"8507_1",0.018154867175994287
"829_2",0.036581959364801776
"11023_8",0.9926010017451302
"70_1",0.0024681736162251297
"3669_8",0.429654941396117
"10033_8",0.9734791806120627
"9158_4",0.5141166796166037
"817_1",0.00810593075014705
"4679_1",0.003294014360473587
"8133_4",0.09070123164965944
"3531_1",0.0642353623861737
"10742_1",0.014918191621243493
"5579_3",0.031907272985242846
"9041_1",0.03367286133904503
"4938_1",0.007392264143444516
"4246_9",0.22059958820483197
"4275_9",0.1561637502111035
"6819_3",0.01844721744979007
"6327_7",0.21817254690716767
"6101_10",0.6643758771045676
"11852_2",0.009773039413858297
"10252_10",0.8704191730216159
"4348_8",0.504915560058213
"5328_4",0.07979613254227992
"11964_9",0.863125508590692
"8634_1",0.419351308987358
"3702_8",0.9965696996310536
"1677_2",0.004211402025446231
"5907_1",0.16129056624025448
"8432_10",0.8469685049256247
"3570_3",0.8878212154260876
"9624_10",0.8527572487073791
"11466_4",0.03240022906874162
"9062_10",0.9950734574280004
"12336_1",0.000671672743825853
"3476_1",0.12377779355324592
"7033_2",0.0012391079290584592
"2660_3",0.3657536228308471
"741_1",0.029542866446690387
"11490_1",0.026622058988272652
"6580_7",0.9837393111228343
"1807_3",0.10123012259126118
"4785_1",0.01936704100342086
"6319_10",0.381855412158154
"4437_8",0.9933024705781159
"3533_10",0.9958944993287845
"12119_3",0.29874113499218
"151_8",0.6193961708752607
"7829_7",0.5456532056573222
"5497_1",0.022591284581918964
"7477_10",0.9209286608244376
"5879_10",0.9863219472623895
"8068_10",0.8353775902812824
"7989_3",0.734402982144491
"8480_10",0.9016668526144384
"10352_10",0.8296677389009145
"120_2",0.0009090760726599173
"10135_3",0.07114978560168621
"8091_1",0.0013492854462368222
"8505_8",0.8615688228435282
"3282_1",0.7868770621363808
"11570_10",0.9477366141128178
"11052_8",0.9959844642287448
"5549_10",0.9067056820750614
"3891_8",0.9954233532977081
"3537_9",0.7736824475190716
"8503_3",0.5266413461942732
"3995_4",0.15922295995351776
"10979_3",0.004614666667536721
"11681_1",0.06462740035955628
"536_7",0.1666395611318095
"11739_8",0.8482606372511335
"6951_10",0.9660869942656286
"6210_2",0.09955729776325954
"1449_4",0.4079919936634002
"11860_10",0.9329001465064857
"11149_8",0.9811783257557296
"4021_7",0.9945000963562163
"5104_3",0.562903036383488
"2989_3",0.01362808912280497
"10112_10",0.999693417613165
"6718_1",0.00042632465594656254
"7654_4",0.027743699468092502
"9481_10",0.9277652168983498
"7984_2",0.018042463618315983
"1348_8",0.9315396548234681
"11079_8",0.500524870043945
"9554_10",0.8604592354041618
"8617_8",0.9842612499207491
"315_8",0.9913662008281168
"6085_8",0.9991689362058083
"1823_9",0.9995547643182032
"3208_10",0.9985857350221312
"924_4",0.5980633291792798
"6479_10",0.8583658123373327
"7017_10",0.772658545186748
"8595_4",0.3167308178190092
"4532_10",0.9891093488717356
"5145_4",0.5103245994290483
"2358_7",0.9708886112690309
"11151_4",0.06763372502704704
"10238_7",0.9902874814007817
"564_9",0.5233269308712611
"4054_10",0.9945845269675242
"8852_9",0.9936062959375369
"10137_10",0.9915400405719248
"7014_3",0.0012700894634374916
"1533_4",0.0006062392055581145
"8257_2",0.18169264002946223
"8719_8",0.7770305661960343
"5041_1",0.006774450643170602
"1469_9",0.9491915299116879
"11726_3",0.014288724366783738
"2002_1",0.010532684107472814
"12293_3",0.023897299116062923
"3672_1",0.0007919361470519816
"11110_10",0.9720061334820778
"3931_1",0.7917656499481258
"6972_1",0.010401880724191645
"10186_1",0.005228679182132452
"9265_3",0.2778672998097061
"7412_3",0.07219809283572534
"5427_2",0.0344325048085226
"5006_4",0.08991478990208368
"3199_1",0.011336010042440343
"6256_8",0.48554530102604526
"418_9",0.965168347947458
"8834_9",0.960596981437603
"5093_10",0.9905813121557354
"3190_2",0.017592720056890842
"12360_4",0.0098360159426385
"9477_1",0.06325499028624501
"6085_1",0.001598712116877197
"7773_10",0.9586605608946102
"255_4",0.041470512287541485
"1661_1",0.000314376021497918
"1627_10",0.9556693933879782
"9204_2",0.03960445828144326
"3704_8",0.3561235436686677
"11898_9",0.9892649783745204
"1137_1",0.039866783088403135
"101_9",0.18215738173836288
"1142_1",0.0005485105290097898
"5314_8",0.9844437774230724
"10932_4",0.0030233297464855972
"9639_2",0.07169161389394162
"12125_7",0.9826221496468273
"10998_1",0.002495736031042293
"5186_7",0.5792701645553504
"10340_1",0.631141051167092
"7419_8",0.9617300706103299
"6929_3",0.11649431896381927
"7238_4",0.01703788346754234
"10869_7",0.29197687005318157
"4106_1",3.733454941118495e-05
"6589_2",0.2106785874753849
"9619_7",0.7562466247974787
"7116_4",0.4267778058457666
"8889_1",0.0005191955442670283
"3901_9",0.9980054758534853
"7052_7",0.6806707523682025
"6439_1",0.0006301541406812496
"5309_1",0.5964473965247793
"4515_3",0.03655205256569787
"3029_4",0.5780396213630631
"10310_1",0.008122758167312874
"12350_10",0.9885414655379589
"532_8",0.035662088470747304
"11145_8",0.8675095338782308
"75_10",0.9961005799142509
"6137_3",0.003281594544937394
"1637_2",0.0035666148544855687
"12327_10",0.9961369431868261
"2177_7",0.8944572009500611
"1879_1",0.05476950642286872
"8745_2",7.102726556257816e-05
"3099_8",0.9334489838395861
"7354_4",0.005935690664405889
"10103_1",0.00038915995141470714
"3296_10",0.9456970667473354
"8494_9",0.9729383369654928
"3423_4",0.4405777636506899
"7609_8",0.5920712857148797
"4265_10",0.8210639174437865
"1872_7",0.9672189224207098
"10987_10",0.9942700507391316
"2849_7",0.8368232861872829
"628_1",0.0237834860964219
"1391_1",0.08650785012372927
"7456_1",0.00081886595152107
"12150_1",0.012215100539163477
"7718_9",0.9929146553275895
"5787_3",0.07102796116345271
"12162_8",0.8990950307348544
"11670_7",0.6982647940878004
"1784_8",0.7158360400985775
"7483_8",0.8447472681339576
"9564_9",0.9405360143320077
"10832_9",0.7889169414189545
"12230_1",0.0010352931954845357
"2291_8",0.9946524621125918
"8416_3",0.4188497610011436
"9486_10",0.995746226951959
"8153_10",0.9478293227272132
"5164_10",0.9255498610887934
"6347_8",0.979181824842477
"7773_2",0.07293227811720938
"12215_1",0.006328291827356152
"10039_8",0.6037579763047568
"9803_9",0.9666694663326981
"1589_1",0.0787352074598016
"1615_9",0.8484483652502888
"119_3",0.0028298581573779464
"623_8",0.994710096416551
"10427_1",0.05185034121557441
"11697_4",0.09216229491613916
"6168_2",0.015118429586454173
"2658_3",0.02308351864762122
"1841_4",0.005595470866361039
"10572_1",0.08954066671464438
"6964_8",0.059854296396037315
"5172_1",0.04284423214582023
"989_7",0.9553139494402783
"159_10",0.9997147495670322
"5240_1",0.0018879384537847518
"11777_1",0.001981186698471964
"8350_3",0.00830959900407976
"2565_1",0.03877824763140367
"7694_10",0.9995004664587638
"7759_1",0.27919113128518797
"3003_4",0.22239972417126477
"7128_2",0.0005876756867597356
"8147_4",0.00863168012369295
"6595_9",0.5479769557663813
"8949_3",0.29360173027623104
"9848_4",0.07444413065964996
"7496_8",0.8437772102432856
"11857_10",0.8147715693786342
"3237_1",0.03169973085500604
"5404_1",0.014196838522511622
"10699_8",0.9436827364431678
"6138_4",0.09178794334727886
"909_4",0.595510943434489
"11833_10",0.9876822720934596
"11817_10",0.9994601769389484
"171_2",0.10960291987427266
"2517_7",0.16079619128050282
"10307_7",0.2348090998728381
"370_2",0.18907941573852816
"5995_8",0.8144848253853639
"4612_1",0.10658662604873215
"6561_8",0.9084948931865484
"7454_1",0.0016085751332132903
"2951_2",0.009887584248181926
"8860_1",0.0060918542827239665
"411_3",0.006981995622966442
"664_3",0.0002548221838318913
"4345_10",0.5737064176373572
"4452_1",0.3802384769336967
"2833_2",5.1334525960276295e-05
"10374_3",0.20541011469733142
"9322_1",0.020642805774222124
"9923_3",0.014864663915427376
"8687_3",0.0007305002121558035
"7567_9",0.9676481464021283
"137_3",0.004577956289525822
"7872_1",0.0013525665390982026
"6968_4",0.08054450022120292
"1540_10",0.8765261396881268
"9157_10",0.9361787930280903
"4102_10",0.8354065681077582
"6645_1",0.5281630707090192
"7630_10",0.3964850402414612
"3958_9",0.9939485897615833
"11437_9",0.8774887229513545
"6982_1",0.21803054409737735
"4870_2",0.2924064642365289
"3545_7",0.9793736069675444
"204_1",0.0017376530354481674
"6844_10",0.8210167797343441
"4736_1",0.008447947044879127
"9120_9",0.8649273135623515
"1608_1",0.012399698966113301
"1251_10",0.8987597894710613
"12315_10",0.9652304305234363
"11754_10",0.9976602771102844
"2399_3",0.39826367065126106
"11499_8",0.9783071615264756
"3870_10",0.9804739807311663
"5503_10",0.9081215190975913
"4045_10",0.7937533191584047
"3063_1",0.012142626415769285
"10914_7",0.14961880924824128
"8509_10",0.9268260282081792
"5872_1",0.0014193442519011736
"5729_4",0.0049977791762319595
"10865_2",0.005749781991361389
"10218_4",0.36023627604784736
"2096_4",0.49523911222476724
"11344_1",0.034307070989943046
"10623_2",0.1885078069572051
"11241_10",0.7858955553973137
"7254_2",0.14438659174324736
"7892_1",0.0006663418157679472
"3472_8",0.7742853965360558
"11637_4",0.40709201521315486
"11853_9",0.9350399543912995
"1096_7",0.9705632949404597
"8508_3",0.3134242674518629
"9400_10",0.9994914750179935
"1128_10",0.9236297903757151
"5989_10",0.9921534453934326
"8021_1",0.0008270226943974987
"7860_10",0.9914560720544052
"1131_10",0.5726820265326646
"5589_1",0.04488125492819153
"5662_8",0.9925949863751012
"2161_7",0.7432736363592594
"323_10",0.9968219821249434
"2431_1",0.6560122587356262
"10147_7",0.8502259738536058
"2956_7",0.7840348545786281
"12005_3",0.21500206136717961
"477_2",0.13945985477894626
"202_9",0.9938842685405319
"5710_10",0.9997552010135584
"2262_7",0.9920839807656958
"7103_8",0.82304846861132
"10237_3",0.0320392194170729
"12151_1",0.0248583505314143
"7485_2",0.0009966282366458703
"2438_10",0.9780776000130669
"4069_2",0.0015678557052158863
"5593_2",0.004650621792273434
"11163_1",0.10407467652845183
"6754_10",0.9998538277266651
"9147_2",0.14083998279623616
"9614_10",0.9980090188033843
"4427_7",0.5193354421134725
"1382_1",0.020833869626169135
"11132_7",0.8859286797045056
"6371_3",0.007433541239671938
"11221_4",0.04998688663125609
"10071_2",0.33877857777976844
"4936_2",0.018620989598330882
"1797_3",0.10233440471920577
"6692_4",0.5301199727415548
"5816_1",0.3266359741860498
"6163_2",0.029054499592824627
"2042_8",0.9490108905667028
"856_3",0.017009958369263
"1233_10",0.9926089693346984
"9537_10",0.9610572457729434
"9504_9",0.6745890599631912
"788_10",0.9863464661152386
"3399_8",0.9365888685247474
"7142_4",0.006858172951691542
"10371_4",0.7502443260024277
"760_7",0.8637285923182697
"3614_10",0.8731526046454245
"3314_1",0.0642564626990496
"3447_10",0.9320925929086099
"12240_10",0.36124931811751004
"10083_10",0.9354807529648759
"9936_10",0.9638869888166837
"7651_10",0.9890064430358797
"1470_1",0.002461845896908061
"2703_7",0.8241111134419902
"5637_10",0.9874295206453456
"6102_1",0.1132266494428519
"8991_8",0.6662992524717939
"9606_10",0.8078760881514649
"10568_4",0.04792606376705857
"7126_10",0.38452636775954097
"4203_10",0.9922194627923026
"4486_2",0.0011254972731959843
"3408_9",0.8800341144167142
"2867_8",0.991710978332122
"7338_8",0.9723701436027773
"8065_4",0.002487535233236758
"2510_3",0.004093607400389141
"2110_7",0.9019449499190992
"4097_4",0.36822549627201484
"7484_8",0.4501528199700893
"5789_10",0.9879756899185498
"8070_2",0.000969337851406037
"867_2",0.00010173004447491018
"1364_3",0.4033791581072292
"10654_2",0.003548353302582975
"12417_4",0.5154012712980651
"10470_10",0.9907561760716325
"6544_10",0.8439019227227728
"8904_8",0.6278373253467946
"10282_2",0.025733958503545745
"497_9",0.677258157992462
"2659_10",0.5459672977140032
"9609_7",0.9302095231323162
"3010_3",0.5886112457783074
"9134_1",0.016657420302963667
"8990_1",0.10296103641516431
"6960_4",0.42401632895207475
"9566_9",0.15830639207065456
"7923_4",0.0853000547939647
"4542_10",0.9864357557687994
"7185_3",0.0011465638682393326
"1918_10",0.99719811264783
"2316_8",0.22104921772412972
"5846_10",0.9593087370919725
"1023_10",0.9880432926014115
"7141_7",0.5849533188191871
"3724_10",0.9765677372511914
"3617_2",0.007964092623870813
"7095_1",0.0037544215355885314
"12201_10",0.9892788539793036
"10309_2",0.09050936252008698
"5584_8",0.9976274218265613
"2063_10",0.9625435621968189
"10874_1",0.02607591673015494
"4084_2",0.2763764176674375
"2765_1",0.002191373278414902
"11390_3",0.21928562742993776
"4676_1",0.17880904385876117
"2130_7",0.030750710015406184
"12032_7",0.3552637226573289
"9671_3",0.0041314064311730936
"816_7",0.9502056258848127
"11320_8",0.8759725986011172
"1458_8",0.9977580221230054
"1938_7",0.844021631626818
"2861_8",0.35692207187716707
"5768_9",0.9931416930143919
"5049_9",0.9533458884377894
"8083_1",0.19912044726578026
"4825_1",0.0006301541406812496
"1740_9",0.996706885741071
"3034_10",0.5835165530748998
"9977_7",0.5880345226947515
"8459_10",0.9131516949108893
"1103_10",0.3859712025387866
"3783_10",0.8597608835598719
"754_2",0.307461718978934
"5580_10",0.9349707187040476
"3472_2",0.03368560161633568
"2640_3",0.05759399166572461
"5400_2",0.00889562938782405
"5881_10",0.9251520090006322
"10970_4",0.8628283834035085
"8842_1",0.00791072776316115
"5336_8",0.36481573376773996
"1398_1",0.6512036133422926
"12310_10",0.9507101127595057
"6012_8",0.9253526258507928
"1508_7",0.10851786547045171
"2981_8",0.9606736985793699
"576_8",0.6376074523791218
"9683_7",0.24441000818215877
"10336_1",0.1592836248729235
"3345_3",0.07959234701844176
"7683_7",0.9646707275518266
"6366_9",0.9095615720336875
"6741_9",0.9942516211137817
"11396_2",0.32034219813733134
"4964_10",0.8789402727417227
"12285_10",0.8973815814788871
"11018_9",0.7376918606140122
"3902_9",0.8362958946847151
"4147_8",0.12673258597996795
"1748_10",0.8637280995128762
"10084_3",0.13777573294098383
"3265_7",0.9948134105341834
"6160_1",0.3962542345458586
"2984_10",0.9997251962917155
"1305_1",0.0038249400567410474
"9075_4",0.4408825850195635
"11710_7",0.9631348972176992
"2443_10",0.9917722529008693
"938_10",0.9251630905593047
"1392_7",0.313744683801319
"10406_8",0.563526219855661
"4302_7",0.9960254909834535
"2836_8",0.8009614516327292
"2365_3",0.015735016091443992
"98_1",0.27626173495121753
"8325_10",0.9825653038982468
"300_9",0.9152014922018963
"7667_1",0.4912397061426349
"4313_10",0.5977859447325845
"12450_3",0.04055157516546081
"8582_1",0.09379441325286861
"11325_9",0.6050606857324301
"8482_1",0.1497064126420794
"7304_8",0.9959533435626541
"9439_1",0.0005108899925950075
"2656_10",0.977180310483627
"4306_3",0.4677081104943711
"10079_1",0.001811986316611145
"11172_1",0.012162009734834495
"6095_9",0.9548746525570605
"5698_1",0.017268429254934048
"35_1",0.8222255624494689
"6043_3",0.05961381577881124
"2261_1",0.0016793591805605505
"4784_10",0.9660572635726813
"10936_7",0.3511804701182423
"5316_10",0.9762610802216958
"8361_8",0.9743002666908575
"10373_2",0.0388392590667759
"500_10",0.937107591296775
"371_4",0.07930206249886644
"3434_4",0.015379159724254576
"3654_2",0.009695207858449666
"11280_2",0.2937508513428358
"6542_9",0.9358501576871585
"10313_10",0.9657320251277188
"7267_1",0.1815652300011919
"11897_3",0.3301295252621934
"7321_2",0.013342873261289736
"1516_7",0.5285097937099458
"1640_1",0.051448636464821756
"9456_10",0.3895993549887796
"2769_10",0.9152290591841924
"6280_7",0.9744041926754504
"12399_10",0.9744131272276634
"6206_7",0.8182145042326432
"8836_4",0.3456685798721395
"5254_9",0.992349270386112
"10903_1",0.0075404419012584665
"3966_10",0.9587454707990533
"4048_10",0.9906040614505682
"1528_9",0.7442792056123574
"6219_10",0.8856674615700363
"8280_4",0.18265061334659421
"7974_10",0.9210063296523694
"6956_8",0.9873545346466691
"5975_10",0.9963736000415149
"6759_10",0.8738310200077635
"963_2",0.08171374900490279
"12158_10",0.3580208944049075
"148_1",0.6780518196154507
"8831_1",0.11618752959654403
"11556_9",0.33169686061159015
"9038_10",0.7853222327175637
"4421_10",0.9622524990716134
"5236_8",0.8655722935749691
"3753_10",0.6517572744313409
"9334_3",0.2930091646883042
"2444_4",0.052608804126167245
"2890_3",0.04762231195691089
"9132_9",0.887835791443972
"11413_10",0.9371758633272778
"3424_4",0.11330324964193861
"1258_3",0.1384864156630744
"5277_10",0.8307634009452871
"706_10",0.997712573699544
"3527_10",0.9924640926968196
"4081_9",0.6793419741997407
"3895_2",0.31812106758854947
"11528_2",0.011655699124052692
"7285_9",0.9926177273023216
"12339_7",0.48517354820338277
"729_1",0.09866977443177012
"6291_1",0.0454242002907783
"12296_9",0.33169686061159015
"5913_10",0.984792473423157
"7770_10",0.9962658956071655
"9546_2",0.0007165490157245316
"2383_4",0.9438574407031062
"6802_7",0.9507650950190087
"5445_2",0.05591817270065074
"687_3",0.007152479957079825
"9982_8",0.9276783870386112
"11830_10",0.14252307666849182
"4271_1",0.01535530477000159
"7279_10",0.9772213832454145
"1599_7",0.03307547093019167
"10880_10",0.9840339823997818
"2838_10",0.5308667074092713
"4234_9",0.8885940932512709
"7674_2",0.07483486829999729
"6156_8",0.9487514652477284
"11657_4",0.07466125524247443
"11738_2",0.0262111468210651
"11962_8",0.8270036003891938
"10966_8",0.9611046418260453
"6421_1",0.0001590688988683766
"1476_3",0.0917163547352511
"7022_8",0.9962846185893317
"11500_8",0.7717323252237573
"6263_2",9.677221708394754e-06
"8989_9",0.9683153204319322
"2395_9",0.8750377533196789
"9311_1",0.5682644516555964
"6386_4",0.0027554000492595577
"91_4",0.19930427796252637
"3759_3",0.24899432211828415
"11766_2",0.16205092131968352
"11290_7",0.9877145396633268
"5627_3",0.0640930127849812
"3278_1",0.06999650118594591
"9682_9",0.756855864602282
"11894_1",0.008839959620532002
"10387_9",0.9577854407189957
"884_8",0.9916931414685924
"8408_2",0.16581005597451764
"5772_2",0.28874326053746535
"11422_1",0.005223947901116883
"9709_1",0.010909424712498787
"701_8",0.931419372801147
"2721_8",0.8448215070554689
"4875_3",0.1640843263156845
"6356_1",0.0008895452022183778
"7446_3",0.11255778906339677
"2440_4",0.7067890257879754
"9732_1",0.0456000106535559
"9109_10",0.9854014740714266
"7578_2",0.9703402950453437
"11017_8",0.939224108399622
"12498_1",0.0012882141991511307
"4942_2",0.1520325092531274
"4939_10",0.9867278173971727
"8451_4",0.9127796810435224
"6274_1",0.32582343452649476
"11635_4",0.11904049149603078
"8931_1",0.03994150971140696
"109_4",0.4602099385423972
"11744_7",0.8999860775186523
"5351_4",0.4681041330555766
"1120_9",0.9905522698634577
"10494_2",0.10712915490625485
"5317_10",0.8660333918395982
"6139_2",0.03619155224520837
"12322_8",0.858144341065296
"11239_3",0.05584389991971665
"4815_7",0.4802618891756392
"11979_10",0.22048691549649302
"254_10",0.8844307087484822
"10286_3",0.540844430705168
"6457_10",0.9967184418828297
"4662_8",0.9733934428110966
"6298_4",0.08855534698886802
"2704_4",0.9297457246934089
"11313_10",0.8902659849860266
"187_10",0.9989811342738342
"1166_1",0.030624472819490687
"12126_3",0.00713159686619057
"1813_9",0.5855008354741309
"6282_10",0.9984728636830161
"10525_7",0.9725904652293649
"8887_1",0.13100198340391794
"11605_7",0.06004976192789018
"6533_1",0.0005485395463954321
"1210_8",0.861799917202877
"11904_8",0.9002682053183142
"10659_10",0.9802722041336412
"7004_4",0.08155234259916824
"10260_10",0.871495982432711
"11997_7",0.6865707806788803
"7850_4",0.5662668341218228
"2085_3",0.05677505362214484
"11839_1",0.004187216025721403
"419_9",0.9925839229939524
"4157_10",0.6673192059624534
"8253_8",0.9826912360099909
"11268_2",0.0012850680691216556
"12119_10",0.9621756727389538
"10259_10",0.20504715667155712
"978_1",0.24499514361214633
"6848_4",0.618035062899844
"9368_4",0.1033476288936361
"7863_9",0.8706668374315327
"4157_3",0.033772519869535306
"4184_10",0.857955307080165
"2888_1",0.0009293530238046839
"8073_4",0.04720126972951905
"1755_1",0.16835600225968675
"7688_2",0.2927911175573782
"5966_7",0.6194896646333055
"10673_9",0.8750702683730499
"4110_7",0.6879223836696147
"699_9",0.8603022979008916
"9240_2",0.13940329965045156
"3651_10",0.9616722511291945
"3933_7",0.9669816841948139
"2960_7",0.9249968368181604
"10664_1",0.0009540602349513503
"358_9",0.9348130596091749
"11200_10",0.9198170413370725
"4471_8",0.9476875383970771
"11661_2",0.08479193477960051
"12304_1",0.062340171585927924
"2442_4",0.3572854702091948
"7134_9",0.9691139380950409
"4214_2",0.37744451699530923
"4869_8",0.8523040432501473
"6372_1",0.7242464338393635
"10236_4",0.245832967845069
"12189_1",0.8293755222192376
"9715_8",0.8515575413795665
"5751_10",0.8609630159494874
"166_7",0.3477564309223439
"11889_2",0.40510028229690415
"5098_1",0.7299965519872431
"8126_7",0.9985457005991637
"9302_7",0.7574887812906659
"10430_10",0.9309360827952304
"445_9",0.9733174243892094
"4550_10",0.9717765848502506
"10995_10",0.8871965215968759
"7154_1",0.0008847855988085765
"3983_3",0.001181913591629686
"1446_9",0.9959506773955172
"865_10",0.7732947189588278
"3012_1",0.029062084336377088
"3562_3",0.2627606109153409
"2551_1",0.00034343322376248297
"6440_1",0.19720252036435873
"10241_10",0.9978987007140975
"1542_7",0.32535739672445346
"1405_2",0.02723850458945437
"11835_10",0.980798621058191
"4023_3",0.07663141542798252
"1287_1",0.00014285754124966925
"11059_2",0.042390546449692715
"2583_8",0.5447250500565229
"1550_2",0.14407810986423428
"11382_3",0.024573680611329474
"5567_10",0.8577378009071309
"11033_1",0.0406709415772165
"5543_1",0.0026252557969424517
"8631_10",0.7918527660419217
"10871_1",1.7280769893112957e-05
"6955_9",0.9990192611094686
"6254_4",0.7215593781265622
"2179_4",0.3443257115192156
"7559_8",0.9239771445373296
"12431_8",0.9765504617556715
"279_10",0.9629334685349742
"2127_8",0.9952174559588881
"3803_10",0.902571022147414
"12200_1",0.0008211374530907607
"3480_9",0.8253598359415485
"5156_8",0.9052325641831717
"1718_2",0.008715914640258489
"12145_9",0.9993255194286753
"1560_4",0.20621624356838655
"11646_1",0.007266254733355882
"10378_4",0.05076398624912378
"8281_3",0.0019862530987671432
"10393_9",0.6772823170837079
"1402_4",0.7379998438431872
"3958_4",0.009606641555469211
"3676_1",0.003073680822351999
"3709_1",0.00045809649927238067
"10668_7",0.6676794890319124
"11972_1",0.011157486328784542
"4842_1",0.0008590632764181545
"1889_8",0.9785519330296849
"3990_1",0.013115444473504803
"6467_7",0.9801643557771185
"5928_4",0.4241010237374952
"4639_10",0.9808057301370037
"4748_8",0.990429225488316
"5417_10",0.9977627815595665
"2351_4",0.0012943796932389188
"4365_1",0.0037387287644461064
"3591_2",0.015941155315528924
"5914_10",0.8467048522761925
"8099_2",0.15641217177009858
"5510_1",0.0008053501508219602
"314_10",0.9969912772543714
"8544_10",0.9446809150342468
"3799_1",0.19523107518924002
"5650_2",0.005370443241932008
"1646_7",0.27632061221322796
"11586_9",0.9549041016250371
"2389_9",0.9814685845350664
"908_3",0.011367216801364701
"654_9",0.9961313082284202
"6323_9",0.7934773796440423
"3014_7",0.8535192603511137
"11312_9",0.8064722378013064
"5457_3",0.12636157811864634
"6071_3",0.26480360138542314
"12459_1",6.456366096693383e-05
"8639_4",0.006929377441549219
"3600_8",0.357622087706746
"9052_3",0.06637307567572542
"528_1",0.011829388325586804
"7692_1",0.31699491918824374
"6885_3",0.271285491174067
"11395_4",0.964397184638115
"11763_1",0.9310540039387506
"3631_1",0.11446639506495185
"4296_3",0.6389206687789494
"4810_3",0.22502482047167888
"6660_2",0.005840820299129602
"850_7",0.879065341565529
"6731_10",0.8957206132906242
"12129_1",0.0020767778508686253
"11525_7",0.8058417955590471
"5782_10",0.818775467046191
"4613_2",0.06397219532464282
"4460_8",0.4370687154018187
"2992_10",0.9365794665419626
"570_9",0.8509604572348753
"5908_4",0.8019965133281628
"4677_4",0.1433439746570053
"5791_10",0.9161336644551862
"5718_10",0.9485138452766402
"12453_10",0.8274912221973078
"8364_8",0.7108745190536577
"7761_10",0.9342003441264147
"3459_1",0.0720868975311927
"9169_1",0.006628903573161445
"12022_2",0.3815387941111059
"10869_1",0.009071715551472145
"4997_1",0.0001871863282590609
"2430_8",0.7535490539856189
"5011_4",0.014350433527336608
"3011_1",0.0013933908367151858
"8425_3",0.06577245394486221
"6517_8",0.9484966627133246
"9300_9",0.9558590342834201
"840_8",0.5932582949477353
"2662_10",0.9968979980673406
"2724_1",0.11019952148561182
"5654_10",0.12587812982027682
"5574_10",0.979771550997389
"5606_3",0.0031850805521885057
"7717_8",0.33150791119077355
"11202_10",0.6059408854302581
"6889_10",0.9911641132603218
"3712_10",0.9885084515861216
"3042_3",0.00251223808749543
"7858_8",0.9048784568163307
"4902_8",0.9963460371361285
"11885_1",0.07013171146280975
"7582_1",0.17571855277003678
"8450_7",0.6649174266000881
"9368_9",0.7624691097116373
"7616_8",0.9983824220715128
"4443_3",0.045167474028222646
"2344_1",0.0002237234974048524
"11861_9",0.5807282199417712
"7738_8",0.9971352167179299
"327_10",0.9482445763859123
"8175_4",0.005760095723446572
"10189_10",0.982451624486165
"8691_1",0.03528680659445384
"12236_2",0.011292694654980725
"7341_3",0.9669048384752027
"3261_1",4.634742935393512e-05
"8809_4",0.00912788757192857
"3735_3",0.054595939707206234
"9339_8",0.7188437048525619
"8242_4",0.6616472033474379
"6787_4",0.15070343287243554
"4379_4",0.042841724556132166
"5967_4",0.8297220815796575
"5568_8",0.8885363971811474
"4579_4",0.07562253931865767
"7066_1",0.018845601336855346
"12323_1",0.015131511060004352
"2673_9",0.005663428038361605
"2639_7",0.5695129849111282
"8323_10",0.8894517606072977
"246_10",0.996510957274215
"653_1",0.2262599324582539
"2407_1",0.007178323769952216
"2795_1",0.0005909424008243221
"11793_4",0.16533655302808017
"2848_4",0.0998669949057344
"6040_4",0.09065481250462765
"9388_2",0.011740125696802581
"909_10",0.9732701414485387
"2567_2",0.09573688411445092
"4473_8",0.9641048653272687
"4451_3",0.020959189645119624
"10296_1",0.05550809574668118
"5111_7",0.33269710149746706
"8281_9",0.9915340503319716
"4957_8",0.8253838365344933
"8249_1",0.21809041943381316
"1572_3",0.5552608402923117
"5718_2",0.8629740842074205
"5959_3",0.18058713233991525
"3013_9",0.9638085741115167
"3544_1",0.006938623409849275
"11250_10",0.9840765841527688
"5162_9",0.9416150587862864
"8872_9",0.5520477359479085
"11122_8",0.9928232998568887
"991_4",0.3614575526927067
"6322_9",0.235586652223203
"7065_8",0.9226473297131917
"9704_7",0.5142647129054945
"4317_9",0.7137334822738841
"11622_10",0.9935441575739173
"10725_7",0.8537857150980201
"6549_1",0.00023456939758418008
"9062_3",0.814675576452016
"10253_7",0.970307025322363
"4035_9",0.9858406224484341
"5437_1",0.21714234507610236
"1779_1",0.001737195594066654
"8740_2",3.440621897753151e-05
"10175_7",0.944396038612211
"5331_4",0.4081696312233445
"9506_3",0.06534909363239431
"11199_4",0.01378797796621093
"9948_2",0.0338114503877231
"252_9",0.9408013977876791
"1094_3",0.2925491328921244
"9145_3",0.5403688962014727
"506_8",0.15494840251734499
"7126_1",0.012093233542922664
"3317_1",0.1722846998229911
"11439_4",0.043825964631743326
"6583_1",0.012084422525904862
"2805_8",0.9923883060854801
"1841_10",0.6262913638789626
"2698_3",0.04195916196226046
"6956_4",0.02887461565035627
"7664_8",0.9619721442042555
"97_1",0.011763745686185578
"4588_9",0.4816070629688019
"5220_1",0.006846769424170769
"45_2",0.0037487629880501886
"5812_4",0.17088579980898572
"6625_8",0.9911596144611144
"2816_9",0.99124857045144
"11463_1",0.0024356044342000054
"158_9",0.975309091756839
"6633_1",0.010925671491733121
"1184_10",0.4722180412700669
"3967_1",0.0102134664918594
"6653_7",0.8222224415157614
"6093_1",0.006001423053328326
"2932_7",0.6341176848093927
"1522_1",0.015127347419480495
"2529_1",0.04570508349199401
"1475_1",0.07065477670519624
"2027_8",0.9789854667977729
"1854_1",0.0011254374639537883
"6269_10",0.5269412254734361
"2184_7",0.7427141389228233
"4923_3",0.4771909030027189
"10827_9",0.9772645953008612
"10885_10",0.9975243863364618
"3281_1",0.005587567257810176
"1468_7",0.9768695206977401
"104_1",0.011897404025616353
"3898_3",0.03983289916411416
"10973_7",0.9528660509893773
"8900_7",0.794562452200214
"10735_1",0.07765810355604748
"4992_1",0.0006125258869445182
"368_8",0.997093970215893
"6709_4",0.00041688630249655314
"10453_1",0.050921065295508605
"139_4",0.5618108547155211
"12079_1",0.0007903727234547984
"7001_4",0.25259019188639487
"10533_3",0.7170994711192026
"2307_8",0.9845793711476853
"7241_9",0.9250510699164954
"7717_3",0.06159944587663351
"6223_2",0.03494427951242132
"9500_2",0.00019820506537328832
"669_10",0.3321253915117755
"1596_3",0.21118015882853794
"3576_7",0.8414126838891383
"8263_8",0.93888345718585
"6832_4",0.11491456490652512
"5158_9",0.9903302788435702
"5899_10",0.9715318246140224
"5794_4",0.7604046157698222
"8854_10",0.9941909956035222
"11036_7",0.8472891185450234
"8803_3",0.2634120133935595
"5733_4",0.00883054469749913
"5268_10",0.8401122217152076
"12297_2",0.09770924665566087
"6862_1",0.6671201223952384
"5515_3",0.005677067652491194
"3382_10",0.9152927481221502
"6738_2",0.00014000545123556523
"3832_1",0.018875203414895646
"10210_7",0.9711690570517787
"12080_3",0.08547630461606584
"7748_2",0.054197316080269675
"4788_1",0.9903757903936306
"182_10",0.832391683200369
"4478_4",0.008204543963470673
"6544_1",0.00032034865952883186
"2705_7",0.8348295730811919
"10334_1",0.0005169915387478847
"10374_10",0.9847355193962746
"2031_1",0.0014640659712284797
"4671_7",0.9941208050234194
"6231_9",0.3154385670897797
"9077_3",0.03589728009650174
"6381_1",0.11363938312027178
"216_2",0.013005898525827517
"9956_4",0.432078849081356
"10882_9",0.7337863054606868
"6192_10",0.8979333184970206
"10442_8",0.9859500122427808
"3199_10",0.7204500208113053
"7649_3",0.10789866529814379
"1793_9",0.9118891170193786
"7987_1",0.17691056010015768
"1678_1",0.2573022873849383
"8176_4",0.30525785337374656
"4674_2",0.09001056669393916
"5751_3",0.3051669020292266
"6904_9",0.8975748188405137
"8869_1",0.0035665460704783856
"6844_2",0.0013466893879713836
"8744_2",0.006190271219223449
"5430_3",0.532300423257285
"1556_9",0.9311864279882911
"10830_9",0.9984998820632226
"5642_8",0.741964720467417
"3337_1",0.006930547242263308
"5339_1",0.0002866673679907434
"9198_1",0.024794930234620483
"5759_10",0.9741580048935916
"10632_9",0.8746786355058442
"2067_9",0.9723517600680972
"3442_10",0.9610248793683349
"3341_4",0.13378782906254355
"9055_4",0.34914372697471596
"5793_8",0.9432218070032694
"896_8",0.4728351488518716
"1804_2",0.02963524963194592
"1134_8",0.9253530348272466
"5532_8",0.8978739002314711
"2453_9",0.987147284801711
"8113_2",0.040993618018156215
"12046_10",0.9998682045120666
"11873_8",0.9564288289018881
"4525_8",0.7401260591196616
"10377_2",0.5321879435177714
"2008_1",0.18199617337284715
"10288_1",0.11634969044406256
"1083_7",0.6019063473202181
"2415_2",0.6407081019216627
"6688_9",0.9959818163135172
"4448_9",0.8710417237272101
"9407_10",0.995088295260718
"3976_4",0.43665455116789925
"3930_8",0.942925694844734
"3950_10",0.9645737264262153
"5645_3",0.007057702179973975
"6064_9",0.8995927020026595
"8064_1",0.0034895939412503537
"3643_1",0.002172162815836262
"10321_1",0.004860562360122836
"5858_1",0.4013227841163895
"8535_9",0.5193749537239674
"3643_7",0.44874611133571496
"10041_1",0.000549684284884912
"11014_10",0.9475800106572287
"11776_4",0.006080650111883455
"8227_7",0.9984381017368225
"11445_8",0.8662141755917375
"8756_10",0.9064568686502039
"9328_10",0.993044940924022
"11734_10",0.6723019676902288
"10118_1",0.003216685254786432
"9690_2",0.1260791565009159
"7713_8",0.9944485778129187
"545_7",0.8371367303955455
"10603_8",0.9598167329300834
"5925_9",0.8848533259152835
"3105_1",5.431389324295954e-05
"10134_4",0.03656889343970424
"6354_2",0.14310206921620097
"9866_2",0.04974406356630324
"7553_10",0.9947045364086093
"11324_2",0.31811602394322414
"10532_1",0.2114236254840635
"439_1",0.003605995540739302
"11265_10",0.9917905411936386
"6568_8",0.9918895390615128
"9218_3",0.2889064880132788
"1939_2",0.02472100534703224
"4215_7",0.9073517080812977
"9968_10",0.6366236575903119
"12022_10",0.7172065090723044
"897_8",0.1999929801405228
"7129_8",0.7980548582226874
"7414_4",0.008816687557677883
"8118_9",0.8798238954945417
"6179_4",0.02058855524198948
"10124_8",0.9987213808339362
"7379_7",0.9723208134566647
"1075_9",0.9779994187082673
"2594_3",0.020552572980234645
"11482_4",0.026084846942793626
"7675_10",0.9797184753275857
"3127_8",0.813464277640502
"7440_10",0.9977509191326146
"10215_10",0.7751102745718665
"5098_10",0.9998640942526555
"10534_2",0.0018129274572108278
"12364_7",0.41476103833005323
"5191_1",0.026966071368988855
"4179_9",0.9067246560213491
"1433_3",0.34565308337468065
"12177_8",0.7236577441217943
"9519_8",0.9997989502554856
"5781_7",0.6132825132061992
"10031_8",0.9571105786224239
"2631_4",0.009467811909760383
"195_4",0.6678620020288517
"11432_7",0.9936067977408394
"3952_10",0.9953100377182255
"5805_2",0.06185288146742739
"5555_10",0.951142844928471
"7161_4",0.07418929929446413
"1399_1",0.027005817989765153
"8332_3",0.02095466534332757
"2132_2",0.14396864653020697
"12031_1",0.31232593668212794
"8480_1",0.05708168013251898
"11103_4",0.17867590054699042
"12124_3",0.30513504615086967
"12072_9",0.581827567324219
"9371_9",0.8297985173609361
"2144_4",0.15287233795699726
"5668_10",0.992369880180265
"11790_10",0.9580124898262439
"6933_7",0.7057080110171288
"4932_10",0.9926096914752603
"216_10",0.8259050202601819
"5862_7",0.9007077866324358
"11669_3",0.1067213400315137
"7488_4",0.015768902760383265
"6402_10",0.9165437409930006
"3244_9",0.9661456151606251
"5108_7",0.9620212908309029
"10854_1",0.011670446369478466
"3404_10",0.9899032135329345
"4282_7",0.10051207028629437
"483_10",0.8037278551367733
"2110_4",0.013658093508405736
"6199_8",0.8980412642806348
"7942_10",0.9654611067182121
"314_2",0.006753900221245799
"6395_3",0.03253337194458615
"274_1",0.0459369598146264
"3421_2",0.041815957405221676
"4100_1",0.0023290602922906435
"9232_1",0.07571774663760542
"7152_10",0.997072462683974
"10721_7",0.9994955852613674
"3565_3",0.47214765743987697
"4223_1",0.2856858384094475
"3543_10",0.5148210690150237
"1256_7",0.9248422489532215
"6567_2",0.004360859525244357
"10658_9",0.9248521613045486
"1381_1",0.2111480718203738
"2591_1",0.005675909437303873
"4775_2",0.21002910353436519
"1743_8",0.687661691688249
"3004_1",0.10506689621659915
"11712_7",0.7066538738351845
"2966_2",0.00241300975308372
"3139_1",0.005772464342390882
"989_4",0.05635797663369976
"2141_1",0.018165037565044114
"8224_1",0.07459949388096611
"10222_8",0.7189038340707715
"6540_1",0.07976260007573316
"7427_10",0.9974906986700526
"5519_1",0.7719304343570483
"945_2",0.037070049214459506
"3996_3",0.001691074216609481
"10202_9",0.9937568033022954
"1328_9",0.7730979472818443
"11425_2",0.0317476003175651
"1252_4",0.542299428132316
"10086_1",0.4059977298039083
"3946_3",0.004302043072531724
"11834_8",0.9185052162721229
"10710_1",0.6932248346729342
"1858_8",0.8115033073801112
"1532_10",0.9675881717555089
"7082_10",0.6627529058927375
"9813_10",0.918328910585408
"38_1",0.012090214799437697
"271_4",0.06854806696981738
"7184_1",0.013185016197257964
"11866_10",0.9715155337469831
"5983_1",0.005205081658655616
"5026_10",0.9533329064564364
"9030_1",3.768933868388168e-05
"11133_1",0.002020816120156772
"10130_2",0.12338197636232884
"8357_2",0.23590270096765123
"9824_1",0.4617335678729005
"7264_4",0.12285889700197228
"12449_2",0.0028450119452975843
"1735_1",0.014932860598288284
"618_7",0.9915893589684737
"6421_7",0.9670435643185511
"6294_4",0.27021728924762606
"2174_2",0.003651870917301407
"5985_2",0.04963406058822843
"7121_10",0.6146877952020877
"7912_7",0.9823298575051016
"5015_1",0.2954723747647661
"6476_2",0.01362253877690175
"9954_8",0.590227608218675
"10122_10",0.9475414139597846
"9334_9",0.9842622610222144
"11751_3",0.11360006882303701
"11607_7",0.9931165866966221
"11310_10",0.9927312038101771
"300_1",0.06007832200785807
"6520_4",0.007608367933046872
"6735_10",0.9965215847163489
"10008_8",0.9143641538233018
"7817_7",0.845508416495057
"3634_10",0.9939231807406235
"5927_2",0.020260049829035773
"3414_3",0.00037959424201135125
"12266_1",0.25573953844576813
"11276_7",0.8014724028038026
"5478_3",0.06579147266694421
"6992_1",0.0007144277152777979
"8039_8",0.8756577490441855
"11491_4",0.6731363727065813
"7823_7",0.989885964531818
"8662_9",0.9628577544002556
"9921_2",0.04375033324180995
"2058_9",0.9682984637316412
"3321_9",0.9040865821504827
"8634_7",0.7968157749079394
"2161_4",0.8054399416242738
"3441_9",0.7303836692491588
"10096_1",0.002162921623139249
"774_4",0.0030004776267379004
"12086_9",0.9903190756174913
"1968_8",0.5840286525579899
"3269_1",0.0030622096788618064
"2988_10",0.9879634688576585
"853_1",0.0006680511967531866
"5303_10",0.9961824294760683
"11628_10",0.89299906733557
"7772_2",0.0023972447485351754
"2712_1",0.003468166706305902
"7362_4",0.04516804986719656
"3681_2",0.008127776267350109
"2066_1",0.00036649531500687854
"7089_3",0.7471523491701025
"7393_10",0.17815873564287724
"7284_1",0.3309353317759389
"12199_7",0.77424303447696
"3512_1",0.5616808583487382
"4349_2",0.2842742786747206
"11825_1",0.6631266097163906
"8351_3",0.04583576267675511
"467_3",0.06860003406193667
"2523_10",0.9955982508251979
"12078_8",0.8179408287076042
"1418_10",0.9862791156044963
"6552_10",0.9670016023708663
"10070_10",0.9728008489133165
"10031_2",0.0188851771300578
"7179_2",0.00396697606121457
"4533_1",0.012529129560296365
"11788_10",0.9998100379399731
"833_3",0.11254130726468693
"9777_1",0.09829814229890757
"6930_7",0.021048639017376886
"2310_10",0.9995350871275255
"2924_8",0.9693469056937317
"7252_10",0.9988633843901686
"10216_10",0.9107560122478185
"104_10",0.9833329742428958
"4283_4",0.03205863968514365
"6351_4",0.01154474153761236
"1272_4",0.26575005036868626
"11226_9",0.9768299802068752
"3342_10",0.9824421400260108
"3326_9",0.928322221382208
"3541_8",0.997699261603675
"8142_10",0.9629585416701822
"6491_10",0.7900660445800197
"2125_10",0.9958959616877643
"7008_10",0.9956130943299661
"5347_9",0.9846480653864341
"8420_9",0.942778358427993
"10767_3",0.4806337032658749
"12094_1",0.001561139385275186
"11904_1",7.65733759392832e-05
"2635_1",0.000490205693937198
"4074_10",0.3213783650960456
"2470_1",0.4918711603059429
"5888_3",0.008812125297787977
"9164_4",0.9691423581830789
"11312_1",0.024414329535311835
"2588_3",0.0065882600543819446
"9177_1",0.026040636826630333
"10361_9",0.9958002222558954
"9216_10",0.3892607820276307
"5754_3",0.1926767075516789
"12314_10",0.8997915763031942
"9044_3",0.0558566212652698
"5677_2",0.05041833597980556
"6664_4",0.06132294696786349
"2308_3",0.05375557841268381
"7377_3",0.4123657825246863
"9149_8",0.8804008478576342
"5244_3",0.026103922308817553
"10656_3",0.09732500206227994
"10885_1",0.007448803005665166
"4296_9",0.7999552386974783
"1770_2",0.06190851202892054
"4940_10",0.8274408443090064
"3984_10",0.6921182004814219
"2976_10",0.9748216517287674
"2767_1",0.00759106292346729
"11848_2",0.014565205153765323
"3096_10",0.5265873393524787
"9792_3",0.7189837038269552
"9785_10",0.02499232197663642
"10264_8",0.96609915703676
"12277_7",0.7300238025136919
"8110_8",0.5910899846096702
"10396_8",0.7844425507354076
"3233_2",0.142727204218616
"1903_1",0.013972896027592621
"4743_10",0.7398929860798087
"1417_9",0.992518462346101
"2662_1",0.020081899042041905
"11231_4",0.4425411229403953
"9747_10",0.39060188533673995
"27_4",0.016037614791730496
"3310_2",0.9147379925535705
"3212_10",0.5465858493260124
"5608_3",0.0017331233272505232
"1241_4",0.677727427791616
"5543_7",0.8342691679797596
"7945_9",0.7338162850959993
"3705_7",0.5404018333675237
"1598_10",0.5671400814931402
"4273_10",0.982037923502165
"5985_9",0.9019736677440343
"531_2",0.09300848105181858
"6744_7",0.9073923831275187
"10270_1",0.0018338994692726769
"11199_9",0.9940305243230997
"9755_4",0.6295498596800516
"12080_10",0.9863747218127561
"5600_10",0.999707210953055
"12216_10",0.2547755722323375
"10783_4",0.9162683280426233
"3307_1",0.07686742342712273
"10954_7",0.9879871445309677
"9959_4",0.014419398941083773
"10223_10",0.9894992387949694
"12130_1",0.9955120077607933
"11939_7",0.0847232657506626
"12318_10",0.9831329848783661
"6204_10",0.9829783070727333
"2927_9",0.6928316948477518
"2779_10",0.9849337408000511
"3661_1",0.0566904927408534
"9068_3",0.018362693637922638
"1970_2",0.012212132184394861
"7539_10",0.9948857969011172
"9241_3",0.0020328064241175647
"9350_3",0.054664977058048105
"7885_8",0.9921345979454567
"1078_9",0.9246569053273761
"6062_2",0.029488908101868147
"1215_10",0.984726673298559
"1561_3",0.380534587968295
"2159_1",0.04544020629330539
"8637_10",0.9954176867838238
"8375_4",0.21340036119714215
"2864_1",0.04206269644845267
"186_9",0.956994756296839
"1669_9",0.9832121750230933
"6936_9",0.8658091374808619
"7541_3",0.23954660663672658
"1515_7",0.2545566276705633
"5039_7",0.964041334213645
"9269_1",0.018643728863408607
"4965_10",0.9417861230845932
"10028_3",0.16124620466084863
"3547_4",0.938612086765698
"6070_10",0.9890828185024064
"11334_7",0.984825200641205
"4980_7",0.8530799426332042
"5063_2",0.4151023968610908
"11637_8",0.597635302026004
"310_1",0.0074109722145561645
"9847_1",0.014577072733524696
"4433_9",0.9910265201078009
"4535_1",0.35500774762860715
"11209_10",0.2701538045842599
"242_3",0.07994542288656069
"6150_7",0.25223272938287894
"7499_2",0.007122184797195409
"10073_7",0.09321493317015538
"7352_3",0.0008761355423941865
"6616_2",0.04039096470571631
"2148_1",0.07191612941071684
"322_1",0.037319355404663274
"638_1",0.00898986690245334
"3236_10",0.9717904391682282
"11913_7",0.2851980229137909
"7188_4",0.0065361999779867805
"3999_2",0.004555168829181521
"1397_1",0.03750261910112633
"11768_8",0.9852904299031843
"10301_2",0.22322706926049382
"7486_10",0.9726199475803702
"7915_2",0.07439831024052164
"103_10",0.983987000694821
"2249_1",0.1489291448663726
"11559_9",0.7538457494709654
"11374_4",0.3080595631494242
"7639_3",0.003331410399172125
"11922_3",0.009026390526585227
"6068_10",0.9992036710028214
"7681_3",0.12404947414884519
"3097_1",0.01712207938768409
"10233_3",0.22891450241963598
"9111_1",0.009345821911913589
"7240_2",0.0020157830095156974
"10394_9",0.5904622025748779
"792_2",0.30322188233510794
"440_1",0.004515361432891005
"11141_1",0.012012905975188426
"7488_7",0.9788448910738172
"2731_4",0.041689573526507546
"11632_10",0.1885757423209623
"7577_3",0.010864103369683301
"12047_8",0.7761500785577317
"7055_8",0.9872940311462142
"394_9",0.8652529017683908
"777_2",0.0014206042976860067
"6460_8",0.9523218336224865
"10412_2",0.0020893490277158703
"9910_8",0.18438855348923028
"826_8",0.3863193235887161
"7381_1",0.09922467006074791
"1700_8",0.6324127638758127
"1131_2",0.09372154381636039
"6796_10",0.8107658354118262
"7084_8",0.6859469479397301
"5735_1",0.0029288047152749076
"6290_7",0.9466670874142581
"10506_8",0.9025121120375975
"2276_8",0.8690932236685004
"6221_1",0.9767713703057904
"1404_4",0.06187866128783496
"1440_1",0.13761313077997464
"8199_9",0.9790411590348941
"1145_2",0.11457334816723097
"5546_4",0.47120888317179677
"816_3",0.6069534861863386
"10535_10",0.9974458377611709
"2_3",0.004466781430691176
"6735_1",0.0007758906097783557
"2684_4",0.0007199564003922505
"1765_10",0.9470963412309091
"4346_7",0.898323611377463
"1157_9",0.05484769393378119
"4216_1",0.0016793591805605505
"3937_8",0.9695738702630068
"11140_10",0.8878551229661382
"1635_1",0.0050131153155777
"4457_10",0.9385736472006672
"7250_8",0.9924851681933523
"3801_7",0.0851304007215753
"7892_10",0.2760941343137207
"11022_8",0.6151941603926412
"5856_7",0.7626459871660186
"345_7",0.5262264788303126
"10809_3",0.0162478209725186
"9474_4",0.0026679448135297364
"5775_10",0.7906569181370038
"2845_3",0.08715135363887655
"1383_10",0.7149354546037239
"9171_7",0.9352831181754973
"10866_9",0.7559840811316304
"12161_8",0.40451352317461
"9118_1",0.09144386855978685
"9122_8",0.9942919316407222
"5142_1",0.00021777956837977494
"2798_9",0.9812861299849877
"2260_8",0.7198559510858094
"11677_10",0.9806675861491403
"2788_1",0.0013773520394664005
"8896_8",0.9714150717221421
"7685_10",0.7502825900960662
"760_1",0.0016077399465906728
"7811_4",0.06564148187468613
"1964_8",0.957651925219643
"5059_10",0.5155248783893847
"4568_1",0.024456969455339997
"7475_1",0.02273243377616198
"11400_3",0.09641766467162621
"6082_3",0.002435576919500065
"7961_4",0.07714395399428246
"7502_8",0.2956261649570649
"11351_10",0.9897322251782267
"9851_8",0.9656527918027389
"1172_1",0.056641736426368425
"1815_10",0.932037332368972
"6218_8",0.8059471499391418
"9628_9",0.9727114541459545
"2312_3",0.019878450458222067
"5014_10",0.8492718145740552
"7845_8",0.9918417525403201
"4468_9",0.9461303468028598
"2247_10",0.9164009734138674
"4408_10",0.9672054167153827
"2957_2",0.40757486577297897
"4716_1",0.027602930792312626
"9909_1",0.06533023296998891
"8611_1",0.01784225673482712
"5055_10",0.9241121439746498
"5828_10",0.9576552841260679
"1147_1",0.005741257807651517
"11716_10",0.7713517337335173
"5289_8",0.9928983978733097
"5566_10",0.754130579766004
"3389_2",0.3670936994154278
"6169_4",0.0029439428175242347
"12019_10",0.7573298925095563
"4136_7",0.9643498829403884
"2421_3",0.06173447813267448
"607_10",0.9835488655216262
"4084_8",0.9526173076100269
"7333_1",0.00500408239890567
"8208_7",0.22354007825985814
"2971_10",0.9948562268189826
"7508_1",0.11587327312377575
"988_8",0.9642599105958779
"1124_8",0.9985475821456596
"3658_10",0.9987712297416784
"5155_7",0.5870813514820759
"11362_2",0.4229421860793207
"8776_10",0.8698993816290288
"7294_10",0.7547075659723474
"10853_8",0.9879466879433746
"871_10",0.9974855016368066
"11513_1",0.017583871316404872
"5605_10",0.18767266992475148
"1235_8",0.9141659571351053
"623_2",0.3348121510839309
"1271_2",0.2591097811840094
"7590_7",0.9515557538830323
"5075_4",0.008108727615284445
"6175_4",0.027979029615588596
"10629_1",0.0025527456269487272
"1474_7",0.8849109226700844
"9077_9",0.1356799597855688
"11630_7",0.3838080318913221
"11060_2",0.0029238292914724375
"664_9",0.9634218811898198
"4778_10",0.9438315535657615
"3535_1",0.0005982668994005627
"1130_1",0.00166158141156118
"10718_1",0.0006657503344798578
"3334_1",0.010439404812364515
"7133_2",0.00779498124669351
"12073_1",0.0368173545823157
"7877_10",0.9071249434384878
"12286_10",0.4943754575928498
"8675_4",0.08955790053434143
"8968_7",0.7129139734105506
"8118_1",0.0003431494819636143
"12109_10",0.9935964647006202
"6476_8",0.9528807165596023
"12248_2",0.0490841052459013
"9444_1",0.001456363066249063
"9932_10",0.8559856332068598
"6863_9",0.999029003264255
"7810_1",0.01514254011354896
"5463_1",0.007963248525653208
"8385_10",0.6737874491582305
"5560_3",0.030773818045328756
"12391_2",0.3309773001892199
"3644_9",0.8044461035634122
"1225_1",0.004237344152259379
"375_1",0.003121359479716472
"11515_7",0.9356985680532166
"3812_1",0.01104203538537869
"10747_1",0.18750883647927452
"8059_8",0.7460061047725135
"633_1",0.0005811380276546044
"9189_10",0.9804064059493085
"11404_8",0.1556596047246561
"11871_8",0.557386057155798
"2883_8",0.9818494697138613
"9048_4",0.06349104234224177
"1066_1",0.2920043457784724
"630_3",0.03498366260170078
"61_9",0.9720784566537329
"9264_10",0.9926923669224411
"5132_9",0.9997913815185433
"5796_9",0.6096163743299162
"11232_2",0.0009961831792937989
"327_1",0.0015940571895892936
"9787_8",0.9934404505708305
"7780_2",0.04780614460587194
"2533_2",0.005024346725617151
"7349_10",0.9815910981448679
"2593_1",0.7885104572984315
"4672_8",0.9901084822257379
"11191_10",0.5607477547754147
"1301_1",0.0003202730847149583
"10632_4",0.07272551077823508
"10750_1",0.05025828765629113
"2621_2",0.019957053170986224
"12045_4",0.9565637831123909
"4276_10",0.9983386618423451
"9960_2",0.08210763520353752
"3307_8",0.7386218348561601
"3007_10",0.8116890455653993
"7204_9",0.5702569295244575
"3988_7",0.9680628758993153
"4129_8",0.9653644162179689
"2071_1",0.013734406620119391
"7310_3",0.34099825446825666
"855_9",0.9810266862000673
"5380_1",0.00036712415118094025
"5067_2",0.005104025560376845
"6320_2",0.19839211509293717
"1019_3",0.008742690366055515
"8216_2",0.04804205850548834
"3814_7",0.18659134284607995
"7888_4",0.44302502608821237
"3419_2",0.202429230037579
"3039_8",0.9847889274271212
"12039_4",0.45249436419081507
"1191_7",0.9993408230661145
"2361_1",0.016732839645994646
"8291_10",0.9990215851179417
"4954_3",0.4199698805249143
"12430_1",0.43969791983396866
"7634_7",0.31675297516663276
"11902_10",0.9901200578145111
"1603_10",0.46282193428045576
"9395_8",0.671702180604505
"9384_2",0.6418158342932364
"11687_1",0.0019209572118882533
"4148_3",0.21326321793807762
"171_7",0.9919018010493961
"11814_4",0.01121627887146665
"8124_3",0.09150562815754822
"11387_1",0.0832772223983
"3249_9",0.9439495084498064
"3591_10",0.9742093347209883
"10171_8",0.9765984529766374
"1100_9",0.9622595624424254
"7144_4",0.8991387973852791
"8060_9",0.928938086915615
"11063_10",0.9916669300912981
"3481_2",0.06403917395347648
"7413_4",0.020844839168128137
"11121_2",0.05555384094724052
"4700_2",0.20921864775717036
"1566_4",0.7062215705621887
"11731_3",0.15819934883258094
"7346_10",0.9853084017701558
"7890_10",0.6108734979707079
"11704_10",0.9207309648454924
"4635_10",0.28614816698925627
"2369_8",0.35788025918488603
"9655_10",0.9998249736544661
"2115_2",0.023084730748932036
"6408_7",0.7523395100673816
"10470_1",0.002176669253047926
"11512_8",0.9609603995233098
"11523_7",0.15649353081138312
"10379_3",0.03481420026455677
"9164_9",0.6897871760048481
"3150_1",0.5005786607796247
"2880_3",0.1362897135113678
"1608_7",0.9522539271497091
"2406_9",0.9612334996411998
"260_10",0.915008498059244
"10658_3",0.0023101771649243715
"10609_1",0.09271731294154625
"6861_7",0.4728839882655134
"10058_2",0.3290115682009362
"11618_10",0.9679860170547983
"3727_4",0.018050379434215655
"1924_10",0.9913992607669762
"7471_1",0.06404265562615442
"1856_7",0.7943479394695571
"10132_3",0.0440210581150058
"4010_2",0.0013059922336656656
"11752_2",0.013364243519127444
"11122_2",0.015061311255975516
"11065_1",0.03002868641494936
"1211_1",0.07212109050172151
"8973_7",0.2359799149191634
"1888_9",0.6153006612579988
"8521_8",0.5348660048452792
"6671_4",0.26774291009947476
"4241_3",0.07663261155539301
"10925_4",0.012495015459456688
"4030_2",0.0001323369183119216
"9410_1",0.003481327287298432
"10004_2",0.012411978005538062
"599_1",0.002502081859325944
"8656_1",0.00035389974631245066
"10087_7",0.46361337610058745
"5118_10",0.9754140105240569
"9780_4",0.0013401360389627235
"586_2",0.17918747642611446
"6464_4",0.02540411767761007
"7482_1",0.0028147403130687563
"11075_8",0.9645907830770244
"11984_1",0.019960192040691053
"6808_9",0.9489404528488385
"6178_10",0.9475624992138184
"12196_7",0.04636824726864283
"7771_10",0.9920938162529216
"10801_1",0.04358763344282293
"1243_2",0.014053877425924325
"4028_2",0.0008297749078658695
"700_4",0.8326813980918507
"758_10",0.9988124859137195
"5393_8",0.769149971043618
"3552_4",0.6292319874226253
"3440_10",0.9906092411830036
"12357_7",0.4730674612179736
"10850_2",0.4926685468902932
"5083_10",0.6497524637163296
"790_10",0.6481690976745628
"302_3",0.006183194923715193
"11160_3",0.0470119022611547
"1170_1",0.3047704652081593
"6341_3",0.010096694017027029
"289_1",0.21933370399964763
"3075_7",0.18172363250303586
"12016_7",0.8864990080635125
"5998_3",0.11880386421945714
"5295_1",0.0003602713587309269
"9712_2",0.10461507055584103
"9689_10",0.8285815218970357
"9441_1",0.00048591913926810526
"7426_10",0.9976606035587442
"612_9",0.9172516770297423
"4331_8",0.3740032958823666
"1016_7",0.12993880608784808
"4463_7",0.8607646547518085
"9520_1",0.0031731475876219384
"1557_10",0.301710025443459
"6277_1",0.0008290289695392777
"2279_3",0.022367167631767788
"11591_10",0.9929479369802754
"3503_1",0.09290274539980557
"9814_1",0.15589683025398596
"11342_4",0.11477154662442886
"5133_1",0.024150868436446822
"11189_10",0.981448527394084
"2343_8",0.8343321255128568
"2234_7",0.9546359339126754
"926_4",0.002252813255876802
"9829_2",0.0725621303385268
"3338_7",0.8713826675029637
"4272_9",0.6231640769117164
"4826_1",0.19720252036435873
"10529_3",0.34903804490433393
"12398_1",0.049454695608748774
"6965_10",0.9493086225713406
"10737_9",0.8397253074657735
"9356_1",0.030790670634859376
"2087_3",0.01179263681959075
"5802_4",0.9127407628771658
"6514_8",0.977466771447216
"11607_4",0.26540781371689803
"9117_4",0.5907738218142243
"2011_10",0.5668244367859055
"11952_4",0.0428151829345998
"8753_4",0.9830369661026401
"5338_8",0.947124572355847
"10799_3",0.07699374305786588
"6388_3",0.07924627253020768
"4667_1",0.023781426193529662
"11302_9",0.9994824760933239
"6587_4",0.011828188818949339
"6822_8",0.8433620747885008
"9725_10",0.9997131430636936
"7237_10",0.1241146663710638
"7710_1",0.004178039285034484
"6090_1",0.0009876983681839939
"9864_4",0.9672162584510093
"9759_1",0.0049582643583846635
"8926_10",0.8069164511221305
"2454_1",0.016573990801758382
"4364_1",0.03173207611660821
"10672_1",0.060928410372022734
"7703_4",0.0006741047886814391
"7289_1",0.0010156810146728262
"6370_2",0.769294672096781
"8898_7",0.694873444036628
"245_8",0.9749058742425969
"7786_2",0.45606630686811594
"12092_8",0.8860556833418318
"12495_3",0.012288844647881027
"2762_2",0.01275408259884442
"11009_1",0.007287628862774613
"7735_1",0.35007803683334304
"5377_8",0.9105645085042499
"6074_3",0.007257955126114822
"2133_1",0.0010632031985024091
"2291_1",0.0001919584365002045
"767_1",0.8034669341359247
"2677_3",0.006154841790057961
"5801_2",0.002223709087578755
"11416_7",0.9348630356493542
"7083_3",0.4313267163603753
"7268_1",0.16383865596213915
"8613_1",0.7176285432040198
"446_10",0.5982822362474683
"6513_7",0.5034921286065991
"11229_4",0.11273914518944017
"11155_4",0.432580996381691
"10298_9",0.9712582211366613
"1521_8",0.7149926862234153
"5682_1",0.9785899482081597
"11575_3",0.00289593767745013
"10144_1",0.14469569312756572
"5819_10",0.9724828302176093
"7287_4",0.045919296392174215
"11507_10",0.9554364489881816
"10458_7",0.7998305462435342
"5935_1",0.008203474721646065
"4126_1",0.0012885229683727148
"3777_10",0.9569128301703621
"1720_3",0.03711918288138554
"11112_2",0.028837155910068316
"6222_9",0.9851046905170643
"8019_1",0.34401502387161537
"10067_4",0.05299322476378792
"5991_9",0.9547516391501268
"10203_10",0.9291298800083398
"2485_1",0.002108569274858531
"5910_2",0.03941547623538576
"3940_9",0.9937597959266323
"9140_10",0.8616213684287737
"9558_10",0.9849317370898287
"4582_7",0.747700972724707
"3323_1",0.029755356740991196
"5038_4",0.11340350610564268
"12405_10",0.9832501623312814
"11620_4",0.035926590440565766
"8774_7",0.37042394290802805
"10164_9",0.5583343423792542
"4112_3",0.003238161496230567
"629_7",0.13190229575612292
"2732_7",0.9706111757530618
"4356_3",0.5349041511580593
"514_9",0.9785937734861219
"168_1",0.0005408273023759814
"7157_1",0.001615419698217195
"11193_7",0.02350477551558123
"12163_1",0.0031078591874560578
"259_2",0.0003194163078716516
"9977_1",0.005805878725616468
"5169_10",0.9969234508296883
"7439_10",0.9768659532737238
"10261_1",0.04700847074854175
"6623_7",0.9093059397699925
"2834_9",0.6332477625777059
"2930_10",0.8770627876570725
"3232_10",0.8570304900917807
"533_10",0.9854245806535998
"6006_4",0.04456651540231005
"9029_4",0.0772525790064219
"7738_4",0.050192348764252104
"52_4",0.5101824375889705
"374_4",0.7822031054433479
"4502_1",0.06288728177365169
"10309_8",0.958963541218854
"7541_8",0.6289308095161162
"1874_1",0.05173765904673947
"6884_1",0.0036875979486564047
"7285_1",0.09512208047730283
"3385_2",0.005028498940147084
"7078_2",0.07279074977268805
"10788_10",0.9587851897514477
"6361_7",0.9850387530420239
"5761_10",0.9549051349615897
"8946_1",0.001462134518242118
"393_1",0.199079375653978
"458_4",0.16341023867173732
"7435_10",0.9994799692252444
"10816_2",0.0016824933551686828
"1606_10",0.9897965626154557
"1742_3",0.11388771569013839
"7167_8",0.3899631110821477
"1249_9",0.7356881201386796
"473_9",0.8263870515957966
"3475_9",0.9065223810032556
"2316_3",0.18290797957614896
"3739_2",0.16225591449604224
"4746_9",0.9119744554514797
"9924_8",0.61353478194497
"2202_8",0.9968523842301057
"11531_1",0.2654039643214402
"11138_7",0.9893739263290868
"3402_1",0.0002128711118104115
"4547_10",0.9760082201540276
"2786_2",0.32308852927052717
"1570_8",0.3811241373986957
"3095_3",0.0004900694276549309
"4745_1",0.10615475822185941
"165_4",0.008126373225881047
"1578_4",0.02167401168800898
"495_10",0.9139522643106
"12414_1",0.014251726982102626
"1383_1",0.18245506236162715
"10438_3",0.10418910204660657
"812_3",0.06812844857051349
"9588_9",0.8315325954521151
"7785_10",0.9660588043208498
"11169_4",0.05212355201653461
"7476_10",0.24987564292546335
"8196_1",1.0061546989748537e-05
"6526_7",0.7400609623165972
"1695_3",0.08257603976867185
"11077_10",0.5729447321275316
"7642_7",0.8336651809407436
"7618_3",0.9681381458195012
"353_10",0.9973440831406822
"210_9",0.5664826378314587
"9455_10",0.9295917777858334
"520_2",0.00541062182757327
"7615_10",0.998997045625262
"7475_9",0.5602315669946405
"6894_7",0.9924774898143943
"8622_2",0.010436730580219617
"11149_3",0.001097928001934669
"6154_3",0.09232414538035626
"2514_7",0.9507685363744541
"4359_1",0.6695908397138989
"8797_4",0.4636009036961609
"10023_8",0.7934317929636152
"1212_4",0.896318509134621
"9985_1",0.003437837885936848
"4182_1",0.003243104036080469
"10662_10",0.8856978817114494
"3907_7",0.9979329520880328
"11342_10",0.9992790815715132
"1483_3",0.030114825220889128
"10510_7",0.7049021226026052
"8522_2",0.0006079745018490446
"6049_4",0.20812492103130054
"2687_9",0.9967618276351013
"9766_7",0.24909788714606504
"6792_1",0.027597444142951857
"5990_10",0.9550218023899547
"11699_2",0.2804161440295312
"3446_4",0.11505332163250455
"10448_7",0.715909014988325
"5629_1",0.027042350747967032
"2831_1",0.2995089903922602
"4351_10",0.9973683642084756
"2547_1",0.020351117580051734
"2778_2",0.00023513300065747115
"7307_10",0.9726260136080115
"11148_3",0.0003465336814407673
"907_3",0.056062204279651896
"2184_1",0.004010339261049406
"2030_8",0.9829428833889563
"11051_4",0.03238959718470404
"9150_4",0.5013454364581235
"12418_7",0.8892012042248668
"10724_10",0.9997033918911226
"8876_8",0.994392661736622
"1620_7",0.43941253381148715
"12423_9",0.9553725443779147
"3642_1",0.6480489956465596
"10214_10",0.6941679785157411
"4575_3",0.8180001047780228
"2692_7",0.9848045297648769
"3919_1",0.004093683216647448
"11971_8",0.09699651899142683
"11676_10",0.22719001128219027
"8047_1",0.006048163059003391
"4009_8",0.9734179457139199
"7929_9",0.7964985349313747
"2432_10",0.9564561391223825
"8933_8",0.9979548671685112
"1375_1",0.05007710878442324
"1861_7",0.9621845487990973
"10897_10",0.9471762410201893
"2828_10",0.8363723616537995
"4568_10",0.999671122824075
"1535_7",0.8625370788780937
"7282_8",0.9846573969161736
"12365_10",0.8623838330722494
"6682_3",0.5076640113372994
"1393_8",0.4462627051533188
"7270_1",0.0030642133219225686
"1680_10",0.992703860537645
"8207_8",0.9999910974302045
"8612_2",0.24471242981832925
"5640_9",0.7037315364983722
"96_10",0.9810837553707229
"12093_2",0.6944038509055042
"2068_9",0.9508962266320437
"9799_10",0.890505589043109
"8730_1",0.002840495857404916
"1000_3",0.11818925293067217
"742_2",0.5069549928382877
"10432_10",0.9584355996750827
"9425_2",0.038503497548302505
"11636_3",0.7508581158726407
"6564_2",0.0639125071091834
"5706_9",0.8809886896437671
"8594_3",0.009602569552767122
"9488_9",0.9980499955267437
"12283_8",0.963246447075327
"6579_3",0.02053601865033616
"6738_10",0.998274613241671
"9007_2",0.22818536861528022
"2723_8",0.8388346354194243
"5115_3",0.05312210707308529
"9469_10",0.8934604045956138
"1444_1",0.004707559268075145
"5688_1",0.030054172080368785
"12390_4",0.23068072310331178
"1681_1",0.023410446286978765
"9048_7",0.44482699834270356
"10207_3",0.050295690124036924
"3817_9",0.9475090743304292
"2200_10",0.9525738282505803
"4250_8",0.5851175888912913
"12213_10",0.9970382203916176
"11602_4",0.5747885707031452
"4507_4",0.07036409498290949
"3817_1",0.043113591137405934
"9394_1",0.07004485054520125
"9129_1",0.3193466504198038
"3675_7",0.395014995534315
"1670_4",0.16763334106404146
"1151_1",0.23606335419952676
"8818_4",0.02950864305449324
"4810_7",0.8849051273556989
"4979_1",0.005479791470633226
"80_4",0.39363428766440156
"5506_9",0.42924297058000005
"7451_10",0.9066903733078793
"4539_10",0.8036365970922661
"6914_10",0.9564831718800271
"2807_10",0.8678699262258146
"10229_10",0.9686686398140926
"10908_8",0.747507985680948
"7709_9",0.9953832485724032
"10872_9",0.9897514726788784
"8487_1",0.0643263841317441
"1140_9",0.9471884818253175
"558_10",0.9424302852877163
"9935_8",0.9774765586552508
"1084_8",0.9701026382411877
"6185_9",0.9158592752173303
"9278_7",0.7440712239931482
"3756_7",0.9344181327241418
"4308_1",1.4055344685350737e-06
"121_8",0.7567716809133066
"11072_8",0.9644403591038988
"9420_7",0.4510163277907683
"3955_1",0.028877795349270256
"9591_10",0.07254421297061177
"11176_1",0.3323155609981125
"11882_2",0.16268727820697146
"12458_10",0.8261722205191
"303_10",0.9994852593212438
"3779_8",0.3648585219526394
"1805_4",0.1929015657994149
"12054_2",0.00020469219371342247
"1990_4",0.007229967455474545
"7331_1",0.7609957522916795
"6243_8",0.8859958894505211
"7201_1",0.0001625705719839736
"6230_7",0.8624309691763792
"11252_3",0.000911147720104065
"8379_8",0.8380521056577435
"11890_1",0.5145947420656726
"6977_1",0.012923555211948523
"5481_1",0.015293147924551899
"6013_7",0.4170403876355094
"11638_4",0.42352500395062403
"3302_1",0.04422655519596394
"4837_4",0.9352774736186373
"737_1",0.011024781691011483
"6128_3",0.09947556231792438
"3749_4",0.24598952792674583
"580_3",0.2715984404857783
"11031_10",0.953156969506932
"6644_1",0.011000381096302013
"8517_1",0.018538328246720852
"4883_3",0.014752796042323619
"4273_4",0.002449456198266329
"404_1",0.0040885606727796234
"12108_10",0.8919709028276206
"10005_8",0.7273062151573912
"7140_4",0.3735813477177683
"258_8",0.8787881811585773
"6746_7",0.9632208603144378
"7189_2",0.30039694798437466
"11626_4",0.047401986422784904
"10785_10",0.7937876812820364
"11007_1",0.054212683227110946
"8987_7",0.20434852900543543
"275_1",0.00010674044548542597
"2554_10",0.9707677422761973
"2682_1",6.758807013406453e-05
"3797_1",0.0008852628173913648
"7383_1",0.5638092451132206
"9816_9",0.9339487246279603
"11057_8",0.9104212875255764
"11901_3",0.08308840713514974
"11501_3",0.19891798426620932
"11999_2",0.00020590778544106336
"740_3",0.133223332604363
"3109_8",0.9848016463537509
"2773_8",0.9929009478660918
"5725_4",0.0020980015913384304
"4423_3",0.020305266558119185
"4035_2",9.859907039431924e-06
"6550_7",0.04630455849564415
"711_4",0.6883226418674984
"10773_4",0.39362743904031305
"11202_1",0.00359121500867324
"1054_2",0.0006294583119607365
"2207_10",0.8174568249996951
"9809_4",0.019351683018505372
"11349_10",0.9262367459496623
"5195_4",0.7674168321235715
"6881_4",0.12201780957157869
"7537_3",0.021995057374185015
"99_3",0.09641905609375659
"6589_9",0.9984772340925282
"11781_10",0.8630444727935074
"4337_3",0.012983898063466967
"4928_10",0.9918458251261619
"6310_1",0.14320167575371986
"11867_8",0.729483803777389
"9462_2",0.09129827568808312
"12224_9",0.8019337893172167
"1195_3",0.0003702910880670716
"11324_10",0.9943585888105169
"11272_4",0.45576751615605793
"2461_7",0.9618994304929702
"4034_7",0.704582426655469
"2340_10",0.9996630171825813
"9827_9",0.5356624687600293
"4660_4",0.21845370345270254
"2448_1",0.005526516719442485
"7485_7",0.7893732773700539
"7003_10",0.1517225616945721
"6204_1",0.0026714276322930826
"1920_10",0.8434708152719292
"6824_1",0.2334435960704862
"6668_10",0.96733827793825
"7359_1",0.04912737247716724
"2753_4",0.6677261199071196
"7320_10",0.47103198697949533
"3661_10",0.9978140625738022
"1059_1",0.4320639320192065
"5067_10",0.9349485851452589
"5724_3",0.017597491865729304
"11265_2",0.0021755778911446335
"11331_1",0.018191974496210083
"5398_10",0.846490645226041
"9328_2",0.00512089925728394
"100_4",0.47606620772002844
"6118_10",0.7757750539548484
"320_3",0.0007369800888437072
"4395_10",0.9943229753721778
"7256_4",0.08270244845741438
"3949_10",0.9911706684658256
"7097_1",0.9397083513762357
"6971_2",0.08717366852385583
"9855_2",0.0037133155304262685
"457_8",0.9890760069563502
"9929_7",0.9591523721982843
"9574_10",0.9933406767769142
"12261_4",0.005776772037174199
"5228_9",0.992784647080988
"11684_2",0.02005124460832741
"7913_9",0.9887642130704312
"9595_3",0.03314372820324307
"10501_10",0.4358243523879234
"10610_7",0.9614684394956775
"8573_7",0.8554088927835334
"1823_2",0.4470962118876944
"12070_4",0.37546342657676157
"6995_8",0.9338886471739727
"4929_1",0.0004446825966041507
"2555_4",0.03754064406313759
"6583_7",0.9773970619543124
"2490_1",0.0016264059162983172
"8203_7",0.6609691749848333
"7861_3",0.03712525335783385
"2548_2",0.18164881133404726
"12291_7",0.8791879267012357
"756_1",0.11427489818628588
"9275_7",0.6940841148031308
"9234_9",0.5045569683312111
"10598_10",0.9365782071613927
"8252_8",0.9394794387571546
"3585_2",0.001998938165003289
"11561_1",0.014488905661255122
"690_10",0.6984582669597915
"7203_10",0.9905845797454741
"11141_10",0.942944465705881
"5583_10",0.9817947181381625
"7341_10",0.9943891392345375
"10623_8",0.9970315794492384
"868_4",0.06796292712066826
"778_9",0.9615047616315763
"4653_10",0.772302542254688
"7450_4",0.8286686210887233
"8836_8",0.731544688717482
"226_9",0.6450949452876684
"464_10",0.9905727389458329
"2850_9",0.9545265139554455
"10242_8",0.9554290270139644
"2403_10",0.9984974857290343
"3397_10",0.9881289105554495
"1003_4",0.6056478528031326
"10940_10",0.5773103348126166
"3349_10",0.9935168358528275
"5909_1",0.019498450840908205
"12021_8",0.949941261595674
"5019_1",0.2651081173606454
"1809_7",0.9525039932694453
"4435_10",0.9707214087030935
"10029_1",0.005944577759712816
"8234_2",0.07381106116769007
"3760_1",0.014303355389073607
"10952_10",0.9845148637062303
"1487_9",0.9883443233385069
"46_10",0.992105398171766
"4917_4",0.06585997437004504
"2000_9",0.7063940299140363
"10974_2",0.029767576539523874
"11275_8",0.8644904146284378
"1816_10",0.9798589003246925
"4848_3",0.8877730996783021
"11730_3",0.058006074281739296
"1903_10",0.702053841360788
"12331_9",0.7366665622500222
"10360_9",0.9717500049797271
"9243_10",0.7622335710590874
"10115_8",0.9886722382954347
"11417_3",0.22604926438028747
"6259_4",0.1282326981901626
"316_10",0.9773015352433466
"1100_4",0.02265753840769767
"7919_2",0.1738016143810943
"1871_2",0.00041024900016110264
"12488_8",0.9880453673780876
"10239_9",0.46492682920561745
"7832_2",4.169721661272976e-06
"8808_1",0.004687374997867169
"7241_2",0.0004416187602466716
"4412_2",0.10300597737146032
"807_10",0.8722376138371483
"9728_8",0.9270909971044158
"5665_2",0.03148820688324149
"491_2",0.23338529554902884
"7938_1",0.03734159762344026
"3513_8",0.9955173638560204
"8942_1",0.0017386990296920516
"11520_7",0.9501910263443181
"11478_3",0.9656320498397012
"5627_10",0.40985864105305775
"3462_2",0.13018448438153993
"5161_10",0.9853373413195126
"6545_2",0.04430546900013726
"6513_4",0.7645854144680344
"3032_1",0.0018900432073343677
"7403_2",0.052133048462857184
"11878_3",0.009078795046963862
"11348_8",0.996485190794432
"4979_7",0.8081673664633371
"7131_1",0.0001715294326156746
"3972_3",0.5695149505111666
"2925_2",0.518885070416318
"5346_3",0.024110988320333548
"10709_3",0.022312566535469147
"10999_2",0.02896809596734734
"5974_10",0.9975562789698913
"9008_10",0.989223187020492
"1324_10",0.9954160134974506
"10454_8",0.09223261477916173
"8336_8",0.8305522516576082
"5869_10",0.982945489100877
"9922_3",0.004738583240679472
"2081_2",0.08738047457487177
"5811_7",0.9994698463284253
"1619_10",0.7500703136470622
"5461_7",0.9752194040080601
"9152_2",0.09150665082397792
"9071_8",0.9703723436558618
"4688_10",0.9965434361361308
"8956_10",0.9314600971066015
"1883_4",0.026295404288099965
"5707_1",0.0011957156442834722
"7529_3",0.41111850140103595
"83_1",0.005875258953363
"10440_1",0.0015773874172997386
"3673_1",0.003752933486700235
"6983_4",0.003747481155119165
"2546_4",0.4972167239528964
"6698_3",0.8419412642090139
"10689_3",0.008797795386571858
"9986_10",0.8051292673241219
"5614_10",0.984061102514494
"10094_4",0.1404117649525248
"12468_10",0.8996365423779035
"3828_10",0.8523242646227532
"10524_2",0.00039247203260586245
"2016_2",0.00019339663225543283
"7583_4",0.5728349937420302
"4795_8",0.6657623687004389
"7564_3",0.049871671516229114
"1366_3",0.01259570370113095
"508_4",0.08433641190177331
"9509_3",0.506915508300063
"1587_3",0.12332319584854168
"12376_4",0.26211666711993564
"2525_8",0.888236074025628
"2877_2",0.03913226637092559
"9485_9",0.9972121374147608
"12023_8",0.978801464808781
"11544_10",0.9492533128711935
"198_3",0.019082756266134163
"4390_1",0.04031191807473661
"993_8",0.5611738636577294
"7965_9",0.969591626453195
"8865_1",0.00019052646390372774
"6638_1",0.4665106928335662
"141_8",0.7280770680272026
"136_2",0.02700606363698525
"3004_10",0.9597175748592629
"3457_9",0.605392798869545
"11488_1",0.014558003509063338
"644_2",0.0058318278076743705
"8387_9",0.9808569974120294
"5026_3",0.48138447344538826
"8936_7",0.3475198823210862
"453_4",0.9141656675578882
"8547_3",0.6475258313951269
"10542_4",0.005240932611722786
"5231_9",0.6693671631417822
"9592_10",0.952177188936852
"8591_7",0.8843442337684398
"6686_10",0.9164011823906956
"7246_10",0.962162101200037
"2194_4",0.2452366539268766
"11533_9",0.9781845225569892
"6109_10",0.9193048685956927
"9092_3",0.4181743557899465
"11223_8",0.8516890616656022
"10829_9",0.9938810192218883
"9857_3",0.10586631793455517
"2223_10",0.8318966585335466
"8052_10",0.24550994969219816
"11604_3",0.4679363337713648
"4448_1",0.48440096864014864
"5394_8",0.5149223391641923
"10168_9",0.8937770510938664
"11943_4",0.024445069926980017
"7311_8",0.6736573726255323
"1362_9",0.9560232578587674
"9165_8",0.9880340607436585
"12294_10",0.9795963146029693
"6086_9",0.8595549042044306
"608_8",0.9679799737940408
"4592_10",0.9879174438917466
"708_10",0.9851484077131913
"6548_4",0.3189357857478075
"7552_4",0.9584685397976416
"9263_8",0.9693829123975456
"5393_1",0.5393861416809437
"220_10",0.7265791188129195
"10640_7",0.9560940705023333
"4086_10",0.9865836826090287
"11026_3",0.6524208205846872
"12466_10",0.9992484963002136
"905_3",0.056062204279651896
"92_8",0.4443529567591977
"11362_10",0.977658412836539
"5030_8",0.8485013099447077
"2909_7",0.36036457699276137
"8402_7",0.9634262858405856
"4046_10",0.30117108376521684
"4065_9",0.5640616848978577
"6460_4",0.49017445305707474
"11108_1",0.053280247713425884
"1139_1",0.0036306497383512756
"2457_3",0.1037296918601638
"2675_7",0.8327917330840668
"9360_1",0.007560795602373353
"5750_8",0.948532404440793
"7125_2",0.044437910751474075
"6637_8",0.8819845407991325
"3290_7",0.911820367946834
"3979_8",0.8819347084009324
"2100_1",0.002312532056711196
"10836_1",0.05182548636214656
"10904_3",0.06848490149558031
"5226_7",0.8526018427405905
"22_8",0.8400670992946965
"2726_10",0.887309434638662
"11405_8",0.9021551032255958
"11204_2",0.0007860644138279918
"6201_9",0.8769062686029883
"1653_10",0.9675589534015522
"9500_7",0.9744961842722126
"12104_7",0.9964319134231034
"1499_3",0.07168282361811809
"1415_1",0.0043488075997319
"11285_2",0.44140356994165847
"4481_1",0.31332531651717876
"10249_8",0.9935799554315446
"2391_9",0.9974691624734904
"2186_3",0.6037903651402502
"56_10",0.9922120466504248
"127_10",0.9981253074235931
"5509_9",0.7388980371951013
"9855_9",0.13150886433529743
"7522_10",0.9971165862968948
"11751_9",0.9550112980953619
"3330_3",0.20860049210004253
"4055_8",0.9754903261803801
"3694_3",0.6844988842379466
"6911_4",0.006722642481749321
"9677_10",0.8242407996552419
"9706_1",0.00034324815369224805
"426_4",0.09679268464887408
"2995_2",0.05246065731116692
"7914_8",0.8907681751700048
"11344_9",0.9966197722344496
"680_8",0.9753122488463051
"2094_3",0.6242264424061111
"2009_9",0.9592828398716068
"7309_7",0.9593644926613356
"138_1",0.006866730223913223
"2689_9",0.9253191810508127
"6050_2",0.009592642059640276
"8987_2",0.07127448817228649
"2053_8",0.924937598857826
"12245_4",0.0725933038620776
"12020_10",0.15503105348869528
"10364_10",0.902914525911465
"11581_1",3.203444355018655e-05
"12079_10",0.9366650431501145
"6537_1",0.005041505053145127
"2739_10",0.781608876670683
"8719_1",0.5964594636995908
"9436_1",0.009869697091254475
"5029_3",0.16191419931327966
"8321_10",0.7969894368564775
"7135_9",0.4294471902927788
"9512_10",0.7296636249583441
"6397_7",0.6248753708036187
"9457_9",0.9044113355958172
"7740_2",0.021979323708353333
"10591_2",0.034859578416840016
"9856_4",0.11833168500922923
"2456_1",0.5489862463816207
"10543_7",0.7758173580522114
"544_4",0.6837882658798441
"3679_10",0.9977879270227522
"9042_1",0.006027022188743845
"5368_8",0.8940573152717383
"8276_3",0.002945527722092869
"1984_2",0.005352591553939976
"4205_7",0.9314383944491904
"5765_7",0.8586477237069801
"5202_1",0.005658137084558131
"4127_4",0.7435844553149188
"12316_9",0.9014281305812113
"657_1",0.0012605985274157564
"12205_2",0.08218475500573556
"3426_10",0.9845557999274631
"5616_10",0.936167722497204
"11644_3",0.4075371638297047
"795_10",0.9992946009096839
"12416_2",0.003320398509310628
"115_3",0.005235516124151997
"55_10",0.8067228450559983
"11187_10",0.6044725933347505
"9072_4",0.6291991387463615
"875_4",0.13904569573502112
"4196_1",0.0001851393745213015
"293_10",0.2501211325611096
"5564_1",0.04186480199384329
"6811_8",0.36179976085144355
"9135_3",0.3024285318083061
"9964_8",0.43824514031178663
"981_9",0.40167870849788206
"8506_10",0.14880131729674775
"4459_9",0.9479580287567866
"7609_1",0.014978934676563976
"6246_10",0.7234921064852805
"5989_4",0.026278068461139146
"11839_10",0.8273043429292993
"9186_2",0.08679867644476724
"3411_10",0.6078730561660625
"8677_1",0.44036199715741886
"9125_4",0.8444315292684329
"2166_8",0.9681437954728016
"11827_4",0.10099456594334694
"2574_2",0.48646743546774585
"4789_4",0.25726101787417693
"1093_4",0.013341934905098055
"8195_1",0.00469635763578203
"11011_10",0.9170673828610542
"3944_9",0.7872048723502555
"10606_10",0.9837800835093703
"5029_7",0.3060873588023941
"9496_8",0.18501838672905654
"9256_8",0.9815017324531452
"5640_3",0.00546108648984119
"8164_8",0.9260996486953894
"10413_3",0.06000811992586009
"4838_2",0.002607181875298435
"12265_9",0.6865991592097689
"6222_1",0.0005714164854283998
"883_8",0.9318311477572663
"395_8",0.6697445523922784
"1182_7",0.9447235037466118
"8701_7",0.877927141270655
"8863_4",0.0016085721217300858
"10943_3",0.004571950583240341
"10692_10",0.8654577056521826
"11872_7",0.9077655222577901
"4729_9",0.7982894570612142
"920_10",0.8794429586583243
"9352_4",0.01903016336408283
"10095_9",0.9758858921928214
"8986_2",0.0330814034734031
"7061_2",0.06032766868374573
"2746_1",0.000448750677654468
"10359_8",0.8125485669035601
"6826_7",0.0160798315628642
"7075_3",0.2954194080219646
"8237_10",0.9281254903392657
"9103_10",0.5389273902296863
"6538_9",0.6964805157742876
"3085_4",0.2772740773367153
"10759_9",0.5777809593919211
"12249_2",0.01980514124603673
"6774_4",0.1659065567359125
"3564_2",0.8288675449481909
"144_2",0.0163766405687699
"12112_3",0.006842081857337383
"8166_10",0.9723623785561922
"10817_8",0.8706457490307172
"7462_10",0.9715365774170365
"7626_2",0.04404243702415349
"8221_2",0.408895318950452
"2528_10",0.6663948438156296
"6765_3",0.005101421405219258
"1267_8",0.9928976841840867
"8257_10",0.9094654440899185
"11501_8",0.9513893025064224
"11196_10",0.9948515706260028
"10006_7",0.5696685815665231
"2104_2",0.0004989782130390076
"9067_8",0.7387877791189683
"4760_4",0.02155382244767069
"4372_7",0.5521851395293425
"3441_2",0.033352779163575465
"10439_3",0.39473071581926317
"6604_1",0.01258869612747465
"10689_10",0.977041480558002
"11289_4",0.009696656591528872
"2051_7",0.7349010001389316
"42_10",0.9805456934332845
"1567_7",0.2930197978566254
"4890_9",0.9884233738291874
"2583_1",0.0036503892996115526
"5376_2",0.007732445264089693
"2539_10",0.9753431426784331
"390_4",0.0445282336571023
"11509_1",6.333723774239818e-06
"7481_8",0.5000604366804045
"10840_2",0.01588384562957457
"9433_1",0.8395657210446688
"7774_10",0.964371889272916
"2654_7",0.00782802876095687
"9582_7",0.41147068590430863
"1780_3",0.07621838510432224
"4032_8",0.7479425743397448
"3130_9",0.990921387053537
"1920_3",0.27379283195768117
"5056_7",0.8847527131195773
"4537_10",0.9123807142579677
"2505_1",0.2890884692079906
"3942_2",0.006431440910675445
"483_2",0.02025760079080103
"2771_3",0.005348041963737064
"4872_8",0.8349891789357309
"7897_1",0.0004152032048567476
"12039_8",0.996791120864162
"11008_4",0.5322551172863463
"4090_7",0.8970900765778282
"3051_4",0.2565379452233867
"5700_1",0.0027179419639748958
"3498_10",0.9277647892569891
"5676_7",0.723303424428941
"5565_1",0.0004156485153739398
"9347_10",0.5127452895953905
"4178_1",0.07637827711263573
"6303_4",0.9251073600646754
"1579_7",0.08101165079540767
"5783_9",0.4754379047055803
"4001_8",0.9915124346013525
"11698_2",0.2193724234485103
"7029_3",0.05434374536569849
"268_3",0.00024993462561795956
"7098_1",0.9830478902072367
"6608_9",0.998197737604266
"1123_1",0.020248479302816206
"7523_10",0.8518302546657837
"10647_3",0.08065072475172753
"12232_8",0.897240262673081
"8103_4",0.12920518601849548
"7336_7",0.34283748858541646
"7049_8",0.9569956230123671
"9694_3",0.22723447729327306
"5894_3",0.006853825717972844
"10981_4",0.5270904667048069
"10104_10",0.9882599084350617
"5752_7",0.925300573037304
"2622_2",0.013669082759222363
"11529_2",0.003406811210631781
"5040_1",0.11423388431372813
"1870_8",0.9933012208490424
"7368_3",0.02851496251929219
"843_1",0.03030739326193394
"4972_8",0.8502443022792708
"4615_9",0.9929171096394781
"8191_10",0.9932419428624479
"6940_10",0.22434721324436466
"4924_4",0.6936620115596597
"10392_2",0.0001097689629524968
"3339_7",0.9803777187421154
"3594_10",0.9834374357906126
"10354_7",0.05937668242737771
"6594_10",0.8421286659251829
"11311_1",0.019969423088780778
"4409_10",0.8214209336123902
"1669_4",0.4942120691743473
"7819_1",0.0028407240447028935
"6704_1",0.04166234417910031
"667_10",0.22516053898862431
"6444_1",0.029155154700869514
"1223_3",0.0009831083591789506
"10089_9",0.9925678458292373
"6699_1",0.00012357821422233
"814_7",0.9262353316505202
"2363_10",0.38117428603241876
"1697_2",0.5984129483096216
"6345_4",0.007819310722006005
"10109_1",0.05017353886157662
"4563_7",0.9180137748684737
"1924_1",0.020303289965090596
"11416_2",0.014310160715404434
"539_7",0.7420604362889426
"5937_9",0.976853411161497
"1912_8",0.7708771612277976
"4135_3",0.13546985326539093
"4141_7",0.7937154544491123
"7217_2",0.102429751186149
"5538_3",0.11357969732368707
"2657_10",0.9898508733315164
"6279_4",0.46097585324455354
"7706_1",0.010360270195585757
"10409_10",0.6947171911191798
"6780_1",0.011723197955535117
"6251_10",0.9982416384621393
"12227_1",0.05748271924550376
"1146_10",0.9913298592225602
"10977_9",0.9449647105940232
"3857_1",0.016386042359909737
"7622_8",0.08185204178474204
"2548_7",0.8780203380067944
"8602_9",0.9509211034470362
"8885_8",0.9297159077122306
"472_4",0.5137495896547006
"11700_9",0.6673821304987942
"10268_3",0.03213001083869983
"7569_10",0.9924052132696496
"475_1",0.03582301847681552
"4719_1",0.005365411353297022
"8851_3",0.010255238294165648
"6320_10",0.4225891409897342
"4290_7",0.26018251960602795
"7936_10",0.9391153058643308
"4616_1",0.010178618648662796
"3616_7",0.937954655308787
"4849_3",0.32832525536484575
"3689_7",0.6600175039823674
"11224_7",0.9017726852619506
"8893_7",0.14169017630207512
"11126_7",0.9982715313665576
"4816_8",0.9510354836342342
"5895_3",0.1116463662958769
"9373_1",0.006723962156505318
"2445_3",0.6180775943366386
"556_1",0.0027540227944396053
"11855_1",0.25240233729763334
"11346_8",0.78126137940457
"8621_8",0.9756343898798466
"10259_3",0.005087622867661476
"2354_3",0.12807367343608464
"8477_10",0.9966799129866845
"11408_7",0.2629974091847614
"8490_1",0.8414127969646983
"175_8",0.7176116779244581
"3376_1",0.0023381277644321176
"3888_7",0.9635165197241872
"11655_2",0.7040105031109785
"9630_10",0.8043081965962025
"8121_1",0.5509279039725877
"10758_4",0.14456585209739448
"1979_10",0.9677726916785914
"9702_8",0.7884044136063457
"1064_1",0.04538044835261934
"850_4",0.08901539057911033
"1624_1",0.061716962344418626
"5885_10",0.9948918307612558
"8246_8",0.8894463789173356
"4073_7",0.9691500406232127
"5116_2",0.27249532742198157
"5379_2",0.19141772140164195
"75_1",0.04949969213932946
"5895_10",0.972102784812706
"10651_9",0.9931338190944886
"1776_7",0.6061983522908928
"8500_1",0.004380366934501346
"11026_9",0.9408574201499444
"12195_1",0.3566896450687821
"1832_7",0.99550466360615
"11424_8",0.559524591468635
"1744_8",0.9704001622058538
"9699_1",0.0023232260003922503
"11840_10",0.5680491477428474
"8955_1",0.08545788134208007
"1571_4",0.30186160756285596
"6434_9",0.9939474122374324
"7214_10",0.9592852446726994
"153_4",0.09756987196350302
"3914_1",0.06498606926499671
"5005_8",0.9916533361766722
"8283_4",0.08186842371420354
"8846_1",0.005600518815458059
"3708_1",0.3575520475644811
"5123_10",0.9939193642797919
"2868_7",0.9433793400126469
"6395_10",0.9664595685050659
"5788_4",0.5360379756037159
"2380_8",0.7655561074591287
"462_7",0.9845310523064429
"11697_7",0.988256664339575
"3577_3",0.008771734215043202
"5569_4",0.11684094461594938
"348_1",0.010729874179056216
"9194_10",0.9777642911762249
"1001_4",0.23951266021872994
"6869_4",0.03173089359308734
"7182_1",0.3354101725510632
"2089_4",0.001680283502708881
"3496_1",0.6747323987091227
"938_1",0.04277333612959517
"10325_9",0.7379229087049433
"786_10",0.9835086065627295
"4562_9",0.5745222390617218
"2566_9",0.9520562750995761
"10732_3",0.5611867567375479
"7621_1",0.4347899904831336
"11747_10",0.9885783335408937
"11271_4",0.8529118354571404
"9057_10",0.9982489483375123
"12374_3",0.11312706328076136
"9130_9",0.9415346200085857
"9735_3",0.16569315345925284
"4305_7",0.9671018835321867
"10477_9",0.9950626740923537
"5498_9",0.9971177274707201
"4452_8",0.9834355555022758
"7993_1",0.11917839002262877
"3245_9",0.9880110489098555
"11289_10",0.10465071668604073
"2678_10",0.9949959315768692
"6836_1",0.0021100327692796287
"10936_3",0.0035447400454797482
"6870_4",0.27418300495384673
"10109_10",0.9951638400109577
"9907_7",0.3903297401634612
"4801_2",0.012774136383972328
"3684_10",0.980660694712987
"12305_9",0.7742221483494661
"530_10",0.9020078962981687
"10977_2",0.033521797386465296
"9819_10",0.5085293395182044
"5057_1",0.0013296309382723709
"8703_10",0.7946351583276677
"8997_2",0.00957801012681483
"5766_7",0.4886685129957792
"9436_8",0.9322488571251966
"39_9",0.947282742530043
"6052_4",0.08676525376412225
"9748_9",0.7152599301191922
"8395_1",0.0044759229470071275
"688_7",0.0736173149310693
"4688_3",0.5269379664293928
"6287_3",0.22418841817551
"1945_8",0.7893228764495518
"11830_2",0.007348099371099415
"4042_2",0.00017425766062329458
"10160_3",0.02212675568886187
"2069_4",0.23932396602078773
"11039_1",0.09062532775471838
"6675_3",0.13303693327187055
"9189_2",0.1182206559243813
"3683_10",0.9961454713393099
"5536_10",0.743327345626068
"11089_1",0.0012193787083439164
"9064_7",0.6168517062668325
"2079_1",0.003825403586130012
"648_3",0.0868723865861071
"12300_10",0.9800598394661961
"5755_8",0.9955283165851679
"3460_1",0.0019130329399888158
"151_2",0.053433561726593574
"6990_4",0.0026294976877413753
"11356_10",0.99072395958244
"3062_2",0.007124425800316846
"4310_1",0.07284839299652497
"9393_9",0.34155833669454033
"5886_1",0.010787681967499527
"7359_10",0.9518548298550901
"3210_1",0.008554461220277795
"4689_10",0.16121825138792903
"11111_10",0.9874032481484106
"1413_3",0.1825063732346153
"2502_8",0.9753786261614387
"10737_2",0.0498048028411008
"6525_10",0.6997662861536565
"4416_4",0.0017437969448079124
"1705_4",0.39961054874558655
"1485_10",0.9887820552344816
"4406_9",0.8130630113616005
"3365_8",0.9578250395792474
"6825_9",0.6863296205406162
"9214_1",0.5290053353620308
"8171_1",0.9873251037204749
"12138_7",0.054767516675684184
"2421_8",0.997354688958316
"7727_4",4.864579006265605e-05
"8236_8",0.8305272716905895
"4802_8",0.9907410658912266
"5429_2",0.2402247599371806
"6584_1",0.021598189692510702
"5429_8",0.9939335351467525
"2124_8",0.9993142683740073
"11670_3",0.0686938994203611
"7527_1",0.00762217910745836
"11193_3",0.06680303223235043
"3647_10",0.749017328312702
"2084_3",0.08370375240552602
"8481_10",0.844200261627823
"2458_8",0.9937556200322637
"8705_1",0.11142993010055646
"4919_4",0.017635966469483184
"1621_1",0.04657003593619855
"6059_1",0.03978200830144857
"4132_1",0.26676603069258426
"10953_9",0.9200512902585409
"6692_8",0.9975748002380851
"3604_3",0.4557385017034096
"6432_1",0.020565870607549098
"10932_8",0.995286026279111
"7248_3",0.6828384942855585
"3837_4",0.2017216185178032
"8770_8",0.9926159914304926
"12067_7",0.6663775819677499
"7351_1",0.008347279606408277
"11556_1",0.2519489041018626
"8220_1",0.7938309376001174
"8008_4",0.12912027874696347
"6500_1",0.00842227338708657
"8303_4",0.012171250270066056
"6765_10",0.9926735003632298
"4701_3",0.7523920131406124
"8956_1",0.05191063603572435
"11443_8",0.9909313685981502
"7119_7",0.8965580266845786
"11761_2",0.14509248242499556
"9921_9",0.6885263713447072
"2275_9",0.7873194247048818
"8849_2",0.019371007935436998
"2791_3",0.074344805926739
"9105_10",0.8172050901379754
"1991_7",0.8693968855068797
"41_9",0.9999391041924217
"9259_1",0.055087999677922064
"3785_3",0.6855232632308348
"12335_3",0.009241599163589442
"7020_1",0.013098820467710262
"9490_4",0.17575729424425476
"11296_1",0.021382103045416923
"7641_2",0.013006034610389452
"8163_7",0.9982375440131721
"7342_10",0.6638418668296453
"766_8",0.9971082577767021
"5399_1",0.004207790727697503
"1565_7",0.9395766329251446
"12_9",0.9808250448527708
"11574_10",0.9210955113699386
"8194_8",0.7096211057362681
"6110_10",0.9338612790490819
"8108_1",0.013060143681590058
"3852_4",0.011778277500011368
"11474_2",0.00025087904826891715
"11554_10",0.9795963146029693
"1798_3",0.3786537166673211
"11814_10",0.9823315344939845
"5072_9",0.9153726761773993
"4389_10",0.983776126720803
"8148_10",0.5119123471139218
"5840_2",0.031995417651499033
"1972_7",0.6721588870086277
"10169_3",0.045780115595946316
"8651_1",0.0006355425222489431
"6399_3",0.0032661262462522532
"8965_1",0.037578727438869884
"8853_1",4.088227752305663e-05
"2841_9",0.9970884527211303
"6658_1",0.7424644409751966
"11515_1",0.14821293605752311
"4474_1",0.040276397591075645
"8221_10",0.9133289740414418
"12204_10",0.7303405138117598
"10671_1",0.002875596327673373
"7335_3",0.2640051349409129
"4050_3",0.5017847272146391
"9465_8",0.875991421030364
"11620_8",0.854099059265295
"11998_8",0.9914625102220681
"11188_2",0.2507651724619533
"6656_1",0.0001402604488593051
"3416_4",0.039632890529645554
"11558_9",0.9747242083229282
"2752_4",0.11219234411535761
"10330_9",0.5554539154207755
"9323_7",0.9905687116152045
"12232_4",0.0014756051218820028
"5699_7",0.7700537307973638
"1020_2",0.12800672679576922
"1161_1",0.005536625028547399
"10187_10",0.9907815606851167
"4585_10",0.17662679164527165
"7570_10",0.7826184931340325
"9752_1",0.09794838875465696
"4956_1",0.004014423626021149
"1355_2",0.19238545199217547
"10456_1",0.016589988262491594
"8757_10",0.6770624412112164
"2286_3",0.05457266949078963
"1297_7",0.7843121774093584
"5326_8",0.9978970670636791
"11535_10",0.9972244570567276
"4783_10",0.48599744577831666
"4292_2",0.005788130591284325
"2856_1",0.0028871573829558727
"450_10",0.9840784197875735
"9611_1",0.9092145660377893
"2403_1",0.11807769929754736
"2037_7",0.9653710113213044
"9580_1",0.1244286067144895
"1694_7",0.9156436262884199
"11385_10",0.9122529179218738
"493_1",0.1225028513959963
"9013_10",0.9997943461069473
"11235_3",0.5203326326661344
"10793_3",0.031519224884746185
"2197_10",0.8367349272955197
"1887_2",0.038617961037577794
"6617_7",0.9260093345334537
"12028_1",0.00035733132826287967
"5413_1",0.03154116914274607
"1134_1",0.1274241218546452
"1290_2",0.02492960317333061
"12241_8",0.6276570027749044
"965_3",0.15159067608425464
"2044_10",0.995444429549684
"7782_10",0.2500432018086869
"6087_4",0.7435844553149188
"3600_2",0.14458663354492957
"1588_3",0.11416860874572918
"10421_8",0.46418948004054533
"3390_10",0.9656367922288498
"6531_1",0.3015359969857707
"9792_10",0.9587631376904151
"3755_9",0.986589394035097
"11471_7",0.8295072876619514
"10427_10",0.9802059929959875
"4011_3",0.23973380434620076
"8784_7",0.26312187215441823
"10714_9",0.9985567585669355
"6031_9",0.7420362459995711
"8130_10",0.9919478607691871
"4772_9",0.03772046588424344
"6599_7",0.7898376627856474
"11335_2",0.3937462686470552
"6412_1",0.0001315218881895916
"998_7",0.9956111498838655
"9542_10",0.9843566839964542
"1490_3",0.40302009394242416
"4142_10",0.9901416468020875
"8371_10",0.9946274713922072
"5457_8",0.9883481693400553
"5001_8",0.540612847831582
"150_9",0.9973499257799416
"8487_10",0.8240284854594818
"10024_3",0.003673018395945623
"3687_8",0.8724360305480175
"6171_10",0.9830982658132975
"5462_8",0.7486216751977258
"1372_4",0.01138367317681014
"7361_8",0.5733162132147501
"1030_9",0.9861679953595773
"3341_8",0.1754610741438925
"7677_2",0.025272034992056016
"6584_7",0.8290900739186632
"2372_10",0.2428111260098694
"5898_9",0.9984136219035803
"7370_7",0.8890579058339441
"3018_9",0.9999149934862648
"4899_9",0.9209596266036129
"2385_4",0.03643939573660707
"8433_9",0.9519110122772707
"1989_8",0.5286855018685588
"10401_7",0.9392184054636278
"5668_1",0.013406759444175685
"11516_3",0.009963568991139617
"12419_1",0.013905658330109457
"5402_7",0.24340256566297513
"10537_9",0.9863903833491129
"117_10",0.6385327818584264
"6756_4",0.4107771116849426
"4051_3",0.1066573822420816
"9687_10",0.9176595775904184
"11011_2",3.8287665623867576e-05
"8460_8",0.46907000243656416
"5155_3",0.23722647307830896
"2473_2",0.014334943409539605
"4074_1",0.005954748078865475
"4730_10",0.7169382723412042
"5310_2",0.16078097330690938
"6630_10",0.9587613384916398
"4363_1",0.00020091980506320992
"1022_3",0.13689205583799025
"8247_10",0.8669767987578977
"7437_10",0.9948126210955727
"3846_7",0.9715824513565751
"7298_1",0.0006613923897796334
"11955_4",0.10587955540601343
"9448_10",0.17077949192670316
"142_1",0.0002833064606689864
"2260_3",0.0029715007649114156
"9012_4",0.43355137894542367
"5321_9",0.8505641453642437
"527_10",0.997126603515683
"2898_3",0.007306503878309287
"12302_9",0.9863755961545753
"1463_4",0.9531871169675236
"5278_1",0.002938155474034622
"6450_1",0.0061792932020380996
"9704_1",0.14417291219250322
"2673_2",0.02685128181005504
"10175_2",0.02462864649516291
"8006_2",0.9179672317912859
"9492_4",0.4750279652520776
"4595_3",0.7701750088807553
"9499_2",0.039884249949470416
"7869_1",0.0016540617980024886
"4047_10",0.9967170055661592
"4962_7",0.9644404788076542
"4052_2",0.013319567583934261
"1423_10",0.8903418789289751
"7376_2",0.0034029690269896102
"1067_9",0.9904743054480423
"3289_1",0.2681470459956329
"5780_9",0.2541894915620331
"2965_2",0.10042007797620242
"4127_10",0.9907087627712299
"10156_3",0.027118972443934828
"11164_1",0.018015053719069064
"1422_10",0.8903418789289751
"9470_4",0.04669054684411143
"7733_3",0.2612786083839595
"3814_3",0.3650028246282133
"9900_1",0.00305256371522241
"5363_3",7.840634524625748e-05
"2878_7",0.7241068793952407
"11647_2",0.007050299675396334
"1729_1",0.05423424230866648
"2263_1",0.5702903963422679
"11707_2",0.0006670558214777643
"10722_7",0.9903899295596127
"6321_9",0.8863816131746601
"7339_10",0.9986922952062487
"8003_9",0.2445205347249825
"11009_10",0.386197521894309
"9458_1",0.06173547475020846
"10359_1",0.0003044608586312489
"5530_3",0.050711818118699646
"3377_9",0.9951480822259969
"2256_9",0.9865248051722774
"9036_1",0.03397146408041648
"7621_7",0.3865262957829929
"9992_4",0.43344136887404616
"1004_10",0.9902070098830987
"6339_3",0.04599823916277865
"5554_10",0.8475601218186553
"10128_10",0.9987033358257678
"4540_10",0.9538178910736458
"1410_7",0.8249153130197733
"7072_1",0.04225512774119414
"4324_4",0.23072090309617627
"9611_7",0.36851966779968065
"7571_10",0.9773967822301245
"11337_1",0.008734381699101896
"1169_1",0.11048166637194186
"10881_4",0.005682282011469684
"8782_4",0.14019813819509822
"5357_10",0.9977473737784843
"9318_7",0.600337106814426
"9071_3",0.9959192479127553
"485_4",0.07000551768393043
"3164_2",0.43938807321438356
"1343_10",0.8522690700204453
"571_10",0.9927162109127826
"6749_10",0.9547480540512213
"1945_4",0.007620418365353808
"8132_3",0.002880734375925433
"12380_4",0.02407227098640522
"11183_4",0.8467076243193408
"10526_10",0.626743677247561
"7234_10",0.9924614769864368
"3054_7",0.8371928004016523
"5217_1",0.004508985848124385
"7106_8",0.30873408244969697
"11043_10",0.9792388192073217
"8447_2",0.050294143046704716
"9744_10",0.9970749074354658
"10638_9",0.9093800528209844
"8778_10",0.9451562538556801
"3666_9",0.9952265208204113
"4223_10",0.9226459146718973
"1642_2",0.07986017964174429
"10541_8",0.04442754816410488
"8067_1",0.0774580879538404
"11116_10",0.9554278054127541
"8701_1",0.06694778341792897
"6422_8",0.8964924128114684
"9168_1",0.07292428633871313
"4130_1",0.0009876983681839939
"8492_1",0.011864217081242304
"6430_3",0.10109414463154826
"9306_8",0.8422118371591389
"10487_7",0.20418758190857264
"6687_1",0.6412345274364823
"11869_1",0.01545877447201846
"9224_10",0.9853596013251078
"1625_9",0.9754096101372849
"8651_7",0.9088402681537161
"3702_4",0.1416849256131392
"4470_7",0.35408746313949063
"31_4",0.004499136803064852
"11316_10",0.9993390341766166
"5961_8",0.9792020490102719
"4428_2",0.014366719876749517
"2540_4",0.555954689669155
"4855_2",0.9378279671613482
"9997_2",0.010296756601758335
"12214_2",0.17138105362198428
"12383_2",0.018651567509687512
"12344_4",0.2673430186276528
"8147_10",0.9332720130770862
"2019_10",0.9983697815011411
"8161_3",0.016673332218233108
"7312_10",0.8480384583821572
"9310_8",0.2941122439682759
"11966_1",0.002029713641179521
"8962_1",0.020601968511955396
"5661_4",0.017384856128593945
"5765_4",0.021189787145247375
"10934_8",0.9597009573056589
"5801_9",0.547718359978849
"190_2",0.5469998343969305
"880_8",0.8835732875544141
"10677_10",0.573221271669728
"10520_10",0.9990521136077404
"6697_7",0.08936964197884402
"11582_1",0.009844345675208564
"1986_1",0.016135355564846795
"6021_4",0.49640547798728396
"7220_8",0.3108114201687637
"5870_1",0.03189689622195839
"1459_7",0.7291331382979735
"1733_8",0.9986616832555752
"7060_9",0.9421189019024482
"5249_9",0.9847701615732856
"8845_9",0.9909160010930925
"10133_8",0.7619319603744141
"3041_9",0.7856498800888905
"11504_1",0.6841902998989117
"6261_8",0.9254421958182113
"2942_10",0.9907173791177487
"5522_10",0.9612296839094829
"4260_8",0.454999271076302
"1600_2",0.004146039033796046
"1698_10",0.9615964105634494
"5823_10",0.44628722141138816
"2413_9",0.9869223753838895
"7316_9",0.3565169325125857
"5963_2",0.0004895488308452765
"9960_10",0.9915489429343408
"6014_9",0.9699655179884169
"2357_4",0.008118533106705692
"9788_10",0.8508930207113368
"8100_2",0.0009588563791896056
"4099_9",0.39545489395197336
"10894_2",0.0004773886521935087
"7940_1",0.015078029332402845
"3605_4",0.8826137119336772
"11270_3",0.4460617186289763
"2306_8",0.9884691444641447
"3825_10",0.9814925505940806
"161_7",0.08618993377732526
"12121_9",0.6516594196196903
"7916_10",0.6878752342759663
"10598_4",0.4972684547417147
"3484_10",0.9875113416206116
"8967_1",0.014033141378520023
"4005_2",0.28076984364022955
"10355_4",0.417315057707504
"5215_10",0.7196752464157743
"943_3",0.0003387456862519098
"11786_10",0.9910113675694361
"5938_2",0.05047872957285526
"998_2",0.08863754873289001
"4333_4",0.04983110188169182
"6606_9",0.5961675720679959
"5251_2",0.025842686658777606
"4152_4",0.758857777804539
"3148_2",0.3543178622444059
"3344_7",0.9950867853057307
"9832_3",0.2946745891533465
"2689_3",0.6549420097960097
"3400_10",0.9409150575218355
"4000_4",0.5189414840269849
"3934_3",0.2993523529381612
"9014_9",0.9284597972836537
"2339_9",0.9446108767614935
"8833_1",0.042975761400175075
"10197_8",0.9951879964369469
"8811_1",0.4653464169058295
"1805_7",0.9913477552436408
"2238_7",0.9919136497407558
"2487_9",0.5866835736821328
"1737_1",0.00928799818683207
"4085_2",0.015301572315644487
"5665_10",0.8203912050176029
"9721_4",0.01084477159357787
"10577_9",0.934244807479075
"8892_7",0.8136583195531669
"4503_10",0.9992180019857368
"9348_3",0.0055162251692423055
"10382_10",0.9217313110792561
"8339_3",0.001729609067029885
"5199_10",0.9667306370440318
"1897_1",0.00814315812976309
"3578_9",0.9917828750708518
"9192_7",0.6868453794042796
"12154_2",0.010619675359402428
"5089_2",0.009866986253091252
"8988_7",0.01844122314152459
"10170_8",0.8109598272628766
"6690_8",0.945733413236322
"2549_2",0.00041095341237658116
"6546_3",0.0017004358625262942
"5283_2",0.00800702827533981
"8131_9",0.959499320941217
"4745_8",0.9663021122680412
"7251_1",0.12585682238878745
"1829_8",0.9652961302652693
"11922_9",0.9952673923946966
"10322_1",0.002613160914673698
"3163_4",0.48253265212910396
"11849_9",0.9920957322025828
"11809_10",0.8758204156525102
"1275_3",0.09794148123830122
"11694_4",0.22001268847339156
"12112_8",0.9116754784730089
"11212_4",0.8639888323048531
"5124_10",0.5118772731367064
"5362_2",0.0055768981241564675
"2680_9",0.9794788168794339
"11181_4",0.9732006633846695
"4345_1",0.08156214259067814
"8916_7",0.9917968492607989
"10042_8",0.9146592265411527
"10324_8",0.6483370504452656
"4425_3",0.801427477546722
"9133_3",0.7637406167339446
"11028_10",0.9907006968773835
"1941_7",0.47648172491932594
"10142_3",0.19438028912070235
"4572_1",0.0060072230565723205
"10512_1",3.7982833096622026e-05
"7180_7",0.2898946180543834
"3948_1",0.0039494516910530755
"1238_4",0.10802855052692041
"5269_9",0.1691822380997405
"12346_8",0.8784240376481754
"11481_4",0.30652333221493694
"1943_3",0.002322172959238246
"4742_1",0.0002673231918940387
"2433_1",0.029127945316683137
"4422_3",0.051941260811487824
"342_1",0.021778563963804305
"736_8",0.95170530040767
"3036_10",0.12192951174773872
"9336_7",0.8556397076825926
"9205_1",0.0005297759592449183
"9923_8",0.9834813494977496
"8875_2",0.016505260866646224
"2023_7",0.9395595923471062
"4102_1",0.09775201597685776
"11345_1",6.968957079934433e-05
"6736_9",0.997845627409538
"7839_8",0.9886055813785158
"8572_10",0.9723312076942122
"7211_1",0.01827181074622918
"6666_2",0.00015670526873450282
"1978_7",0.8504366524896867
"3156_1",0.06527627736821197
"3333_7",0.9553617310238176
"3720_4",0.4947895163640051
"1450_3",0.9544978934901029
"8563_10",0.35310113595064646
"9087_9",0.9915539763594924
"6843_10",0.890848354554565
"3485_7",0.40112509260485396
"4259_10",0.9986603089393562
"10186_10",0.6482191298816622
"3312_3",0.015629982605814653
"7624_4",0.16224068643758857
"7930_3",0.04318466094309796
"8407_10",0.9673481940930759
"1771_4",0.9820859988884277
"11919_4",0.013505331254615352
"425_2",0.5286696068553476
"11795_2",0.05008071417943546
"6767_1",0.02077199948692287
"2996_9",0.9933809513554569
"990_1",0.1814086863280265
"3757_3",0.4846140662417184
"2981_2",0.26440362975972387
"10277_2",0.4733377364015596
"662_9",0.572310814669304
"5311_3",0.28163509118115415
"3796_10",0.9661028081882099
"3846_1",0.0009548955208154805
"5651_2",0.001806436828612925
"6649_3",0.05806647457336851
"10779_2",0.00564049912142631
"4548_10",0.9718015944909206
"7275_10",0.991999720661872
"1605_9",0.9804417362713863
"3580_4",0.03015305441781512
"5712_2",0.002746980524687885
"5287_10",0.9841579843137445
"3230_9",0.9247709882020623
"7936_1",0.09963786852740629
"9983_3",0.0031916060183952207
"9959_7",0.9492306337795531
"5739_4",0.040829020666905746
"4308_10",0.864132953898057
"4854_8",0.6567530818311798
"8620_7",0.5511380342796661
"7923_9",0.955305069725537
"11686_10",0.9937998108665623
"8253_1",0.42238152188891115
"11030_4",0.8840147240671998
"3995_9",0.9893436013608248
"10763_9",0.974288498649246
"6780_8",0.8210186306430964
"10895_1",0.005426642015850056
"11778_1",0.1268344157556708
"8512_10",0.14399633882689508
"1061_1",0.0010730727167160478
"10584_3",0.0020599297117179414
"212_4",0.07011648822532464
"1908_2",0.03317877877118426
"10958_1",0.00826119040498247
"980_7",0.6964360612664586
"2686_10",0.8883118927748411
"2088_1",0.03092019706449719
"6075_1",0.10361538221673088
"9782_10",0.9983140175769467
"9180_3",0.09573111113188076
"2478_3",0.0039720696976155235
"1634_2",0.00021831308862290338
"6810_8",0.9015624033887247
"2562_10",0.871297016822232
"3841_7",0.7351204209040352
"5387_1",0.01840666366977578
"9047_7",0.991564690343371
"4962_4",0.4605949617675096
"8597_8",0.953962146655305
"1515_1",0.0013802510718344697
"1974_1",0.47131996245542707
"9935_3",0.9271934201870059
"2404_4",0.7236013936377398
"8638_1",0.0002982225989279503
"8720_1",0.0682040563427763
"11411_2",0.6391988769002588
"7676_3",0.8468682820447967
"11756_9",0.6508994373148989
"4195_1",0.004803239590639192
"11787_10",0.6342757749472988
"11838_1",0.40611511490155694
"11748_1",0.001137142413060474
"7309_3",0.7537403569310617
"502_4",0.8776469264588941
"1239_10",0.8406490619857502
"8925_4",0.025195905436287795
"4242_1",0.028999749032177762
"2112_2",0.00954088658484302
"6359_8",0.9980111245338933
"8034_9",0.9991826452043524
"807_3",0.13695241262033805
"7852_4",0.23378765611042202
"8014_10",0.9936588659423877
"4823_8",0.7702939575303471
"8448_10",0.8248642594996547
"3564_8",0.2610442975556458
"858_4",0.9713511029536429
"8529_7",0.6373598940454963
"6515_3",0.043462776113657314
"2646_10",0.504815366524598
"4278_1",0.14466881566019207
"5641_7",0.4374868851861754
"5382_4",0.09356987301341853
"3300_8",0.9892776679092967
"4849_9",0.9754730199007478
"12013_1",0.13971318332758142
"107_4",0.438534108645707
"10046_10",0.33147216697773757
"9141_10",0.9932425435856022
"10297_10",0.9958171291529109
"634_10",0.9624635221336234
"438_2",0.12100999436706467
"11794_8",0.9980888445402961
"3937_4",0.14893419835559846
"3602_4",0.338590375268767
"11851_1",0.016575215333452745
"8690_7",0.8775235977575888
"2697_2",0.10821624107421611
"805_10",0.9954681334415605
"7572_1",0.03413171796960456
"10553_1",0.023274850278682386
"5246_2",0.028592960346654955
"2064_8",0.8843954358973348
"11856_1",0.41711256970512717
"9026_7",0.9170316872615636
"4449_7",0.9627941210598455
"8579_10",0.4751763379356817
"8503_7",0.37038126279773126
"5734_1",0.3420219299466649
"11507_1",0.05737332184010034
"7956_10",0.445807389267579
"11245_2",0.002609357599118925
"6142_2",0.4417358308869883
"10657_1",0.0127172843523744
"7992_1",0.050611614881244764
"11347_9",0.9443068845769604
"5278_8",0.9922345062965258
"6362_10",0.8401456645148667
"10214_2",0.05713110717607919
"9184_7",0.9227541418873368
"2666_10",0.8056167978452984
"7527_7",0.8762289310823232
"2001_1",0.050370207155434145
"12000_4",0.011507099599249957
"10302_3",0.5090180426971886
"7160_10",0.9909981434062105
"2757_10",0.9990127865085464
"3792_3",0.06260472345926056
"6199_1",0.0006502364373456505
"10467_3",0.009884870153763324
"531_10",0.9799318631689762
"8193_9",0.9950046402267457
"248_7",0.9879939074330614
"187_1",0.01216109486000971
"5193_8",0.9770384153111342
"5138_8",0.9956152452790784
"8467_1",0.1762990091739042
"11029_8",0.9528510736889638
"667_4",0.04699888034767056
"3714_1",0.08429696188051602
"8102_4",0.7122449144747163
"9195_4",0.002087624096001497
"1432_3",0.009334312502856996
"9095_10",0.6663598427010586
"11510_2",0.03088808403660476
"5644_1",0.1188314384058643
"2556_8",0.17765730027726792
"11887_2",0.02259815504436833
"5374_1",0.04616020674271952
"5356_3",0.36800855813615857
"10209_1",0.03868840322267087
"2001_8",0.3403922994872665
"6088_1",0.0531292176625527
"6140_4",0.38415220998421595
"11494_4",0.024764912450289004
"11631_7",0.5775884354524051
"4818_1",0.4766316975702008
"10914_1",0.0003361802122363576
"4472_8",0.9942250830854911
"8735_9",0.9579529282033263
"11190_1",0.026397041771153196
"462_4",0.006118448570807635
"6566_4",0.042275032812345376
"4598_4",0.26219517879318033
"11566_1",0.05367827402018551
"2560_3",0.179539756830744
"11969_4",0.0337113161081659
"8765_1",0.0003166686529387138
"9957_10",0.2715329799539458
"5210_10",0.8271065975623798
"5007_10",0.9259499156010254
"10290_10",0.980422286162729
"10319_1",0.0415279417395873
"1848_2",0.0016526875382683792
"1319_3",0.005696217123151823
"11248_10",0.9723580538395795
"379_1",0.0028637179565635523
"3469_10",0.9775685553853947
"437_2",0.015028565290662658
"3648_1",0.15381529884286538
"8834_1",0.031822273502885995
"3316_1",0.0031396888751384204
"9563_2",0.04571408549498877
"4500_9",0.9152010149439709
"6226_3",0.021489692129920135
"5653_3",0.007968154170301866
"5415_2",0.0011472446287837015
"6725_4",0.0003295694518763495
"9462_10",0.9907063016338722
"3471_3",0.13541475832469393
"7259_2",0.0039203406822435494
"8181_3",0.19612412627778897
"10749_1",0.5953101839037109
"12283_1",0.0004674643182966689
"402_1",0.0007997784740469791
"8024_10",0.9897603278722711
"11114_1",0.002963441424777287
"461_1",0.0016333575931947039
"10025_2",0.004222536794753205
"3358_4",0.9841004904918735
"2022_1",0.0017015284722128573
"12493_7",0.991618286426718
"4131_9",0.9813435641211673
"9852_4",0.004565814436945524
"7122_1",0.0005328335238742633
"1994_10",0.9841991396102557
"10723_9",0.992257828610529
"3900_8",0.99452266015821
"7741_10",0.8846058197873801
"4287_9",0.8197226721879654
"10195_10",0.9372115814516963
"10941_3",0.005970603312909004
"1615_1",0.1543598056544746
"12337_3",0.11650751098512013
"2259_2",0.37744451699530923
"6179_10",0.9995606139259148
"138_8",0.9915126974456583
"6482_3",0.08653455805408747
"10362_4",0.0003311979922737028
"1341_10",0.9723338441109443
"8299_8",0.6676416881872977
"7839_2",0.005019084301946356
"6659_7",0.9624675329263122
"7143_10",0.9999819676573927
"12445_1",0.00038899468316625857
"3796_3",0.18580292303639315
"4180_10",0.930553347818882
"7775_10",0.9709576010379392
"8946_9",0.9518488609076333
"1936_7",0.7021647440058798
"8387_1",0.0006629617943637563
"10092_8",0.7487178168753871
"5729_10",0.9371541600122106
"1399_7",0.9972674389564207
"4011_8",0.9861420666832253
"7868_8",0.9981634832286498
"3546_8",0.9887272961656032
"8643_9",0.9930417523822698
"6033_1",0.023828593353639932
"428_10",0.7120492954571521
"3385_10",0.9972449515469155
"3073_2",0.0016906700197490473
"4169_8",0.9171350133392872
"8191_3",0.005007432739507359
"211_3",0.005597323659085934
"297_2",0.15881076353863943
"4286_8",0.9971150107022397
"535_10",0.9961532686075016
"4851_4",0.9018763190944764
"9707_1",0.04237389579444251
"9740_10",0.8561113912316036
"5410_1",0.0010106059725603126
"1436_1",0.5215581376827431
"3766_10",0.9986970017704421
"2483_9",0.9955467352653958
"1937_10",0.997915094053643
"2939_3",0.0537317074148437
"3372_1",0.009658556600309308
"7825_10",0.8681163917759697
"7780_10",0.9987252647080949
"7656_10",0.9569508465599176
"4850_7",0.9569928235845468
"5083_4",0.3091789148023023
"10429_1",0.009013328046874627
"8009_2",0.001113573276196426
"10879_4",0.06550282991236951
"7328_1",0.01768889236373384
"10055_1",0.013664583039466304
"11715_7",0.7875605866034749
"1547_1",0.006590901228343195
"7665_9",0.6353849785389297
"6061_10",0.9882126840577835
"10800_1",0.011665305119513332
"10234_3",0.02892827515679784
"11334_2",0.20819826007560752
"3106_1",0.004177830399282679
"12173_3",0.02475695115161121
"2076_10",0.9589513016416024
"4414_7",0.16245616874691743
"7679_9",0.9182391939049767
"2010_1",2.2451760147900333e-05
"9460_9",0.9960001323344608
"11261_4",0.10041542110790937
"7500_10",0.28327746611614957
"9503_4",0.10095372660243448
"5937_4",0.10006799327098921
"87_10",0.8737478862375996
"2968_1",0.00018564979563196181
"6728_9",0.730624847399345
"9954_4",0.0006322602104014819
"5875_8",0.991074506177464
"12429_10",0.4026728069723106
"11247_10",0.938446492374326
"8879_4",0.6772659867058906
"2999_1",0.025152981193561835
"11448_8",0.8192828501513292
"3629_1",0.0012007795504128402
"1302_1",0.644489744039821
"10851_1",0.0714008556654344
"9533_4",0.009934649223316121
"4078_2",0.4657000901460624
"7813_3",0.05113612016475892
"11284_10",0.8940177205590694
"3509_8",0.9974850573915831
"11198_3",0.008328841486952987
"9197_9",0.9881860049593834
"3603_3",0.9851599898227021
"6472_7",0.9996481839811953
"2410_2",0.010080557102657166
"10240_10",0.8999616034962863
"6507_4",0.16356625356578278
"1511_2",0.5959742099036076
"5475_2",0.001421332520552685
"5728_1",0.0031518893806749535
"5294_1",0.12512721229939566
"12024_10",0.9687651960080016
"2355_1",0.03249468224200284
"4088_9",0.9924090446142898
"2580_10",0.9313895531278564
"9423_1",0.5241189095111825
"6836_7",0.9888515745823308
"11806_1",0.0005430048178654241
"8412_1",0.025180809882185896
"770_10",0.808845218961426
"1029_10",0.7989348790116226
"11288_4",0.031146680304186766
"690_3",0.11705320652976708
"1925_9",0.9691837067847019
"2116_10",0.9661531813390934
"8597_2",0.5531558894717458
"8734_4",0.15474647617659085
"5549_3",0.00799817534462162
"5447_7",0.9471589111413778
"2519_4",0.25195649915100377
"11323_7",0.7447901764507444
"9338_1",0.0003102185484811702
"3299_10",0.997988500996328
"10585_8",0.6105439679622856
"3945_7",0.933430286814361
"813_1",0.02139553940679698
"1300_9",0.9462853295701062
"5849_7",0.9471735192245213
"5535_8",0.6646745638232098
"3612_2",0.003388276385547444
"11064_2",0.0016829425996631585
"376_10",0.9552138087341846
"8504_2",0.0002337797756802403
"8198_1",0.008608675130284607
"6485_1",0.0008206705355662796
"9011_3",0.09350326458088526
"6766_1",0.4072537383220676
"7282_3",0.27315738183750154
"1450_10",0.8960990349326311
"10644_8",0.650663622807499
"5424_2",0.8616464804683025
"86_3",0.7254873531808971
"1221_1",0.0010093309531693173
"2309_3",0.15211567859814537
"5190_4",0.18552096431491674
"11498_1",0.011104077069382365
"11959_10",0.9869738886153314
"10465_10",0.9396801194966908
"3922_4",0.8552808970777278
"9710_9",0.7605084833546683
"2014_1",0.000830647082654695
"3791_9",0.76825601457707
"3548_4",0.2511206684311459
"6001_3",0.18626280460273023
"11920_4",0.7085081499599193
"10152_9",0.9619078269453825
"10305_1",0.9288560737277543
"10626_1",0.23727567382105838
"3057_3",0.6841425542475177
"5387_8",0.0030301652900008263
"8138_2",0.08257844328176388
"11134_1",0.0026610418825373213
"8341_2",0.0019581503844706806
"6687_9",0.9598484124530983
"671_3",0.4803585502342122
"1156_2",0.0009375091512770785
"11841_9",0.9961876328925893
"7193_9",0.9778944801245094
"2257_10",0.9951698119807538
"5261_3",0.013127997627831674
"10475_2",0.03602312809294342
"11175_2",0.028839517589851062
"8122_9",0.8704501630194205
"6266_7",0.9861517966799308
"4340_9",0.16763679682257923
"331_4",0.041650748424086614
"854_7",0.9463607371781341
"6800_10",0.9848147475450421
"982_8",0.9078370032594315
"5916_7",0.9990099466001039
"5871_2",0.027167649430740116
"4106_9",0.9588420090561109
"8506_1",0.01629041014142247
"4610_9",0.9949640042707062
"5086_4",0.20918058348481658
"453_9",0.12440836181017431
"4611_3",0.151382933778257
"3764_4",0.07381782570832775
"7644_4",0.012646185209268928
"4037_2",7.29729613052651e-05
"1595_10",0.3451752812274968
"7792_3",0.004257383326564736
"10068_3",0.12389804290510766
"7199_10",0.9651840660749098
"2050_3",0.001509764743842686
"2460_7",0.9625652954889207
"9299_1",0.0075617227117901285
"6297_4",0.24380829225819242
"7797_10",0.8207456692528214
"11272_8",0.9558080772027653
"7808_9",0.6759777403090631
"5806_3",0.0443019952078775
"4573_10",0.7284693847091896
"3935_7",0.9020813119792075
"3502_1",0.0023964047231904155
"5744_10",0.011271625858210389
"10548_10",0.9319460904313126
"3746_7",0.8539380086118941
"3851_10",0.9950149758521387
"2648_2",0.06398418304318244
"11397_3",0.014403005922311382
"1024_4",0.08125951261015535
"4034_2",0.0005482241482497352
"7010_10",0.9753085307610758
"10429_9",0.995836504465314
"8086_1",0.0008578333743349616
"6463_4",0.14181520961998906
"3540_3",0.818002076066764
"7608_8",0.8817038346174194
"5123_4",0.8486320127171497
"8139_4",0.037022840176482635
"2535_10",0.9564951440819925
"4187_1",0.002155390253213486
"1711_4",0.18569473315885235
"6197_4",0.0671570160855771
"4953_7",0.17442452985608933
"578_9",0.9805914043266812
"4244_10",0.9685903768799398
"3893_8",0.9896323433469963
"4903_7",0.5934341665414413
"9850_8",0.9984094391567195
"11450_3",0.03286261657275917
"4926_8",0.9958315108129632
"804_1",0.07504907761323733
"5933_7",0.8898201455475478
"4407_1",0.0017781000958242317
"7951_7",0.8864599965146847
"9759_10",0.7295522884964714
"3936_8",0.9193565706902813
"6998_1",0.33535578015616
"8967_7",0.921009363284482
"5061_4",0.9056543531357293
"7787_3",0.19913737872834872
"8320_10",0.9796416554372611
"967_7",0.14509555490102086
"11996_7",0.2429630222234553
"4233_8",0.5254712214960874
"2494_8",0.8878635420348161
"6804_8",0.9523695739413947
"1452_3",0.331118864188623
"10327_7",0.9594764234163495
"1510_1",0.02820031758212024
"7223_4",0.47886465412499046
"2280_10",0.9420519476448733
"4092_9",0.9963990678433345
"11305_1",0.028200709817977933
"10599_1",0.027650415102084668
"9545_4",0.7197416622231567
"6423_8",0.9562496503240474
"12314_1",0.07685260748426735
"8470_1",0.0731621881266824
"8957_8",0.9751667058474149
"1725_9",0.9966357194947546
"11127_1",0.0010297474269094135
"6570_8",0.3386626983088002
"10477_1",0.13946778548485825
"5503_4",0.19950668181788925
"12251_8",0.7255192013437348
"3474_10",0.9978230991660009
"7269_1",0.004821145798277306
"997_3",0.043184727610047706
"10781_10",0.9823100285109436
"6598_10",0.9845516074652596
"9225_1",0.08651948861095157
"20_9",0.9856740249008262
"9671_9",0.891750315734794
"8627_3",0.009989369932318637
"12404_4",0.8016672978162009
"1110_7",0.9817055401392629
"6979_1",0.006180370789126237
"9082_1",0.0014945509394379553
"3626_7",0.9436996881834365
"4856_4",0.9111014174070547
"11510_9",0.7080808623263822
"7024_10",0.9979385373201599
"1501_9",0.9628704727269133
"4185_9",0.7533405521868225
"8671_9",0.9978005208125936
"2225_10",0.9783852270714533
"199_4",0.9822809924967613
"6027_9",0.7442728921847157
"359_4",0.37891251203986653
"4065_3",0.05999337441206558
"12333_7",0.9277006491667014
"1963_10",0.8484912350699336
"9106_1",0.04727571444318261
"10478_1",0.016422513855913708
"10859_9",0.9382290029000941
"357_1",0.00787983415588113
"6982_10",0.9898756255208507
"460_8",0.969846226301356
"9266_2",0.22870808725438227
"351_10",0.9732320293616195
"9562_10",0.8996230901548536
"9784_3",0.11333614169897793
"5949_7",0.9559877445081593
"6489_1",0.11189760787963546
"1607_9",0.5675381187798774
"4482_10",0.9184202615585764
"8816_8",0.19835605905915513
"2427_1",0.3471127488057266
"4838_9",0.9988604946793864
"10961_9",0.9981948815299511
"6708_10",0.9799049029038309
"1045_9",0.9487892588926053
"3607_3",0.09031796250043461
"4325_9",0.7574534665695691
"4779_1",0.043183556402041176
"4624_9",0.9485745709567377
"4564_10",0.7802012318962662
"7132_9",0.884110914434975
"506_2",0.05830563669283259
"5939_1",0.01810512840410127
"3219_10",0.9953197869388944
"8620_4",0.09024762530797573
"2049_1",0.006311787491010097
"3367_9",0.9403861003772783
"7408_9",0.8795943671680604
"8850_2",0.008310951404880864
"870_4",0.18896600426941654
"8056_8",0.6485116921321129
"11367_10",0.9726613483647388
"6160_10",0.9178259035320959
"6712_8",0.8423413848525777
"5267_8",0.8233220367447951
"1191_1",0.00796097654220593
"1513_3",0.3002905807326049
"4741_10",0.6777163898766606
"9807_2",0.026423858820803385
"6926_10",0.9911992127037421
"6382_10",0.9928027383553157
"6636_8",0.7833940312592088
"6592_10",0.999403586519951
"11308_10",0.7906235366619975
"10853_3",0.019877082078215428
"1774_7",0.9737744563575489
"8259_10",0.8014720827710102
"8649_8",0.9136716881588939
"10739_2",0.3176920814261888
"9843_7",0.7288555254726968
"5984_10",0.9938093677871794
"8658_1",0.027977359276101683
"10386_1",0.0007033178283215323
"3271_4",0.251925576886334
"6167_1",0.00037933850737556415
"529_1",0.008292528908481846
"5696_2",0.038273765146008124
"1601_10",0.5701163688079169
"10744_8",0.9810486745188082
"6121_9",0.1865839321892292
"2598_10",0.9986630440080995
"9209_10",0.9708181298532753
"3831_1",0.001392525167734055
"7171_9",0.8902190094900735
"1850_10",0.9023047688095722
"8728_7",0.9773395188848515
"7698_7",0.8929729725760543
"5954_10",0.9982471112299819
"7104_7",0.29303916005260383
"5617_2",0.6312723752820605
"3896_1",0.12444622027979886
"4355_1",0.1369196774177618
"4212_7",0.8522313671056537
"622_1",0.0013140904888962748
"3368_8",0.9716163797718366
"2870_1",0.1643199462127268
"12107_9",0.9982867957270419
"8016_8",0.9968871520509286
"8752_4",0.19725632179372843
"10653_10",0.971444880163634
"7245_10",0.9938173484788327
"9742_9",0.7513982252742768
"7637_4",0.6554734783519379
"11903_10",0.9613115601432731
"9818_3",0.1583052227402738
"373_2",0.1646433411809468
"110_10",0.6814226991777615
"2450_10",0.9971260662549666
"9009_3",0.0039930187696995715
"9132_2",0.03225847272507522
"11076_1",0.02923236688951968
"4285_4",0.7159233238171809
"109_8",0.5040823906086944
"2585_8",0.6520033333563326
"7781_1",0.005936545645868151
"1359_10",0.8517165165213014
"9773_3",0.05278905704011685
"10328_10",0.9832559594657653
"12063_1",0.6381286488526373
"12061_1",0.003671070058656167
"555_7",0.7185672653584292
"2288_4",0.002643477259854159
"1259_10",0.2347910673538925
"12098_1",0.006362721380946074
"6493_9",0.6305893041267292
"324_3",0.26839898390346034
"7834_8",0.08815387835139758
"8918_7",0.63233555230299
"10736_9",0.9981364730004011
"5272_3",0.09993453661528413
"4302_1",0.03722911713925596
"646_1",0.16680426707345622
"10868_9",0.8578259174503985
"9654_8",0.8253938260825652
"10790_10",0.9545268823464842
"10589_3",0.04043094738557456
"6364_10",0.7410388209779297
"8477_1",0.0020785681361939036
"6938_2",0.19459238351687402
"9420_3",0.006517944887659459
"1527_10",0.9927722618748862
"5769_1",0.07852525733430843
"1655_9",0.9975716316586719
"3917_10",0.9983638635092271
"8666_4",0.07801268623262486
"11820_2",0.20283690676577912
"11633_8",0.675784370312864
"6136_4",0.009712768006885275
"10293_1",0.036759481271733015
"1084_1",0.0010105159459380798
"12287_9",0.9809060630840816
"11297_1",0.02076864471410337
"6913_1",0.09252189428264941
"11371_10",0.9801375795350312
"9937_4",0.06741544476823398
"11341_10",0.9914582541764472
"5233_9",0.8928466681724565
"4358_10",0.9850971965121478
"10735_10",0.9997826700185191
"5234_1",0.06150014215228767
"7523_1",0.1377612199445971
"5758_3",0.09421573778848541
"11916_10",0.9993839259336662
"10276_8",0.2970428573475046
"5950_4",0.7644784907372266
"10329_10",0.9594976435004172
"8419_1",0.001874567135600837
"3343_4",0.019683640514435233
"3640_3",0.15023917044656812
"10160_7",0.9350544599426639
"1181_10",0.9921466392660571
"9181_1",0.15831231193082274
"5778_7",0.24556805739661966
"3659_9",0.9300398082284919
"4695_10",0.9954054401037441
"25_10",0.945199119461647
"6127_2",0.06254314806773327
"1343_2",0.063046946852287
"1110_4",0.068284454657149
"12166_10",0.8746255385344563
"1853_8",0.997622122539928
"6651_1",0.05333358994751506
"4927_1",0.0015856126919148582
"10933_3",0.21078884759816294
"6911_9",0.8779162463809648
"467_9",0.7925644884329061
"2267_4",0.22838634795061102
"9005_3",0.08928495880496903
"10493_1",0.005558318631367354
"8159_7",0.7968923368071117
"10039_1",0.006631082375983381
"5147_1",0.25483997383682905
"12176_10",0.6744577017868041
"9299_9",0.36726943656155897
"2824_10",0.7944494247301319
"7695_1",0.04454941017918525
"8870_9",0.983273800265119
"4063_8",0.6549687121881099
"396_2",0.010057253719494915
"9016_3",0.0006350878817182956
"10148_10",0.9946917245038781
"2028_8",0.9215086257920263
"3738_7",0.731497453397791
"11365_1",0.20046564964977726
"9987_9",0.9796308666028143
"4050_10",0.9990663552396944
"8028_9",0.9089919577909598
"10161_7",0.5496936641232045
"5997_3",0.20460068207898482
"7771_1",0.23602931561885712
"765_9",0.9699224336331609
"6558_1",0.03912959414966498
"9148_9",0.5351073827370061
"10100_10",0.9809532992708214
"11870_3",0.12213297772845534
"143_4",0.4316965012128164
"5865_10",0.9012231009148886
"2364_10",0.9074028108876333
"4695_2",0.003060293122225197
"3150_10",0.9565122192226211
"4181_10",0.6435280277125177
"8121_8",0.8086113574036481
"3263_10",0.9060926557722371
"9178_8",0.9982909765150448
"11323_2",0.07982714000379966
"8922_10",0.9926630785559193
"7884_3",0.4989958688752995
"6474_1",0.0796792356236022
"9697_8",0.9168237721774741
"9184_1",0.01711967969604361
"9483_9",0.9549240435342623
"5353_10",0.9767119109819132
"5978_2",0.003248916570701425
"7162_4",0.5554326983899645
"12175_3",0.0004034552921065764
"8229_8",0.9372433742880267
"8618_2",0.010905369256082181
"854_1",0.002905564775682542
"1379_10",0.7706025782855342
"10833_9",0.9405532447259157
"2244_4",0.07797952610686758
"8145_3",0.05080303571237899
"9069_3",0.47542195909573276
"691_7",0.8917593396221803
"421_1",0.03233348014101459
"951_1",0.9056077456147799
"4966_4",0.19035806128686927
"9116_10",0.8962408056915304
"7903_10",0.9852918011245451
"3684_3",0.07802349515886702
"9435_1",0.049986115096279225
"4998_1",4.891341380660225e-05
"9698_1",0.019223166519844962
"209_10",0.9197700144626736
"10314_9",0.9026370802914975
"6677_8",0.7001611228985128
"3044_7",0.46312805445418426
"1322_1",0.0063315061274297445
"3185_1",0.01837465009499761
"6619_1",0.0008614720082325138
"3765_7",0.1435686359328259
"3348_9",0.2861812899956922
"11833_4",0.24515471617924406
"2250_1",0.0009280265041652657
"7760_10",0.566694503118254
"8619_8",0.7462197322094939
"5790_9",0.5605053354801647
"9197_1",0.13966951428482238
"4350_2",0.0003153011004770786
"11545_10",0.9790243915205139
"12448_10",0.6470008356947548
"7160_2",0.032458764105468295
"5966_4",0.7156538968654942
"5284_10",0.9954434358537936
"5276_8",0.41744700190257356
"7498_1",0.14866438179057243
"10729_9",0.9448721210015179
"1827_3",0.004658522598322007
"3111_1",0.004239627708042737
"8298_8",0.6779455273894497
"12447_7",0.6520605684000619
"8035_3",0.0024779515650066816
"1203_7",0.9881331236080463
"7620_1",0.07803776897644993
"2375_4",0.005114465396950409
"4026_2",0.004828337007956109
"1925_1",0.020628881498557128
"3658_1",0.1111560239646125
"114_10",0.7128437312533717
"3386_2",0.3486454782571451
"377_9",0.8527506746760388
"8855_10",0.9988744520796
"10476_10",0.9989649459142235
"9073_4",0.6123754343211827
"3255_2",0.011104087623367643
"2918_9",0.6715752609264043
"5221_7",0.9422779912953732
"7546_1",0.002749330294009517
"8080_7",0.8407293798003566
"7434_10",0.7845401303490382
"1772_1",0.01685824714025367
"2690_9",0.998053675367071
"7133_9",0.9484606675166384
"9947_9",0.7065563920451627
"11865_1",0.03965427219423726
"6346_10",0.8667609654052051
"2945_3",0.020036556149116667
"3625_8",0.8692996472008466
"694_4",0.026755314578199334
"6795_10",0.6737173826555
"9353_4",0.9919208263196087
"12345_10",0.19169023861488552
"5316_2",0.10429756381622238
"12204_2",0.025261506781790156
"2186_10",0.9023094617233627
"5568_1",0.039158494128598294
"11080_1",0.047187474475875985
"228_1",0.1931533400870572
"7795_1",0.0009373558647963763
"4886_3",0.09630386322672317
"11547_9",0.8139731240819221
"7494_2",0.10739810549356943
"5466_2",0.12737736619318535
"3655_8",0.9927108552595316
"4790_1",0.013207585337604796
"12370_10",0.9113338938650709
"546_3",0.808053308814246
"11818_8",0.9988780404873586
"9426_7",0.79645637652988
"1524_3",0.568105139922649
"6486_3",0.00289359597788763
"5288_3",0.0004302626598970501
"6797_3",0.29360675154768023
"8130_4",0.33326907329233524
"4064_1",0.027221201898688756
"4832_1",0.07068607837427651
"7232_1",0.1284821378508278
"7279_3",0.7496261980233718
"8356_3",0.23588434841407419
"3556_4",0.45223644092515675
"4097_7",0.9642310336574051
"7801_1",0.40078777583226494
"8393_1",0.10204474672284063
"5847_7",0.9948624639559905
"4470_4",0.09930811159527354
"6922_3",0.001600838809759946
"1094_7",0.3988306105101723
"10740_10",0.9975244385663028
"4933_8",0.9694012722768879
"7794_10",0.9998545360373738
"7218_1",0.06701040186997105
"12470_7",0.11901275369810518
"2980_7",0.9636832469925647
"10896_4",0.1275108424049821
"8652_8",0.5382219635873647
"3638_4",0.023388110931530606
"9497_3",0.902823964619338
"9266_8",0.993665168193756
"7392_9",0.3436583199775349
"10_7",0.37038229699628944
"2466_7",0.5009696136498603
"1612_2",0.10658289234842727
"10262_7",0.9043124053894066
"2193_4",0.36509344642295105
"179_10",0.9899217451693852
"6025_4",0.3174546386425753
"7633_7",0.9629644890313922
"9716_1",0.0011974052040958666
"9487_10",0.836112501054572
"9800_9",0.9993020120329391
"6424_8",0.47877572916146016
"835_4",0.009312707985158847
"11351_4",0.342993773403645
"5508_2",0.022739022281318605
"12395_1",0.40489178708223295
"11986_7",0.7198679349634747
"9947_3",0.5221719604864179
"11529_8",0.9868108184570471
"93_1",0.2860350158411425
"9914_8",0.8981514355818766
"7953_9",0.8619164528180127
"9418_2",0.0326044979869777
"9089_8",0.8914255091913604
"10337_10",0.9905115755881111
"4440_1",0.02632419812580087
"890_1",0.004093311719750425
"6965_3",0.013513578273817082
"6540_7",0.9184418778931562
"7693_10",0.9761920093726868
"6470_2",0.1763329409782809
"9262_3",0.11941612908147332
"1901_10",0.28245623115326235
"5107_10",0.9959844478919948
"6013_3",0.5038547640955876
"9295_3",0.022697545564575015
"3450_9",0.931912511171797
"820_9",0.12963687794053447
"3207_10",0.983491132744924
"2620_9",0.554779842945934
"9175_1",0.0413162425858138
"3058_3",0.0022517305138031337
"4648_2",0.055362036724343616
"2012_9",0.9903872261853119
"8131_1",0.006945296700070817
"4808_4",0.024785541713712857
"9182_7",0.9195050459020601
"6829_3",0.004673685604015393
"10736_3",0.126850461863574
"12347_10",0.7897966350662114
"9973_9",0.995313945516512
"5320_4",0.5546545811894384
"4462_2",0.06598941583240546
"2573_10",0.5348206970899287
"5580_1",0.003087622100189916
"11771_1",0.18029271659487817
"10782_2",0.6808958539707348
"7719_3",0.004651762711187531
"1897_10",0.8732006719740535
"8797_8",0.9905101309469047
"5464_10",0.9937265256411303
"6480_1",0.0006694066837903813
"10346_4",0.0031505746123673007
"9386_7",0.40946219204951895
"1027_4",0.5836702688752099
"11905_10",0.9835406356254675
"7804_10",0.8699347061252785
"1491_1",0.6448399116876311
"6521_1",0.00021716197730085591
"11835_1",0.004229909612533441
"9661_3",0.0013755647446763357
"9476_7",0.5081839730622303
"1398_8",0.7847755532060013
"7373_2",0.11624508738957602
"10278_7",0.9870493524488982
"1422_4",0.3415445596961978
"2823_1",0.029474923185484003
"2691_3",0.005606483777493357
"5825_4",0.27485545843614945
"4113_1",0.21581306134991526
"10081_10",0.2533496087406494
"6700_1",0.010208124155617788
"4482_3",0.028103166450971644
"652_8",0.6653339996283295
"5364_3",0.0747108684212586
"2853_7",0.8171713213225292
"4328_10",0.8180078616035035
"2636_7",0.8824866177221053
"10850_10",0.9399751119257815
"12059_1",0.017736993762941508
"4135_8",0.9889191472638811
"6311_2",0.004487031993934842
"12379_3",0.0026264460966278417
"7288_4",0.1618428122010048
"1463_9",0.9558067423722626
"2112_7",0.9540744732866339
"3942_8",0.30952747329124275
"7693_1",0.2487825923966729
"2451_10",0.9719414702954449
"11441_10",0.9818959342127351
"11331_8",0.5514630968304285
"7233_2",0.018285367321479208
"649_2",0.1954518699023562
"6388_10",0.9636091700707783
"3861_10",0.6543236813234312
"4188_10",0.6473657806493937
"10556_10",0.9779791884554876
"5855_4",0.2345596188240805
"7153_2",0.06817480902465527
"9710_2",0.007475991517725886
"7607_10",0.9992231656750248
"4534_7",0.22830459782943816
"11074_1",0.0027908276688711486
"9650_7",0.699948443106499
"10921_4",0.4742612466625567
"6121_1",0.17297195602538887
"10458_1",0.13137137245928843
"9602_1",0.0012935554782220393
"9693_3",0.813243022154066
"9188_3",0.9898619882792529
"6333_9",0.722740176880551
"8905_10",0.9956051178264097
"1335_7",0.8840579046800964
"11513_10",0.8543431351073503
"6925_10",0.9826363249061036
"10928_10",0.9393156615742231
"12454_1",0.020710447684703936
"6286_10",0.6790442821914742
"5163_10",0.6752508686375893
"10200_7",0.17543111010889184
"3501_10",0.9734477857387928
"6574_3",0.022352245245578422
"5169_1",0.41223008338083206
"2640_8",0.9839243663809867
"7117_10",0.9636369749057824
"3569_3",0.7031051865605066
"9810_10",0.06300013269047061
"2080_2",0.05439836507720606
"3437_2",0.05845670342356804
"7503_8",0.938145528194874
"3753_3",0.1520471491449075
"10868_1",0.0014497429160030054
"12385_10",0.4361384443873238
"11870_8",0.9614665393177677
"6694_9",0.9321370805504939
"11824_10",0.999709156874893
"1750_4",0.8893002995472121
"572_10",0.8821106276041012
"970_4",0.11679785168773119
"12211_10",0.46811109701218895
"6972_7",0.9976005768529734
"1554_1",0.8068054749205716
"8868_7",0.04238782452807119
"501_1",0.0014265030303700786
"2023_1",0.009901966335559766
"4272_3",0.025340736148212795
"2536_10",0.7987930922351298
"2819_7",0.41288783683598124
"1810_1",0.0009484005490955023
"11364_3",0.49696246267285044
"6086_1",0.0012885229683727148
"1901_3",0.015270130862319438
"2847_3",0.09010435629230122
"6224_1",0.015984622234278257
"4305_1",0.006816524822912358
"3685_3",0.011235917100397546
"6292_2",0.4271965927257567
"10626_8",0.8259964291519689
"10721_4",0.9304367200124
"8086_9",0.9864621652489264
"7886_8",0.9975660254575661
"6601_2",0.11356973741557895
"3806_8",0.9236266840171882
"2611_1",0.01690812051313289
"1696_10",0.503001181849544
"3823_10",0.4377083475343592
"6917_4",0.006446155986649343
"9469_4",0.17475707061399595
"9498_9",0.9914529125328319
"11046_1",0.011247947517756415
"6519_9",0.9841838219258554
"10676_8",0.9692839692290974
"3139_9",0.46462523151304164
"1098_9",0.9556271763437788
"2588_8",0.9278526020909602
"9924_1",0.0055431195163609835
"2131_3",0.17567843154014143
"236_3",0.7636484639233987
"5390_2",0.011824637302571987
"11292_10",0.2833925153077395
"4149_8",0.4210933610145409
"610_1",0.3521577715696027
"10184_1",0.0022055764873405888
"9123_3",0.048574200347800606
"3220_3",0.34824584843343254
"9124_2",0.07524914055824278
"9103_1",0.01610095460410986
"2896_10",0.9570774680664664
"8478_1",0.0022738269526480946
"11845_2",0.41289704668706345
"3646_1",0.9311862999738302
"12254_7",0.8082675787355065
"857_7",0.9743100614844094
"592_3",0.013305513598013421
"1276_9",0.9262926964400175
"5096_10",0.9973081069177893
"10725_1",0.7409437575071095
"8426_4",0.35554380776618716
"10244_2",0.016448079462183084
"4786_9",0.8828919772742643
"8358_7",0.17047391780390983
"5266_7",0.9015633709142395
"3581_10",0.8268349692058258
"12349_1",0.0776406343505243
"3429_4",0.09544994703150915
"9807_9",0.915990516389318
"6631_2",0.0014042250994649808
"4981_1",0.00040954878089016013
"273_1",0.021171427426066616
"733_7",0.2753573539410711
"4982_3",0.157197793322217
"2347_10",0.9408854282180045
"6263_10",0.8844065987770972
"3699_9",0.7917696172358991
"2270_8",0.9798027137409996
"8095_10",0.9941324643694508
"3347_8",0.9908724188178629
"4161_4",0.6155958370619397
"3331_3",0.02211287654073223
"6845_3",0.002231658165253734
"9272_4",0.1088958243071604
"997_7",0.9960462855127931
"1798_10",0.9537105808134397
"4262_10",0.8394576277270778
"4868_7",0.7332462506572028
"7487_1",0.5765394078643683
"8262_10",0.9282749726288979
"12397_1",0.0002778065617658372
"4786_4",0.033988531302802466
"3240_9",0.9877185431970299
"10992_10",0.9826355576754989
"8209_1",0.04280523088005196
"6089_10",0.8654849970227784
"9735_7",0.9483160643075152
"2554_4",0.013829936066224058
"8995_10",0.8578723632473614
"5732_4",0.6153941141742012
"1088_8",0.966747384334474
"12345_4",0.15594785485640233
"9364_4",0.16043494717126605
"12348_1",0.06767626692511222
"3311_2",0.04475778829141432
"6707_4",0.3672543942511176
"7048_7",0.8600223246799806
"9736_4",0.11393116276359881
"2975_10",0.9948562268189826
"982_4",0.07191805257503776
"3227_4",0.011578485887889445
"5185_1",0.0023952127662359786
"2131_8",0.974739434870347
"6941_8",0.2725199131703088
"11936_8",0.8492136901259879
"2383_8",0.16542805161058385
"3057_9",0.8910532873646924
"8058_1",0.0004047538986345892
"4622_8",0.8128849433662857
"2208_10",0.33514646709218354
"12144_8",0.9911216212623133
"2737_10",0.9370894875147052
"3550_3",0.0848026163633985
"2789_8",0.9919168348062253
"11757_9",0.9998402805230363
"10676_4",0.2192204429967079
"2855_2",0.0009089295303788888
"2740_3",0.016060673852149987
"8609_7",0.7096313330071246
"2147_4",0.5491364171295835
"8093_2",0.08170919920652361
"10335_1",0.2416323936927139
"1098_4",0.014065734232837312
"6255_10",0.30369389187415424
"7276_1",0.07198000169280015
"11301_10",0.998032431761256
"1334_3",0.11007896213079588
"8983_9",0.9796262444549243
"1694_1",0.29166428660172056
"9658_1",0.0009884272945386002
"8438_8",0.8055229378376731
"536_3",0.0063247905166909655
"7074_10",0.8738595235432992
"1992_2",0.10567545226916449
"5040_8",0.9967903861831383
"753_2",0.24735524194808137
"7967_4",0.6604820740905879
"3763_2",0.6007161274901887
"3953_2",0.01545041320659417
"3351_4",0.7375863185166885
"1704_8",0.9460781813367686
"6817_10",0.9551474903698736
"11914_4",0.1314110535594067
"12071_10",0.9866145649374026
"6969_4",0.024740505851915794
"11992_1",0.0037305321634514355
"11532_4",0.03142795504747292
"5253_9",0.6140702604210581
"5596_9",0.9289735454852387
"6560_1",0.014910833939950224
"8082_1",0.0042011412985106895
"864_2",0.00264458882769455
"5929_8",0.2134012235767471
"10217_4",0.0228398918069642
"11277_4",0.06522922213730095
"10701_10",0.2122763891152046
"1245_8",0.9801591535653856
"10024_9",0.24483241675188055
"3344_1",0.8269214730504392
"12006_10",0.9859738602396968
"1031_1",0.0013369673884567072
"665_10",0.927571997356602
"10460_1",0.029361814037676754
"7038_9",0.3160056799179935
"7843_8",0.7991510536921074
"5095_9",0.9892574586686708
"11426_3",0.17001303054640146
"265_9",0.9919321334546637
"7163_4",0.014826436227325131
"77_2",0.012867176387288072
"4709_10",0.9805678280660866
"11151_9",0.654310013429629
"2269_1",0.3387069735946563
"820_1",0.02496574408434094
"1451_7",0.9471681530968623
"281_1",0.5155743695179613
"6598_1",0.2221315935693832
"4341_1",0.3221041670646806
"9560_3",0.005235998132239273
"4698_1",0.10488360953696828
"7408_3",0.0014074730002635585
"11729_4",0.1831133537480568
"11489_3",0.04490591651957528
"9711_1",0.0010138731750266555
"9994_10",0.9905241853758694
"586_8",0.9584366240577256
"8047_10",0.9254927618863771
"4531_7",0.9495974070997328
"1293_1",0.0002940435518450105
"7581_3",0.017274083789837576
"5129_4",0.8186076388301409
"1748_1",0.020842870039602914
"8155_1",0.010021455823126892
"8827_7",0.47182980494930954
"6616_8",0.9980000455448432
"1040_9",0.9986409051089175
"10942_1",0.6265840289263468
"5306_1",0.015894409716496413
"8168_1",0.027275912948578774
"291_9",0.9760707220153019
"383_9",0.9777799820520519
"11908_9",0.9457720041338387
"7898_10",0.05548708828323826
"4043_2",0.003032490582010491
"3376_8",0.06606876993847151
"3067_7",0.6962254775567577
"11496_8",0.7177005292568825
"9885_2",0.5317963380839664
"3554_10",0.9579528350822369
"2986_3",0.6053143839880988
"1332_7",0.42248333318801706
"5585_8",0.9776687485582194
"5981_3",0.01024044172513832
"1556_1",0.004085412053960601
"8523_10",0.9720130567022326
"11792_1",0.0006770995220262002
"7610_10",0.9728232740185568
"12114_9",0.23787905582557123
"8589_1",0.005812274091872552
"3898_8",0.9996896338205948
"5101_10",0.9989207613541704
"9607_1",0.5159354459413829
"6673_8",0.9931195029347175
"7662_1",0.05416870908769112
"2241_1",0.12685760768006613
"6674_2",0.01178743543080841
"7797_1",0.3254752760805475
"6400_2",0.01651817136009902
"628_8",0.313503335348486
"4898_4",0.9684555744870563
"11592_2",0.1664850625422647
"1311_2",0.005575280588150936
"5494_3",0.07632163191257808
"7067_10",0.8958723959570315
"11267_10",0.9945170309220097
"6797_10",0.9195110600058504
"9987_1",0.0038423720088254297
"9740_3",0.06350130031853969
"6743_1",0.0006970617180421017
"5302_1",0.00928192833277078
"8464_8",0.8931727369367082
"7846_4",0.7840090442314759
"5990_1",0.000549588064145327
"10889_2",0.004815292211746759
"11406_8",0.4901175938426654
"9093_4",0.07788822449352834
"8501_1",0.06738160032966702
"8431_4",0.1320174056108835
"8076_1",0.00020955907401544482
"6831_8",0.7935019720904238
"984_8",0.949234084103768
"369_1",0.08113481319600893
"9668_10",0.9912128398415961
"2972_10",0.9890036233441364
"5611_1",0.0091365631834317
"659_1",0.0024640960697132784
"6360_7",0.9213464540422815
"7628_7",0.2908428824395799
"5311_9",0.204519564423931
"2005_10",0.6577569320714645
"5396_1",0.11999302986067262
"1308_3",0.00021124079344221757
"4737_3",0.03889370105806376
"8042_1",0.011112574535395691
"11585_3",0.08177925755014671
"1182_2",0.006711605494766803
"2581_9",0.999122491329444
"10496_1",0.004033910033015093
"3561_7",0.9739101707489416
"8272_1",0.00595918488365479
"6571_4",0.10777783115126678
"3125_7",0.9703302874162196
"9120_3",0.004057885332335246
"12220_1",0.003888227736379237
"5783_3",0.10677832935369033
"105_8",0.9094796059235454
"11885_9",0.9243070957633686
"11317_1",0.039425169315258884
"7999_7",0.7913488014730164
"5800_7",0.8349723727754831
"2811_8",0.9223666020779206
"7381_9",0.39833709389726357
"9828_7",0.5050168085929515
"7849_4",0.47641535157805287
"8174_4",0.11559954331976766
"9320_1",0.004748267259228817
"5747_7",0.9668064641749032
"11097_3",0.0001337506789710808
"6472_2",0.003219687028055103
"1200_10",0.9211078804362954
"10125_4",0.5073676977851654
"5422_10",0.9860259421260251
"9889_9",0.9962326083497023
"7370_2",0.03178587789299489
"696_4",0.37011499521720226
"8609_4",0.033309975077683296
"11850_7",0.6059538429080883
"889_7",0.6046182654717367
"8695_2",0.008899571073185139
"4944_1",0.005498465454287992
"6899_8",0.9708117324128852
"3388_10",0.9847778941365029
"1051_1",0.05732759838596981
"431_2",0.026023644493564875
"2353_1",0.11089053106332057
"5131_3",0.00046997222366028726
"482_9",0.9248879857210213
"1283_10",0.980327754615963
"10884_1",0.004190618136648945
"221_9",0.6153633246630764
"8688_3",0.04840721906336082
"9891_10",0.9933730094304919
"705_10",0.9968407753127521
"5604_1",0.005530121901206576
"4960_3",0.001866431060473108
"12439_1",0.0065673603294526565
"8897_1",0.0004908028438255095
"3549_8",0.9638423910517505
"7301_7",0.2655541525193981
"8183_3",0.3657271638500777
"7751_10",0.96458468282553
"9084_9",0.8338376880609343
"3048_1",0.007556097137814164
"8443_1",0.00019205033546406574
"3373_3",0.3671271912452643
"3867_4",0.5245535851282664
"604_3",0.00012533370940947709
"2162_1",0.07249707792956094
"4367_9",0.9788810029030738
"10255_10",0.9955437507820571
"1909_9",0.18926957954730542
"1446_3",0.000845783018097222
"1247_1",0.012957209801955761
"2703_1",0.014208902362280148
"921_1",0.006556274195757205
"156_9",0.9588995171448177
"7516_4",0.31885249622799117
"6155_4",0.060665141322878285
"8991_3",0.49203257969118375
"3813_3",0.02522503652067949
"551_4",0.04973308687822121
"12326_1",0.02337833071656934
"5102_3",0.992957712910069
"10901_3",0.0014165015835494652
"1517_1",0.002749330294009517
"8762_10",0.6070240859270194
"1282_10",0.9242662598562444
"2531_9",0.4770798862071975
"7764_8",0.9877742225214243
"2906_8",0.9984916555411398
"6730_7",0.23351219392594805
"7749_9",0.9891517051121582
"7765_3",0.17284350201966572
"12412_7",0.8425877724147129
"582_4",0.031506032871172235
"5792_1",0.596443199384121
"2174_7",0.8251777797972231
"7605_10",0.9979032136939537
"2721_1",0.2181933841452745
"2151_10",0.9790953109874134
"8152_1",0.005430029314479901
"6488_7",0.9742740932054886
"9446_8",0.9974695356413849
"10617_8",0.9905359136679134
"12455_2",0.48015467835287295
"7377_10",0.9672968070532924
"11891_2",0.07228427463786989
"4319_4",0.04472714552047056
"1050_9",0.16135838920809303
"9109_2",0.0035096823368993674
"10500_1",0.0012256262815476932
"11749_7",0.8999157122277216
"12250_2",0.01116645276515244
"1193_2",0.3559673521830174
"8313_8",0.8823367799104566
"8918_4",0.002523472581154757
"7122_10",0.880172369525445
"6210_8",0.8424448310932695
"10050_8",0.9878798252065756
"4921_10",0.999634470656778
"1857_7",0.963433047369489
"9718_10",0.9953115880646949
"2482_1",0.0029918874340214958
"2624_1",0.0062794626910636095
"3284_2",0.04646090556475884
"11435_3",0.49877288282734944
"10971_7",0.9858226874132245
"2606_4",0.13826143232040508
"7540_9",0.9000115048428416
"10929_4",0.8741187122012375
"8566_8",0.07753228490301937
"4693_1",0.04935706186182181
"1281_2",0.6872171302668678
"267_1",0.0002854112925486738
"2133_10",0.9328677376398008
"6762_8",0.6996671758744742
"1043_9",0.9951236821714239
"2812_4",0.00013316275601912774
"6981_4",0.015546837865256085
"4038_9",0.9931320596670009
"4256_10",0.9849273196084881
"8206_1",0.07034623792578101
"2060_2",0.024073864766628504
"7372_1",0.02170812299551324
"732_3",0.006938380269000886
"5367_7",0.979269585021466
"9765_10",0.990390191919788
"8843_4",0.07912990792062162
"9723_10",0.9926469747907546
"11966_8",0.8938566383756833
"5087_8",0.9879955412152465
"9379_9",0.37710253828563756
"9615_2",0.001575547227186521
"991_7",0.5509706783224465
"4461_4",0.12338105243699238
"5857_1",0.07628833326441087
"2358_3",0.32800392375645154
"5247_10",0.09156670127073271
"12430_8",0.7280318999055367
"5943_4",0.06418829437488881
"11917_10",0.9545316487881405
"4144_4",0.17882826626218917
"3128_7",0.9286865792103517
"5152_10",0.2191433879274982
"8028_1",0.03892538680972592
"788_1",0.0006631387966815571
"9552_2",0.31755790532558686
"12051_4",0.06841445399608581
"701_4",0.45916784365351215
"5738_7",0.5060350823951353
"5953_1",0.005315903685684634
"3694_10",0.9838089182570179
"12371_10",0.9909739842916014
"650_10",0.9848527417069214
"3772_8",0.7889220343586881
"3919_9",0.978430766546792
"12420_10",0.6871461565406741
"6164_1",0.0009075606110241456
"12202_10",0.8954167500657383
"4142_3",0.051998792346984714
"285_4",0.2859449206786467
"9190_4",0.033651275639981305
"9297_10",0.9956605427195405
"2857_1",0.04248735498441049
"5576_10",0.9754111920608672
"7603_1",3.918525557376216e-05
"1987_10",0.5168574149037829
"6978_1",0.0010313602423896982
"2390_3",0.0722645896867482
"662_4",0.0011615631223537827
"7957_1",0.4125153258472559
"3009_2",0.2400066765837451
"9574_1",0.00021959510623712183
"703_2",0.014670050355502028
"11871_4",0.005140395244755911
"8056_2",0.006064619905785314
"11468_2",0.014423565649701325
"7549_10",0.8972793384561337
"4506_1",0.05293372542791788
"160_1",0.0405248118645156
"2400_1",0.45451059729255006
"146_8",0.7177065243719029
"1174_7",0.9812393968901907
"1623_2",0.011198490391087914
"2909_1",0.0028365677521415716
"9284_3",0.04332285262833761
"753_7",0.4823007982530612
"456_1",0.1129921482064391
"329_1",0.012769751056432117
"1996_10",0.705350170397221
"7468_10",0.9869962481015025
"11219_3",0.7687949496068124
"5749_8",0.6273360061472327
"1563_2",0.005073695938112313
"9713_8",0.6979971830013223
"12467_2",0.026186357673240176
"5686_2",0.01828504068575353
"6424_2",0.03479459182967098
"11137_10",0.9987126168769331
"5613_7",0.9923854408325895
"2113_2",0.18432161084626367
"8623_8",0.9901888546781077
"2086_10",0.9590536101786279
"6846_8",0.975388595595615
"3230_2",0.0020330957138162626
"4973_4",0.2966735990405549
"2935_2",0.002290121032789392
"12176_1",0.00019574214575609808
"6272_9",0.05820590229643281
"728_10",0.9529161120655578
"9843_2",0.020834784671556736
"4897_2",0.2672228558305274
"12121_3",0.03346283707722146
"11934_4",0.10349608044582516
"1453_2",0.007669292732414045
"9676_9",0.9982800105546997
"3072_10",0.984438300791094
"6667_2",0.3528575433215407
"8932_9",0.9860765904064209
"9452_10",0.3691872491853426
"953_2",0.05013351870931226
"3268_3",0.09229796046806585
"6276_1",0.003968899258542437
"2522_3",0.137325032007237
"2630_10",0.9981125150805403
"2031_10",0.9467687067287595
"3754_10",0.7643721965727853
"10791_1",0.03192999753555078
"7755_3",0.008154028790384757
"11180_10",0.9099384712504754
"8020_9",0.5798323492068711
"3767_4",0.8853848644564599
"3519_10",0.9914053789644037
"8180_9",0.984740033720003
"11639_4",0.2226075287131224
"7540_2",0.08748876961524477
"4746_1",0.0017492195717586844
"4027_1",9.357191575044724e-05
"952_1",0.23441476402474706
"4070_1",0.8880453880422355
"8346_1",0.7965884818760535
"1499_9",0.9129820302554206
"1601_4",0.002464272221940018
"1698_1",0.09246626115783248
"3055_3",0.14923066246152547
"7744_1",0.004891961957118217
"3183_8",0.9877022314574353
"9482_1",0.08468688351224404
"3712_4",0.028063112020015824
"9260_4",0.8462963179315949
"10042_1",0.04635626730707711
"3873_3",0.017450202172777915
"11273_10",0.6772214463904425
"2918_1",0.9736893373133432
"1292_3",0.01370793260837603
"1837_2",0.017988507722459995
"4650_4",0.008816735207201885
"8686_4",0.025777639584156763
"11307_8",0.8466709224375017
"10044_2",0.023235172798556955
"12035_1",0.03215293821878475
"2259_9",0.9715640541032667
"6582_1",0.7836554368053388
"10194_1",0.009403858195534284
"7932_10",0.8485484818446437
"8064_8",0.9696105713557593
"5017_4",0.7184618790443801
"6456_9",0.9974038735702061
"10768_8",0.9699888691633873
"9479_10",0.9908699574069638
"9734_4",0.18350560508159236
"2245_1",0.06127588306281157
"7275_3",0.1275839308522553
"1193_10",0.9448942482776009
"3883_4",0.022218012954180275
"5456_3",0.3340726414841669
"10014_2",0.9150435566872789
"8045_9",0.9983899574134675
"9093_7",0.9805405275736115
"9971_1",0.1543523521884432
"1052_3",0.31048143192168925
"10952_1",0.004110385068478033
"3449_7",0.4700764944210423
"2488_1",0.9334074809336546
"8422_3",0.5129375756226038
"1541_10",0.9587511618435272
"11863_1",0.025005774469415196
"10102_2",0.762597373621003
"3838_9",0.8094535661216388
"8538_3",0.028734204753837422
"12432_1",0.0002873090119275819
"6339_10",0.8795151015542415
"1860_10",0.9847385672171232
"11402_1",0.09325123142226897
"10770_2",0.019595454823497626
"8046_8",0.941085038757312
"2748_3",0.2178540502578354
"361_9",0.943418734854052
"8427_10",0.7127160201108501
"11792_10",0.7346764893084129
"10331_9",0.9410906111930641
"3506_1",0.00028340153007520776
"7374_7",0.9996577116351829
"5658_9",0.07653604804269176
"7170_2",0.003701093670929503
"6144_1",0.0465526121469114
"5035_7",0.9977316372560637
"4566_3",0.05449227815728311
"9544_1",0.010725449063189665
"1959_9",0.6824709005416274
"2390_9",0.9442451036282248
"4960_9",0.9990492684520087
"3425_2",0.005021482579481272
"4000_10",0.9955604248225225
"12418_3",0.024110642569621327
"9771_10",0.9912440089328535
"621_7",0.7770102834856536
"3510_1",0.04108880234813636
"6893_7",0.017188623445974497
"3680_9",0.982882785449974
"3118_9",0.9247199409326998
"5433_7",0.5787969144771304
"8381_9",0.8946192521207389
"10205_10",0.9581330700463568
"1437_1",0.010666736313483497
"5675_2",0.5722806350528445
"1597_7",0.7677063305404346
"1549_1",0.4697614020498716
"11391_10",0.9273260770647573
"12101_8",0.9042079536489616
"9356_8",0.9829964646167534
"10128_1",0.034902113993198654
"11249_4",0.019133841533514474
"12441_2",0.004404867967704582
"7486_2",0.14804643394813924
"4905_9",0.9652504888779682
"5441_1",0.04664164175262222
"2613_10",0.8635931676128233
"10351_3",0.0002534478255115755
"10459_10",0.9818962398541864
"2565_8",0.9966672277172131
"1338_1",0.0013205229716220191
"823_7",0.766533398940833
"8924_7",0.955745323594079
"1382_10",0.5331617238618268
"4150_7",0.6401858364233702
"6004_8",0.7021504592652775
"2508_10",0.988552632743345
"10935_8",0.9857944195570724
"692_7",0.8716794032689028
"7778_10",0.9866535364927554
"2016_10",0.994576619501027
"1042_3",0.04126913066707907
"7823_1",0.0030036497196050892
"149_1",0.08640915365665723
"5551_3",0.22579370368116597
"366_8",0.9922634217244428
"3483_10",0.9926361158829875
"278_1",0.0026710503734262364
"9951_4",0.005176753451817999
"2731_10",0.9980708482726125
"4403_10",0.9830205217428626
"5307_1",0.0017526592007940686
"8185_9",0.9761619972742034
"11059_8",0.941402979856614
"10273_10",0.9866412309090675
"5336_4",0.051236157165724626
"5147_7",0.5658213939931832
"1525_1",0.001572930904969315
"8507_7",0.639453374337973
"8501_10",0.9804249458370098
"2424_2",0.47561443693991295
"8959_9",0.9856521775543589
"11318_8",0.8857631914906438
"1270_8",0.9502251635939429
"1655_1",0.026245097821279408
"10161_1",0.004396981217737941
"8531_10",0.3614856273069167
"9144_4",0.3193962264013998
"1201_2",0.19804105255785265
"11822_10",0.9985782930142307
"11486_3",0.016915806654823038
"8038_10",0.9945717125726377
"1981_2",0.034770129395358174
"11901_10",0.9963128778496038
"5441_9",0.992365389179969
"11709_9",0.9813924039593018
"9333_8",0.9980532948935125
"7881_3",0.37229544239544576
"2815_9",0.7182483870644735
"3251_3",0.021437198993522765
"1792_3",8.840268233105508e-06
"8625_2",0.644579403735845
"4221_3",0.5502489725374416
"2742_10",0.9299486611629907
"11118_4",0.06650912398825862
"11613_3",0.0733840187514284
"6104_1",0.19731195733829582
"3046_1",0.0005783370231938067
"8729_4",0.3686230134589803
"1827_10",0.966936860342609
"762_7",0.33607864596774056
"8855_2",0.012943605268178808
"7573_3",0.12617284844738305
"8616_4",0.00679469061628154
"4830_7",0.9634283946025359
"6646_1",0.12728160446193484
"8746_4",0.4222141135151419
"1875_7",0.8112599623359644
"1221_10",0.999719986870822
"11842_2",0.0008321755002201292
"3002_1",0.13196267289093555
"5776_1",0.010986879091572267
"5479_10",0.9919765462296226
"6034_4",0.01235631056109647
"10984_1",0.09744813471466222
"12043_2",0.008812257610705462
"4961_8",0.9446987927273248
"9601_10",0.260713092889102
"2216_4",0.12368851259954486
"1189_10",0.9977382389929924
"8461_4",0.024445144724108758
"2575_10",0.9976547145945907
"3782_1",0.003824745629765641
"8927_8",0.9679643594789358
"7006_4",0.0025179682517732496
"6103_7",0.9483954260675664
"3218_10",0.9989430510643474
"797_10",0.5787306908810882
"76_4",0.3727253498478206
"9497_7",0.6429728926921667
"9637_1",0.044552224043218194
"1070_10",0.989370920774657
"9732_10",0.07026771985896846
"8144_3",0.029523186196719554
"6247_10",0.24823163878738308
"10230_7",0.886541112294528
"10731_3",0.06737688599539128
"740_8",0.7253549529729443
"2145_8",0.8033060356380227
"834_8",0.9856406145146472
"6621_10",0.9573441657341374
"1749_4",0.4440658383606757
"5730_10",0.9180924582177835
"11167_4",0.014088907799020476
"1106_9",0.937932797889044
"8152_10",0.9583061337250423
"11968_8",0.5586757620377085
"7728_9",0.9019428764897085
"237_1",0.0043155492098084
"10754_1",0.012882487577208179
"1055_10",0.9919182971062307
"65_7",0.9193829793488228
"4092_3",0.08062284289021142
"3337_7",0.9762037857194075
"3163_8",0.49095742954152494
"7645_1",0.00013677107335809547
"10883_1",0.0020461902828880045
"4597_7",0.8152749155818119
"11850_1",0.1541425826805179
"1025_10",0.9950903612308463
"11908_2",0.03701203243257251
"7838_4",0.06913294643804187
"7725_7",0.6821076972525156
"8146_9",0.9780216068286968
"3741_8",0.8661283788269948
"323_2",0.05602273675040216
"8244_3",0.0029955050590108477
"4593_1",0.008069195597521435
"6902_1",0.023380596022582103
"1791_1",0.037591123119970773
"11490_10",0.9472681634293886
"4200_1",0.11510325179304585
"1611_2",0.5212974611515144
"3215_10",0.9904993803050942
"5864_10",0.011069105289755053
"3776_1",0.4255941798470444
"6356_9",0.9836110900389725
"9139_10",0.9997490426208708
"5115_10",0.9967742166971796
"3064_10",0.9988138486965104
"149_9",0.992431267529
"2873_3",0.211825473514511
"3790_1",0.0012929550121137583
"3136_9",0.8265106065849521
"1696_3",0.3044458661057235
"4961_2",0.7060095553199714
"11918_10",0.9751585818479765
"3663_10",0.9995150181126876
"8115_3",0.4433398989529374
"3690_8",0.15114104152752966
"11431_1",0.049690940542346046
"3830_10",0.976891869911716
"11896_10",0.8710855580189651
"8753_10",0.919546972245361
"10121_1",0.07232248868360384
"1142_7",0.8662161285656235
"7188_7",0.9009874948512072
"7044_1",0.01288967484187402
"11750_4",0.010464975220670346
"7688_10",0.9847283107095754
"12292_10",0.9385050197956083
"5533_1",0.5998549161919281
"4147_4",0.04643356996428445
"8515_2",0.002611882645357593
"10756_3",0.04014054835967696
"11899_10",0.9855009926917141
"11867_2",0.041061521484553
"7814_8",0.9423924255086102
"1855_10",0.9953202529142396
"10357_2",0.1260039788366923
"5218_1",0.4442407710789537
"6641_9",0.8935887014787054
"5777_10",0.9718039654136831
"11982_1",0.028380202631949698
"10980_10",0.9596856449990713
"8585_8",0.9096916394905651
"941_2",0.00983378754602789
"1697_7",0.9201646636745942
"9872_8",0.798378469810609
"2377_4",0.0034592607393770557
"2033_8",0.9401942729080502
"5864_1",0.6084225943205338
"4295_7",0.996035875685524
"2610_1",0.006126693555434609
"1730_10",0.9010857377964426
"11095_8",0.9256818465065089
"1699_8",0.10928714271386575
"344_9",0.9905900675070858
"7136_3",0.00014676148729143875
"2402_10",0.8110965291019443
"472_10",0.7903110867118971
"170_7",0.30804517290672767
"7019_1",0.07828213800822671
"11798_10",0.998604126213647
"7549_2",0.1908167414652648
"8414_10",0.8590756175193913
"573_3",0.32658719839894
"6678_1",0.007332024371960373
"10002_3",0.29670326609211667
"3905_3",0.3391025247143343
"1849_4",0.028471602194714604
"7959_2",0.023914162807007967
"597_4",0.09084201889498059
"2719_8",0.6652195859027126
"10519_1",0.016492804007366222
"6112_1",0.0008475417741573606
"1322_9",0.9468084833074087
"12415_8",0.8682217755563442
"6727_1",0.03149645706678732
"12393_1",0.021153088452768785
"8545_9",0.617505420520555
"528_7",0.9924475068200689
"12267_8",0.995268305804255
"5842_10",0.9454789872629191
"8471_2",0.004466429456021658
"3912_9",0.5093363240834694
"4831_8",0.9964424264203745
"5767_3",0.021851723475237922
"10631_9",0.9459538883197204
"8069_8",0.9958720105254497
"190_9",0.7693608039846153
"12343_7",0.4229030341947205
"645_1",0.016520422836960057
"10326_1",0.07102318115588906
"11271_9",0.7082690025997948
"11808_8",0.9863815007112506
"3200_2",0.0004598264202245126
"4518_2",0.005444259553431008
"8307_2",0.315175798409419
"2057_10",0.9230141244461216
"3705_1",0.006436124299569187
"11581_7",0.9882674346848932
"11777_9",0.6842059815702044
"1367_3",0.15151763777716204
"12248_9",0.998815890797155
"2994_8",0.9890017444026924
"5170_1",0.046382793919524656
"8781_7",0.5985495130683931
"9137_1",0.0559144750305911
"9970_4",0.04824201606434472
"3412_7",0.3593438502231122
"9399_1",0.0013955137038348
"7917_8",0.07753742060881337
"1157_1",0.021337029504504335
"12489_10",0.9531542087448618
"5365_8",0.31401974122937537
"9295_10",0.06955034730705578
"11505_1",0.00030607728515097247
"8647_4",0.06996168686988849
"6609_2",0.023299189466358842
"6859_1",0.19222150961171405
"2436_10",0.7101962157414288
"4255_4",0.5780002062314792
"12347_1",0.06838699864332493
"4237_4",0.0014476688185267536
"11687_10",0.859377968579413
"2964_7",0.4654563628589778
"2836_4",0.011227931583363047
"1944_4",0.14877477322471958
"3218_1",0.03402314521700002
"2752_10",0.9614206320137371
"9994_3",0.0025218729870751487
"11566_8",0.9783629634394928
"5741_10",0.971605350474705
"7127_10",0.9540800627106387
"11864_2",0.00017662626433368454
"5159_9",0.9421480221837998
"658_3",0.7730867325827152
"10177_3",0.004593731342004925
"4843_1",0.007088615953155191
"1441_1",0.4885517987251901
"2741_2",0.0002281489955680121
"6045_3",0.09313125052627508
"7020_8",0.9996609671344713
"2120_1",0.0006180411970035304
"2336_1",0.024389283683483216
"10167_9",0.9840859580344778
"10251_3",0.08266472498129024
"9335_4",0.22141703942899665
"6670_3",0.3692519015998699
"9937_7",0.29223954056210627
"3258_7",0.6603690167266237
"3234_7",0.9833116519935178
"3601_1",0.0005103295478477288
"5635_9",0.08576239597691765
"11427_7",0.9453459422225875
"3349_4",0.49929814419422824
"1334_10",0.6576354125502011
"10474_10",0.9573504702973119
"2361_10",0.9863816145933437
"1471_2",0.005441431879553362
"10705_10",0.9746551391179054
"10559_7",0.8986665955035806
"3070_10",0.7354809574571394
"10087_1",0.03182504255767429
"1952_7",0.09636608093343074
"682_9",0.7190040252967288
"6576_10",0.9921615288318982
"956_3",0.00644991848471486
"3960_1",0.017982005453405683
"62_2",0.0018601456820524032
"3200_8",0.9853809761047524
"2127_1",0.007365404701841997
"6878_9",0.9983207325154327
"1600_10",0.9706335809338669
"11995_7",0.6284020931620306
"5239_2",0.18266670818125344
"6018_7",0.3157687417136345
"9185_1",0.010486305569935702
"4707_7",0.9046265599931177
"12407_10",0.997821255031444
"5831_10",0.7577201082699672
"2264_7",0.8974891402394376
"7226_8",0.9678957924015559
"6337_7",0.5150474153174217
"5047_3",0.42659786017933926
"228_10",0.9125483022648057
"4230_1",0.009873640228274779
"4058_8",0.9998561581544992
"5634_4",0.0023782122775602866
"11680_1",0.023161338094676943
"1320_9",0.9760945613381786
"12461_8",0.7811020468397459
"10076_10",0.9986941230127494
"9170_8",0.9970161704282433
"4519_10",0.971138343850725
"5906_2",0.10240259544372908
"2065_8",0.5917156546500304
"8453_10",0.996807406570281
"262_1",0.003258938957731879
"454_10",0.972999982746892
"11532_8",0.9835262672104761
"8169_2",0.18665348163621398
"6873_8",0.9597410622213466
"10061_4",0.0648882471136966
"11565_4",0.021561617658077736
"258_1",0.37888437697029975
"5896_1",0.00018095653496586015
"4395_1",0.003905920569508404
"3774_1",0.017145662228759313
"12340_8",0.8348936798607616
"7497_8",0.977289449137359
"4321_2",0.07230959551712787
"6258_2",0.001115472827055452
"3950_1",0.0002512704076412225
"9998_8",0.9987228984427914
"3524_8",0.6874233107936271
"2003_10",0.9583330288107439
"10366_3",0.03194449131239253
"2602_10",0.7565267993820198
"8684_8",0.9832380789842087
"12268_9",0.9659109867144455
"4846_8",0.7400829269434518
"5969_1",0.09117039023219468
"173_4",0.06505229227222759
"2790_10",0.9940580913782069
"2637_1",0.014081649985406211
"10239_1",0.0022952400997970357
"5120_9",0.9086055427961468
"3802_10",0.8303729299001664
"6897_7",0.18479704876039954
"8478_9",0.9991209900238536
"2441_4",0.13761666107956236
"4827_1",0.029155154700869514
"4326_1",0.005474625252533642
"252_3",0.00025691226899933576
"7201_8",0.5455313023932461
"801_2",0.017591131584880012
"10008_4",0.306202905724481
"6740_10",0.8440191434814709
"674_3",0.13777573294098383
"6341_9",0.9893625851801651
"1882_7",0.9957742497775931
"10843_10",0.994682914007728
"1593_4",0.9317363954357354
"3592_1",0.19678642151244133
"4658_4",0.1431113999268932
"2564_2",0.01239353554502545
"7229_9",0.9630032675239312
"4186_1",0.04903954854411021
"10227_3",0.13707049688701575
"4580_3",0.04960716400977292
"10367_3",0.3159870217403366
"10034_9",0.6803530698324137
"6834_10",0.9996678834550187
"11326_9",0.9873613085034473
"4683_1",0.23950870531922938
"5596_1",0.012114043865881266
"4238_3",0.0010461281826833553
"11881_10",0.5363774423745477
"11910_2",0.4702565535693992
"934_1",0.0003465286267606101
"3660_8",0.9913062854397072
"365_1",0.022316502072970784
"3677_9",0.9708660737415183
"6522_10",0.5507708333421925
"3167_10",0.9570535940219753
"6104_10",0.890331652093661
"2584_2",0.12160146491584442
"4264_8",0.7576653099543099
"5648_9",0.7562196400157318
"1863_9",0.9914066898327828
"7464_10",0.8915228898856734
"7643_8",0.9974211190174712
"7030_10",0.9956896030239901
"2768_2",8.73125913903934e-05
"3845_1",0.0006286202860179472
"11590_10",0.9975260099581265
"8578_3",0.017103553019260195
"8733_9",0.41471692642993285
"4099_1",0.42796516358703746
"5810_1",0.04634891881791165
"442_3",0.06139586473180325
"1374_9",0.964100478888253
"7704_10",0.0988651489319824
"4526_1",0.001312432539594549
"2978_8",0.8992489171442325
"3096_1",0.0033411563541817985
"1589_9",0.9512227795238385
"11197_7",0.9716214888539731
"6751_8",0.9971780780810944
"10043_10",0.9982517749522013
"4045_2",4.33787161975181e-05
"7706_8",0.9207229172554772
"1876_10",0.4210107941264868
"4224_9",0.9965585297605337
"10833_1",0.026556184593920173
"11549_10",0.8212132393033689
"7081_8",0.9717719281269255
"6410_8",0.9966781265090924
"10609_9",0.9382294356467471
"9910_1",0.11814251430470017
"4474_7",0.8901716351493898
"9775_9",0.7149860448329894
"9245_10",0.9928929866923857
"11514_8",0.9005444235490827
"3182_4",0.18535369952540282
"3127_3",0.08303430960558313
"7311_1",0.09778728657253455
"4266_10",0.9857520642305619
"12410_10",0.9338572514761891
"7548_1",0.056637507838251624
"10446_2",0.09940640690895675
"4854_2",0.025481923474624583
"1152_8",0.9772309347515279
"11660_4",0.08338405304725413
"3452_2",0.0027882364629214403
"2401_7",0.837522738993604
"11703_7",0.9953572206497042
"4053_2",0.01631264320861145
"4882_9",0.6205818928702482
"8050_7",0.21656335831858328
"9053_4",0.3288135745129244
"12313_10",0.9863593452756474
"12085_1",0.07836405908392724
"2130_2",0.0043630167326180035
"8499_10",0.8956799799373291
"9230_3",0.4683613314414915
"2697_10",0.9998342518694748
"7682_3",0.12131048957323937
"1473_7",0.9695794373304889
"3124_4",0.019683640514435233
"10694_10",0.9986812635797085
"11541_9",0.9965244247701704
"7033_10",0.9673615810873694
"305_10",0.9653174916099803
"12164_8",0.9838061405688789
"7594_2",0.2002081911584324
"2101_3",0.0040072754193522225
"9579_2",0.0016723261982577045
"1482_4",0.6162810159156908
"4362_1",0.011003095800285112
"1263_9",0.5933157995213811
"2543_9",0.980362999595212
"8642_1",0.02977873472203301
"229_1",0.015330017188642088
"12045_10",0.9910872979468542
"810_9",0.9985527059696611
"5188_7",0.6506502708170684
"2690_1",0.028028859691428414
"922_3",0.05012315403798359
"10957_10",0.8355763891307507
"9275_3",0.0022078217553290085
"7289_10",0.9968070614411364
"1809_2",0.006327432856816819
"11846_1",0.36500292844837545
"5888_10",0.9993571614403316
"1506_7",0.33893879324769965
"6255_1",0.001421053899132123
"4995_7",0.9820567870026707
"2423_1",0.004747367962663166
"4030_8",0.7817124943893365
"4839_7",0.9886139414660391
"364_1",0.0012524697126802063
"3510_9",0.7792022133426544
"2092_10",0.8545774058313412
"600_1",0.003317386032401425
"5490_9",0.9984875769306034
"9442_8",0.9011923406062451
"5330_8",0.9689790945571571
"10858_10",0.9873951443233034
"2746_8",0.9348947151999598
"848_9",0.9733503338985396
"6713_1",0.47520296282832764
"8274_10",0.9921091304025923
"2507_1",0.32385200498588107
"4558_1",0.001593892920239333
"957_2",0.00030743753823832384
"11667_8",0.7787788236540094
"2374_2",0.0076623502881292055
"8156_1",0.12295780347727732
"1080_8",0.8358452698541666
"11274_8",0.7709122096524286
"12467_10",0.9711960128176365
"5941_1",0.29669167816672076
"6205_1",0.030366692057576902
"4517_9",0.9974166868826367
"102_4",0.1670090101234611
"6022_8",0.9447196303159705
"10054_3",0.0923191531954563
"3907_3",0.0008349445080510519
"5232_8",0.7350286413049347
"10064_2",0.17260144552492335
"6529_1",0.012055369871227196
"11003_1",8.934141341135128e-05
"9151_7",0.8701852227105089
"6612_8",0.9497749571861775
"12189_10",0.38378714384900137
"6510_2",0.03311753932184476
"3129_7",0.5987452021461189
"7864_2",0.0033462638486504545
"11603_3",0.1956568633071669
"10741_9",0.9994415088725174
"2235_7",0.1649983832371893
"2125_2",0.3067218601453516
"2050_10",0.99315841325273
"8397_1",0.06983259491083775
"5275_1",0.23481106573206117
"7755_10",0.9677127403478661
"12065_4",0.034868447260585855
"269_8",0.9849563932270061
"1933_2",0.1906532221006242
"9182_3",0.7979660945343309
"3153_10",0.9975083618408842
"3922_7",0.9500612559647785
"2674_3",0.08548735181164399
"7407_4",0.001244789966525936
"737_7",0.7813427114468547
"5223_1",0.025208655947708408
"10937_1",0.007099080062475236
"9026_4",0.2145311643737558
"1564_8",0.9457399707584336
"1724_10",0.9942508074918924
"1224_3",0.5551147016437292
"8536_4",0.0008679272709116863
"11215_8",0.5599568979836895
"3063_10",0.9897289249643227
"9559_9",0.8560255604627315
"5165_2",0.16524592940237953
"9396_1",0.021385232274905287
"6404_1",0.0006725472698492297
"6019_1",0.9923055041061138
"7249_8",0.7457912191532833
"1765_1",0.0054976225868557825
"7685_4",0.6158648978178803
"8196_10",0.9984468874380763
"11749_1",0.0489879571963657
"1257_10",0.3986440219939094
"3488_8",0.9702421734853536
"8605_8",0.584905649935875
"6697_4",0.04111292260957592
"11540_1",3.495815666630501e-05
"6262_4",0.11167194824675966
"1998_8",0.359286383430392
"3019_1",0.08152674027293136
"1087_2",0.0315494226497927
"8356_8",0.5144427693486427
"10036_10",0.8957583276043466
"10547_10",0.9015550946119238
"2562_1",0.09508497338438233
"5096_3",0.036669695023586024
"12128_1",0.10775045452494764
"2574_10",0.9493089432759909
"10144_8",0.9965047595969101
"3678_1",0.0003416755674169247
"2579_2",0.018341171230182446
"6695_7",0.7956974409933087
"1465_7",0.9337798459558586
"11846_9",0.5994596902347474
"1219_9",0.9996574965911372
"4936_9",0.9997248284796072
"12382_4",0.15150632355075638
"8807_1",0.20318930268653326
"7700_1",0.8108043756633735
"4209_8",0.9944621446536192
"10178_10",0.800131566744737
"9835_8",0.8197458160223119
"161_3",0.06164579205261602
"670_3",0.306896210909164
"7158_10",0.9868643527772536
"9502_4",0.04817077813370064
"9880_1",0.216854952624424
"39_3",0.01471425363469432
"11161_9",0.7443846320226984
"12026_9",0.9929101652122171
"4439_3",0.00571000959500215
"8303_10",0.5966191966988887
"408_7",0.9474241814434107
"1065_9",0.9618730138430256
"5188_2",0.03457597001882674
"929_10",0.9592895774547968
"4765_7",0.8083155091558324
"2117_4",0.24737651723561563
"6653_4",0.007370388990799926
"2342_1",0.008529628705962152
"8445_1",0.0011111804839930117
"1708_1",0.012341623293084926
"7995_10",0.9488929807927589
"1104_4",0.006520590027024742
"3847_1",0.03795507714723655
"7276_10",0.999559175798073
"11269_7",0.301982396960136
"3158_1",0.3153102769671342
"11061_1",4.727607874046838e-05
"851_7",0.6301020238798922
"8214_2",0.3296502958692434
"9174_1",0.06504878264521742
"7040_3",0.21781130771705115
"4082_4",0.39164131369635624
"3553_8",0.9208265424138518
"6733_10",0.9607126113440877
"4910_3",0.48642617214197703
"10149_1",0.004904712600859478
"5609_4",0.05536894768117378
"4174_3",0.009823897837266504
"9213_1",0.4631533486148906
"2881_9",0.7671024531092522
"1408_3",0.5766462024735007
"10832_1",0.0786188331416472
"7216_3",0.008677041611441682
"9905_10",0.9998476638002695
"9050_3",0.029514043286586383
"3789_4",0.13846914136667346
"6490_8",0.7508425034231672
"7649_7",0.8684883552823307
"6901_8",0.9900143912292813
"11597_9",0.9951689416412409
"3259_1",0.012918840868009126
"5936_3",0.04183404406360361
"1214_2",0.4663376272160771
"2840_1",0.03234418180790326
"1956_10",0.8249279819404273
"2392_2",0.18428785026667893
"239_9",0.9308182907025508
"6860_8",0.7631359573672876
"1716_9",0.368526192489441
"9595_10",0.40875562257451653
"1630_1",0.11545576604859313
"11293_3",0.11578669130556796
"8288_10",0.9875951799529494
"6618_7",0.9321912311965093
"12378_1",0.09949535044886533
"11560_1",0.01314070483545634
"12124_8",0.9937339834601153
"486_10",0.9221710683687325
"6654_3",0.07785649609834353
"6915_10",0.9312612728175077
"8773_1",0.24285563877750035
"10211_4",0.03489189438503922
"5769_9",0.9990956357805741
"10038_4",0.0027135036210047584
"3737_9",0.9498461507551306
"11512_1",0.5291983648791786
"8025_7",0.23813348685047572
"397_7",0.2584625882881922
"10670_9",0.3731217081749209
"11648_4",0.07359240368057969
"10361_1",0.004125290492153512
"12439_8",0.9778647827877354
"9958_8",0.7343446595144371
"8659_1",0.0055924260135132246
"12400_1",0.0029523905058319137
"10680_7",0.8809219036461741
"2435_10",0.3553971768070743
"5506_4",0.05958290330865124
"9025_3",0.5699346835925627
"5749_4",0.2062068376166063
"5090_1",0.0004937865274743298
"2688_9",0.8548913482289962
"8397_10",0.9277190755139845
"8610_8",0.1898639047287905
"9398_10",0.9098741075204617
"5144_10",0.947313244928984
"10797_10",0.7814724980859877
"9623_2",0.4291748728412742
"3269_8",0.9559021510889406
"5480_7",0.16315447501795727
"43_1",0.09045734154416225
"4156_1",0.14007273350702468
"1629_1",0.010743968004198407
"6536_10",0.9748401520081956
"8384_1",0.054030442502566195
"2820_10",0.9947689619914192
"7976_3",0.3058862033289784
"3745_10",0.3286409924605318
"11258_8",0.5459346579401604
"7908_7",0.9194137556375551
"9166_7",0.9518781583626479
"8976_8",0.8446058015445058
"3692_1",0.008736107391362397
"4937_4",0.18797402671979735
"11935_9",0.9867148620996781
"7722_7",0.9893908217216051
"8757_4",0.028651980797960667
"1218_10",0.9693687590228252
"3620_8",0.2872969410066793
"9017_4",0.01922622680612404
"8300_3",0.014306965379851025
"11325_4",0.2215711601163407
"1093_8",0.993257278274643
"166_4",0.1951625448379747
"6088_10",0.7863913014711327
"2149_10",0.9970635682004511
"4884_9",0.8241596237076575
"9786_1",0.015234457188063225
"4258_3",0.023669671183846334
"9890_1",0.07846664154681506
"8911_1",0.06586424881679001
"11618_3",0.4027715733450253
"4510_1",0.009957745924897166
"3173_4",0.33998050797669493
"10418_1",0.0036136449991030764
"8954_1",0.019886808667488202
"723_2",0.0002505188560849657
"1164_1",0.0002850932135318187
"11404_4",0.03560888799873101
"5737_3",0.003044635290451647
"10073_3",0.06513723142026254
"1900_8",0.5708304959388284
"9532_10",0.9644210063853991
"839_4",0.3445038337017674
"4562_1",0.01213124210232397
"3963_3",0.04842752942723274
"5220_10",0.09464580120115137
"663_9",0.6596045547243131
"10156_8",0.886834663820057
"3759_7",0.7680089815238765
"5153_4",0.9460585027945663
"7580_3",0.15845850091209407
"12403_10",0.9972804204227035
"4893_8",0.929318030892759
"892_8",0.9673163261370319
"79_2",0.00560682055346233
"10716_8",0.9931978723487073
"11452_7",0.8493311165631559
"1214_7",0.41165445387665583
"8901_10",0.9271772554134065
"12221_10",0.7913126898249815
"2055_9",0.8722734486587197
"5911_3",0.03830887365763478
"10866_3",0.003804935497245305
"10063_1",0.0046240843231313234
"10563_9",0.40636943251366464
"11931_8",0.9994193261034732
"1180_1",0.008183190787957043
"8194_1",0.02105271390655701
"7837_4",0.928381338404216
"1876_1",0.2281833923530901
"9203_1",0.03209336870215014
"10091_1",0.011329077145752414
"2434_9",0.9669046536608414
"7908_1",0.004458169970632606
"8591_4",0.9349880160448114
"4222_7",0.19097476088014376
"11430_4",0.5720864255826082
"757_1",0.00026570064692681204
"6442_8",0.7440082469043958
"10056_8",0.9915925245395417
"3179_2",0.1915124689268786
"3130_3",0.09832839425014428
"11921_7",0.9988136753212293
"4139_9",0.9612072565329989
"195_10",0.993797756860297
"6286_1",0.4205191353185896
"5701_2",0.010511972582125037
"7470_8",0.6129301169963915
"9205_9",0.5487879453332081
"10683_8",0.6157664445977171
"672_4",0.7694797808361417
"604_10",0.9995404065184599
"7757_10",0.990887020878192
"5228_4",0.5514547672053266
"3998_10",0.5280162025898287
"7444_4",0.7986067956321578
"9684_10",0.9989486336561588
"8455_7",0.8829256608456444
"3989_8",0.989875706627333
"1115_3",0.024991527580176892
"6469_4",0.21665193335267938
"4524_8",0.11843745390874094
"3103_7",0.2278368100092013
"3108_8",0.9314267476133521
"2219_10",0.9963827327741115
"10269_8",0.9718604314847074
"838_4",0.010625861615241906
"5367_1",0.00026144788712929206
"9110_10",0.868499045262306
"5736_1",0.022013689113805655
"5100_4",0.08625309510312265
"3399_4",0.09237375693256922
"7575_9",0.9890251578038697
"7954_9",0.9535355401446234
"870_7",0.9038286705802211
"3811_9",0.8505548760621714
"8011_9",0.9518637407278586
"8172_10",0.8931376201702083
"3209_4",0.03985168620088458
"7380_10",0.6544735163819133
"10210_3",0.2335402591846504
"8162_9",0.970819448410192
"10784_9",0.9418460438469614
"482_1",0.0025369653510274475
"1452_9",0.9936447630846302
"2686_4",0.3634498427118212
"543_8",0.7986672620417614
"495_2",0.05777259163040403
"2887_9",0.6945314279113848
"11780_1",0.22253448379678042
"9742_2",0.008062167577784106
"1762_1",0.0016223240493690352
"5264_9",0.8813153313661047
"7958_4",0.27295038146792433
"6010_10",0.993199881438761
"1284_9",0.6749643431674305
"10420_3",0.01551204757414257
"7736_7",0.8744174101478549
"1178_10",0.9959661137014852
"529_10",0.9915015229889296
"4063_4",0.014153141694209117
"10480_8",0.8427175133565944
"2412_2",0.003949950755210467
"5206_3",0.1317153542477563
"11963_9",0.7769223612596861
"663_1",0.031798299726358115
"352_4",0.5363491282509537
"7504_3",0.8328812318057721
"8678_1",0.18858389444730625
"2330_2",0.6597286198615134
"12282_1",2.204715707611164e-05
"6485_10",0.3742783421085993
"9306_1",4.2000392524556395e-05
"7468_4",0.20604427722365423
"12207_1",0.1652948014221465
"6701_7",0.6618545462749689
"9861_7",0.16011108396621918
"6318_7",0.9180006286852557
"11612_1",0.010264598503180048
"4800_10",0.09978713049074721
"5360_3",0.02349743356906295
"4977_4",0.16349732428559488
"1678_9",0.9398092480294314
"5017_8",0.9898441399009168
"3087_9",0.9955678855440782
"1915_8",0.8076228951486119
"574_10",0.8831858695383002
"6062_8",0.9969508052718316
"2860_4",0.6035250975740998
"1800_4",0.1051726546911169
"1928_9",0.9305423185931958
"9890_10",0.9662760983739456
"12159_8",0.9297060988395051
"649_7",0.8483631152687712
"8708_1",0.006193107387540901
"8181_10",0.7972644052544405
"3495_1",0.007907587768439863
"11612_10",0.9924795522887946
"6919_10",0.9009315612532902
"12217_9",0.9772635736150764
"9276_4",0.25189415067659937
"3520_9",0.9943331857386221
"6492_4",0.3543441811325991
"3900_2",0.04109636024054112
"12298_9",0.9747242083229282
"12394_1",0.0018065616442452177
"4873_8",0.026813666803804873
"4797_1",0.8424919491428913
"3197_9",0.882951990974136
"2474_10",0.6997217260253019
"4042_10",0.9986088682739319
"10641_1",0.004012762167276957
"10882_2",0.012566823382907828
"4803_4",0.020572232888099506
"7459_10",0.956642383088766
"1828_1",8.425222763794784e-05
"1718_10",0.9849017069973742
"9603_1",0.30592901990919164
"940_7",0.743915953224834
"3074_4",0.0534621845616334
"8802_10",0.9996360716751503
"7180_4",0.03811598797969137
"5250_1",0.20264694731220984
"2734_7",0.9950015807003953
"2354_8",0.7944774765507198
"6805_1",0.2099749620862174
"11156_4",0.0279791247910077
"2734_3",0.013228294279241342
"12216_1",0.06308558448099179
"660_8",0.8389148833626571
"8978_10",0.905733822365263
"6272_1",0.4577498261454516
"8294_4",0.0023440346438770546
"11956_8",0.8428919782401423
"3265_1",0.0060261794353644585
"705_2",0.25252344152668127
"9058_9",0.9917922675016057
"3582_3",0.5621608437505148
"6985_1",0.013595160933376106
"5611_9",0.998941091822722
"9491_3",0.6498959930552334
"9945_3",0.0001440782201441864
"1840_10",0.9812999549383217
"12280_3",0.26440545790784714
"1932_10",0.9973954080685633
"8682_10",0.849705576691644
"5418_9",0.9601683475319905
"3354_9",0.992310461580255
"8078_3",0.02911193871080291
"7747_1",0.0019659019735622997
"2669_7",0.7995483785156391
"9180_7",0.962640770286209
"1320_1",0.0005641912297299946
"7742_8",0.9370145872549703
"6232_9",0.9474038550859951
"3459_9",0.9902196626248169
"1008_2",0.36342580693305715
"7987_8",0.8681694972069698
"5078_7",0.9748371592345316
"10660_10",0.8473076098841662
"10325_2",0.11322115305655227
"4951_3",0.04416640501818081
"10502_7",0.6343764710384615
"7548_9",0.3784052601392497
"2870_10",0.2574880329054149
"8136_4",0.5299940562531978
"9870_8",0.6844030851082485
"7588_4",0.013247056662823952
"7845_2",0.002362656270232142
"10334_7",0.9717445276752992
"4860_1",0.025614832087773876
"4855_9",0.975447745925696
"1337_10",0.972163635195837
"6403_3",0.1497340986815695
"9447_10",0.9990781385682528
"4724_3",0.005779721667446106
"10895_10",0.9962186466936485
"2171_4",0.2425720011521634
"5361_9",0.999115728856488
"11056_2",0.0006122705617762016
"9772_10",0.9259316443999895
"5719_8",0.946232384420332
"3050_7",0.3927024869257559
"4406_1",0.07180694124757592
"9833_4",0.25386210551940885
"1217_2",0.07534736673351541
"2632_1",0.01500571969803099
"3250_1",0.5584527349871452
"5130_9",0.7904408472027373
"3526_7",0.6705873216915712
"2793_3",0.20181043057575956
"10708_3",0.0021779945371531817
"6415_8",0.943116113173846
"11258_2",0.010527674775453542
"11451_1",0.3482643169364593
"7724_2",0.004409338901103985
"4276_4",0.00241704002257499
"6058_1",0.1013666286218904
"4086_1",0.4050147268953539
"3670_8",0.9666524243592384
"7125_8",0.7915067019103434
"9377_8",0.8320704354554354
"763_2",0.2858738117772357
"7882_8",0.9720531844197156
"757_9",0.6856956472062493
"389_1",0.9896560994801655
"9102_10",0.9871610319723434
"9384_7",0.4080445339258899
"5684_8",0.9117707841278672
"12090_4",0.011785555811889552
"12002_4",0.049252537203093125
"5443_7",0.8094650074241968
"8782_9",0.3458795869788025
"9878_9",0.9888031716699561
"9640_1",0.11227367270152364
"999_3",0.7873520464042574
"6249_3",0.741133110707785
"1656_7",0.7971516891779831
"6649_10",0.5259999260067388
"4630_1",0.03562155815859345
"11300_8",0.5185953678142246
"5894_10",0.8230247346565366
"3198_1",0.5363049959533106
"7924_2",0.49264921999005823
"6318_1",0.14636673336432537
"8075_2",0.4139203070942765
"10005_2",0.11358190552320004
"6431_8",0.9256868814347828
"635_2",0.03025625390156988
"1803_3",0.04296229145011117
"5721_4",0.0030326782174974385
"1116_7",0.9834173755131939
"1456_4",0.8345947629878387
"51_10",0.9969875852053193
"7155_9",0.9700175252859307
"929_2",0.006163485670620425
"12269_1",0.005623074876310239
"10597_1",0.0018781156872833735
"9005_7",0.8966368996515306
"10467_9",0.9525215538416872
"2251_9",0.963515915344296
"1977_9",0.8724517533555874
"8539_8",0.26939885088757964
"2416_1",0.0015642491011878391
"8508_9",0.9980286659651141
"10401_1",0.17883584621147505
"12217_2",0.1507035497922047
"5484_1",0.023418205330427027
"3833_10",0.9258331500670203
"465_4",0.42844799105413245
"7591_7",0.9293253686051888
"11485_9",0.6162449089324695
"3728_1",0.0040278111191625445
"5538_8",0.9702362987798079
"10751_4",0.5009650400575834
"8883_8",0.4095006597725603
"6581_1",0.10276989176263575
"5476_1",0.0841316745230367
"4338_9",0.9218558803399298
"10343_1",0.2982110819984597
"2914_10",0.9815949089610594
"6103_1",0.5865168478164482
"7691_1",0.00801072068773577
"3444_3",0.3428484664114486
"2397_8",0.9726795337641967
"8255_8",0.9516309375111546
"1660_1",0.010676820769264425
"10154_2",0.9537323584965942
"2138_3",0.1940048014560212
"9614_3",0.019795679676361908
"2682_10",0.9851168803773178
"1813_3",0.09578967011059152
"10581_3",0.28517010976027396
"3733_4",0.0034616418337947443
"5210_4",0.14869151998095095
"11961_8",0.9602649498222419
"7928_4",0.03953388026953611
"12156_4",0.23166439905154412
"11025_4",0.7969434638840698
"11233_10",0.9994083734922476
"473_1",0.0007344061877608569
"6648_2",0.0645719821038997
"2451_1",0.0035627193348514007
"7679_2",0.012506792568143167
"2954_9",0.9371735599203991
"9652_10",0.9555981448519091
"724_3",0.12334566940619829
"7592_4",0.0020926119434948485
"7669_9",0.961751716009784
"3816_1",0.0013674263456254537
"1401_4",0.09976173413828456
"8551_2",0.01564770180660677
"7901_8",0.9767192342273535
"10552_4",0.46934676965197886
"330_10",0.980788622890532
"232_4",0.0448111520608624
"12351_8",0.7303644696175529
"12451_10",0.9764668759216218
"5884_9",0.7261178229129429
"603_4",0.10664537087701528
"3415_7",0.8079042112787232
"8727_1",0.019249815810137298
"10099_4",0.23535631798493792
"7989_10",0.9894189243916927
"2329_2",0.9362591457141347
"5774_1",0.00580860212293571
"8201_3",0.4757085825305618
"3491_1",0.022744716255980624
"12210_10",0.4982341096565563
"7604_8",0.9527230296276257
"1676_10",0.9992415156415584
"6477_9",0.9636983131228666
"2521_10",0.9996849663070094
"9140_2",0.16413274824103194
"2463_4",0.015553567631819221
"587_8",0.9950424298187828
"7120_10",0.2814245733071176
"7734_10",0.9875231274473837
"7322_10",0.9691657749924673
"3803_2",0.045464716446990266
"2417_4",0.00047948166217709823
"7757_4",0.021678533242013284
"478_9",0.8215352618001472
"12269_9",0.9760800140800672
"10472_3",0.24213812007125676
"2858_9",0.9308604685982236
"414_9",0.180717930375168
"2552_4",0.018180264746874574
"11615_8",0.971343399450102
"201_2",0.0032584802024474744
"5624_3",0.04306686159907758
"5080_8",0.7813176109329139
"4507_10",0.8763155219351514
"1527_3",0.275701986067215
"6282_1",0.06114210069047703
"3911_1",0.005261107524602812
"4616_9",0.8738627648367875
"9562_4",0.8367165468122286
"9975_8",0.7027554369737405
"7584_10",0.8208904428817709
"1121_1",0.04327833111660189
"382_10",0.11500199239698715
"11309_1",0.10366709476597415
"5424_10",0.9362995398471536
"8697_8",0.9758171863752446
"12420_2",0.07857257335095168
"5052_10",0.9724212515386443
"1037_1",0.01274585632061595
"346_7",0.02136512941458678
"2285_8",0.8776259968996498
"10867_1",0.0010600054916573701
"4335_9",0.7522274053046368
"9088_7",0.9706462264354621
"11037_8",0.8317990681056967
"1993_4",0.03703007615351849
"11469_3",0.015622937965901336
"1834_2",0.0016709434226591616
"10723_4",0.040591203984815624
"5377_3",0.04215723994839382
"1812_1",0.08182899092616029
"2760_8",0.9903276595683176
"12062_10",0.5281698145729364
"1847_1",0.0002636004472780854
"1280_3",0.03655533025425956
"2106_8",0.9503066219776706
"5414_1",0.012806953070798363
"4930_10",0.9990929052980068
"5024_9",0.897561109986739
"5295_9",0.9566977267623794
"5427_10",0.9428023231687845
"10526_2",0.05944387935292309
"5517_2",0.6383817858045622
"3971_8",0.5055096807416763
"12260_7",0.6283771974645989
"3676_10",0.9978922424160087
"4132_7",0.9814759609309236
"6721_8",0.626242238210364
"2381_7",0.9201978423418024
"818_1",0.005391962132539657
"6503_7",0.3285495186226528
"12068_7",0.9879565929819161
"8847_1",0.0018491867634945391
"10698_8",0.8292621747320963
"2347_3",0.002753770766149433
"9337_10",0.5676794951118533
"9070_4",0.16528934648960047
"7962_10",0.997022361305941
"12183_4",0.33633542764608243
"12410_3",0.0693842499639936
"7988_9",0.9852104377304787
"8980_8",0.8987284575815038
"8568_4",0.10069522529372142
"8374_7",0.9157710498608894
"3561_4",0.2882546583953178
"692_4",0.8786097944177969
"4259_1",0.06986360695124907
"1627_1",0.13285813971832058
"7064_9",0.9829132061894016
"5410_7",0.5929918676107198
"10003_3",0.876783909448135
"12068_3",0.03264120064005398
"8048_7",0.26377646167643926
"2590_1",0.06880913546301283
"3464_2",0.9861626926965882
"8423_10",0.14244642181340922
"5036_4",0.3551380925825534
"10030_3",0.0802899587949103
"5500_9",0.9949528816328874
"10129_10",0.7791434900714607
"1549_10",0.9766603624974167
"6463_10",0.9990572348498528
"1026_2",0.05165780258657411
"6681_10",0.9857136975282261
"11004_1",0.002694372258488551
"6191_10",0.7185556581521583
"9253_4",0.8542047544954704
"3193_10",0.9957352908340702
"7563_1",0.0003713245089217704
"3104_7",0.8435016571057505
"6369_9",0.9876376847746231
"606_1",0.02728271650734739
"6069_10",0.9749866337259879
"6966_7",0.10708833324430753
"8945_4",0.06351938682069995
"4920_1",0.01736030056856689
"7358_10",0.9931874852690806
"9665_10",0.9976694364100986
"5005_1",0.1802969342381163
"12324_2",0.020449565836477803
"1878_1",7.620054764665282e-05
"5917_2",0.043463608363344994
"11912_7",0.986844461935772
"11692_1",0.3181213099298009
"11505_10",0.9446072946925097
"5416_8",0.9869791805042418
"12072_1",0.07384614533919162
"4436_10",0.9913977746230156
"11762_1",0.32504888101128954
"5805_10",0.9992035665254229
"9464_1",0.0005901997928022898
"9412_2",0.004409884255634297
"11262_4",0.7804287683923911
"853_7",0.8503078283323329
"7087_4",0.10754300590640388
"1896_10",0.9705591335695961
"9749_4",0.02380296638803996
"7431_2",0.30907424132522743
"10253_3",0.0017030008847345529
"10675_4",0.18907092247843676
"4275_4",0.1833059907905937
"5399_8",0.6449464520698241
"9388_10",0.8211037102951371
"7019_10",0.9914659391932403
"10223_2",0.025139291289362993
"10216_1",0.015864858685926648
"2097_3",0.010150907797421171
"4243_3",0.05635558051514159
"8672_1",0.01256038502591361
"1260_3",0.010253707734606512
"1734_10",0.9688390605304293
"2955_9",0.8747046856078916
"12033_1",0.004287207010638932
"8243_3",0.16055572174967336
"8741_2",0.16337479961360613
"6481_7",0.8090339892087532
"7053_1",0.03612716549847149
"1624_8",0.8122457051437293
"2900_1",0.1475140533426904
"4328_1",0.007753933097810374
"11732_7",0.8987704614937814
"746_1",0.24412002878134262
"6004_3",0.008590319452298427
"6162_2",0.01267975207127885
"9375_4",0.011525385075229275
"10924_4",0.054183993624262856
"6304_4",0.18061046795990737
"10035_10",0.943530583024808
"8867_2",0.0037164016495399668
"9781_10",0.5837280909318396
"8902_8",0.9796396273007444
"1006_8",0.7217732500979452
"7230_1",0.03689499802151606
"8788_9",0.958250786392308
"2079_10",0.9946369204215147
"11987_3",0.00028141694754803986
"2724_7",0.9409994595393103
"8534_2",0.00395169264567671
"7052_1",0.03486008908611416
"4390_8",0.9856668840393734
"520_10",0.9759256531522381
"3936_3",0.5089892578015989
"5160_3",0.024916964342466538
"10519_8",0.5394037077625975
"8906_1",0.014446213778006945
"8750_4",0.014941113681382694
"8606_3",0.5491945548029838
"12038_2",0.3316056058685546
"2939_8",0.954711701793128
"5721_10",0.9746779728356725
"6798_8",0.9023067337578498
"11820_10",0.9853832291998551
"6435_10",0.0631282453643654
"404_8",0.9979931858677742
"6066_9",0.9917855240627077
"7921_3",0.0020973620750985114
"5468_3",0.14480485817913516
"7034_10",0.9790919518401064
"4309_3",0.3696078108427287
"8201_7",0.9981507947635
"3656_10",0.9909063097285693
"8786_4",0.6261396814310518
"10564_3",0.1054859129133787
"7401_4",0.013065915923370227
"1163_1",0.3474190872196743
"9915_10",0.9820508901746248
"11080_10",0.04032598095265455
"4710_10",0.9923604687174788
"131_1",0.02737873172063415
"6387_3",0.3340331029930654
"3906_1",0.00024985944373199674
"2075_1",0.003384642037800003
"11663_10",0.9979582306811607
"6149_3",0.009924551548026211
"6703_8",0.8248667816883115
"2440_8",0.9976558276511778
"10500_7",0.6484247802696859
"7349_1",0.029400579870834047
"10695_1",0.024805772948983326
"6905_1",0.002867465486961176
"4902_4",0.09598718614634696
"5298_9",0.9995940480630444
"6701_4",0.19144764309898724
"1344_10",0.9138612831645422
"284_10",0.8987334698346684
"9114_10",0.9983067955793637
"12102_10",0.9963342783296973
"11448_2",0.06598114761512194
"1053_10",0.9849592366269936
"8341_10",0.22905074552382187
"433_1",0.006758960323499462
"9534_4",0.1853286664985087
"6471_2",0.6421588763869035
"8971_10",0.9940391216113349
"433_8",0.9608646826421507
"298_10",0.8415537872916037
"5965_1",5.507066013520835e-06
"10408_10",0.9980187414365823
"9112_3",0.5462547055011746
"6726_9",0.9520105814189421
"1048_8",0.9623867570108677
"11046_9",0.8781543781367266
"4808_7",0.9898755759295758
"7027_9",0.9702852935715478
"12435_8",0.8923737390469234
"5480_1",0.9514223100955662
"8823_8",0.9650859859453669
"554_9",0.6925363585033127
"7167_2",0.012913551902052945
"10762_3",0.3432782579533117
"9036_8",0.7428681494494922
"12185_4",0.7888833040074269
"7763_10",0.9947637043078194
"10271_8",0.963842376833055
"1159_8",0.8749070198023362
"11063_1",0.019305150864393567
"12479_4",0.009660252835981403
"11179_4",0.9202750015018234
"1736_1",0.0009670249393346613
"4840_7",0.9947005041410655
"8233_2",0.8765892076281545
"1082_9",0.9495772613551797
"8378_7",0.9715507280127558
"7777_9",0.9653053283215016
"1883_9",0.8534022754923678
"7350_10",0.9883731921955403
"704_8",0.7483111352351726
"6554_8",0.7295318215834129
"1750_10",0.9952064518041527
"4969_2",0.0027492703775649024
"10339_8",0.9941684160603367
"1902_4",0.501000312057339
"5578_1",5.368681553532861e-06
"5502_1",0.014749562565291594
"7250_2",0.011954058835617775
"8856_4",0.08474515914601427
"10840_9",0.9261319867399976
"9730_10",0.8758119172886046
"11146_2",0.04373815500604938
"5988_3",0.006791329442431364
"9734_8",0.9675579438136743
"12338_8",0.8921035400853569
"9813_1",0.10225369637058027
"8928_2",0.11978572393807596
"5431_2",0.006157952850621751
"9467_9",0.9894978088088731
"4933_4",0.07377148429325125
"11280_10",0.3607754535275461
"10279_9",0.9200737169127199
"7024_1",0.0071040293116973715
"9115_3",0.19711605846103114
"5701_10",0.9964250018504448
"9539_1",0.009522286370544465
"7655_7",0.9626924917103834
"4518_10",0.9369446534313217
"3039_4",0.13090288841913555
"8654_3",0.19104700800835953
"8893_4",0.4707652948207468
"3598_9",0.26328636081452456
"6443_1",0.03894050476643942
"3843_1",0.1471528293073176
"3848_9",0.9721427102947683
"3149_1",0.0623969445997398
"2152_1",0.007732232034957959
"11564_1",0.0018031705684692723
"4391_8",0.9183937712224649
"950_10",0.8896371862054377
"10531_10",0.9989082400952063
"904_3",0.10154485559108078
"5293_9",0.7622961716063996
"2173_1",0.000271181739271069
"5992_2",0.005968127960060032
"782_3",0.26755062722267686
"1295_8",0.9909358152539238
"9659_1",0.0061545084508040915
"2214_3",0.014361575921928339
"10772_3",0.0006737632512045144
"7515_9",0.028524023082625624
"7294_2",0.10524753922589009
"7761_1",0.07443254995594288
"9027_9",0.9546826652747127
"6595_1",3.645692539684018e-05
"11003_8",0.9943418841058972
"601_10",0.9775930616544591
"2991_8",0.6923265849733409
"10937_8",0.9697112942553461
"7545_1",0.013227964209643686
"9747_1",0.0005993661955698418
"7653_7",0.987131558758048
"6886_1",0.0017630112667322345
"8054_8",0.7764702155249545
"7299_9",0.9579988062787883
"2289_3",0.27714960023846025
"6569_1",0.0009920832728413764
"10909_2",0.016270297198046256
"4022_7",0.08262910685155096
"5407_1",0.006108952295225149
"10211_8",0.49743641056570415
"9194_1",0.262365543796607
"8113_8",0.9954983476195227
"12010_1",0.03398083585464888
"7373_7",0.9775738825139696
"3535_10",0.9890446854837431
"5265_10",0.437238841327837
"7032_1",0.17634684522557614
"3391_10",0.9712749364135252
"969_9",0.9882036668097007
"450_2",0.3111387207808097
"12296_3",0.5972552134887221
"10855_10",0.9704971251394549
"2741_10",0.8912400353874275
"12403_1",0.08212868064380777
"6118_4",0.6708691746813565
"9001_1",0.16672788889525458
"172_4",0.22037039845365886
"4405_7",0.23624579868462822
"8923_8",0.9636331713031429
"5396_10",0.9788428828685167
"7183_1",0.005163579298321307
"3261_7",0.901332601290715
"7445_10",0.997445294364409
"11412_2",0.0052013478329548035
"4765_3",0.022970370844086718
"5248_9",0.9753585793067017
"3172_2",0.5549927210757167
"10813_4",0.20974865609916357
"8054_1",0.013772690339049072
"5535_1",0.02032112721236907
"1306_8",0.9817951856243021
"135_3",0.06183624210319124
"10646_10",0.6419881478121436
"9906_1",0.03910475702328413
"8156_10",0.9926849406577706
"2806_1",0.008936742387793425
"9501_4",0.10115763691619041
"1882_3",0.16911082407109349
"11895_4",0.03173106999735672
"5420_10",0.9967273485451356
"11791_10",0.999256180400205
"3798_2",2.127648138242967e-05
"3282_8",0.4710283288110266
"1278_1",0.028230999374657423
"1011_4",0.19545823128865528
"5263_9",0.6332471504802292
"11301_1",0.0006933871175428809
"1946_7",0.9514204129485939
"3246_10",0.9958634961884031
"4130_8",0.8128754926944805
"4172_10",0.8745958797629234
"2619_2",0.0023136115587724664
"5197_4",0.9498432286481464
"6060_9",0.8989008185401124
"7430_1",0.0007486789308235524
"3511_10",0.920789204597172
"6970_1",0.010739945801756308
"931_4",0.010979859605277772
"12374_10",0.9426754327866574
"10217_7",0.6799067260547483
"964_7",0.8207404374014005
"4859_1",0.002144604776150065
"5525_1",0.11842338704385084
"11471_1",0.07880967374977971
"5030_4",0.03169743319332899
"12177_2",0.030216904354640844
"8892_2",0.005243871270886169
"1073_4",0.4547868745101332
"7406_1",0.003108158467046807
"6345_9",0.8909310606274031
"7395_7",0.41543835783186167
"9952_7",0.2613681315640767
"5851_4",0.5765300291392187
"6880_7",0.6433339523790665
"642_9",0.9278889629588661
"6271_9",0.9515331953826334
"10983_1",0.0013724272130970455
"5602_1",0.0015039380216334392
"3834_1",0.06582691899689741
"6961_3",0.10401500516932176
"10102_8",0.9819482575954428
"6988_1",0.016339781038405592
"5803_9",0.9815731901976129
"6009_1",0.0006270400008248787
"10294_2",0.06078420115064543
"9811_10",0.9265718528816274
"11298_8",0.5893359640034191
"4625_10",0.9462092864100359
"11263_3",0.0010459417110929817
"11502_3",0.8604609568490745
"9690_10",0.9422838848442726
"4453_10",0.9999458052413775
"9741_10",0.7895179751703753
"12191_9",0.5680704952901066
"8019_8",0.9348383370899076
"2298_4",0.0385862290359715
"1489_4",0.04980210624171783
"4228_7",0.6238047471416477
"10905_1",4.768693166006496e-05
"5103_10",0.9966781078991762
"5641_1",0.006102134900085299
"11567_1",0.012551357611610595
"4040_10",0.9939648914330868
"4777_10",0.9836119326615025
"9612_10",0.997714271776253
"3830_1",0.008763960171242346
"8781_2",0.001662891068178622
"9415_3",0.7733106320112137
"9171_3",0.14198652314630128
"478_3",0.13168616209388131
"10979_8",0.9181215919815423
"7073_4",0.04599348056718589
"5419_10",0.9203317133260523
"8505_3",0.06163768822813261
"7559_1",0.45497641743186934
"3827_9",0.8910722036292479
"9242_1",0.03153128161154123
"3133_10",0.8736327721244438
"9051_4",0.12522296180222187
"8604_10",0.8614521285729121
"4811_8",0.9829432886404216
"10697_10",0.8811343305987058
"6142_10",0.9285263160684109
"6740_1",0.01777759045261928
"7806_8",0.9778309474495658
"8326_4",0.9866225711589266
"12425_3",0.012986119730469528
"11113_1",0.0017512012601995693
"8096_1",0.014576707053319305
"512_8",0.9246751119295722
"11144_7",0.7598531005314391
"2073_4",0.02992900295177086
"6966_4",0.062436811694325065
"12122_3",0.5048108292837423
"429_10",0.624480282732197
"10294_9",0.9698039369619337
"9955_3",0.07259611816928752
"10878_10",0.9297692451643824
"9365_1",0.0010091008255584254
"7317_8",0.8842663218843785
"2863_8",0.5280652565222752
"11935_3",0.0400178314647746
"2180_2",0.21754078598977308
"267_10",0.9950715085320174
"72_8",0.9455692336591652
"936_9",0.9821088097072398
"2363_4",0.004542044433217238
"11722_9",0.9636338464856653
"1353_7",0.5290004804626564
"3883_7",0.9725168256562582
"9475_8",0.9131193249549922
"2328_2",0.05612655903234311
"11982_9",0.9928692662438949
"10413_8",0.9591679302737001
"1277_2",0.10058232077166626
"6299_4",0.007027431673818041
"7536_9",0.3816241509456632
"8368_2",0.0034632562651771117
"634_1",0.045887449763986295
"10095_3",0.09816684379460511
"8821_4",0.0028932517297026628
"5669_10",0.9972577059816727
"4600_8",0.5576565885158669
"10859_1",0.14646433050611776
"140_9",0.4805810180063744
"153_8",0.9819129175759239
"8013_9",0.8387549728254561
"12389_1",0.3996821934771678
"8443_7",0.9809734465512542
"12290_10",0.8319152924199924
"12152_10",0.5663241461668627
"6442_3",0.2838170051247952
"7557_4",0.8333387918275893
"3699_4",0.8268323848878101
"6461_2",0.9499492273112885
"8641_10",0.9898080587093284
"10771_1",0.4784060685293553
"10539_2",0.2108891101712431
"10406_1",0.04705651958630381
"9617_4",0.027670705889783865
"9403_10",0.99890574590138
"3015_1",0.22362496639428783
"181_10",0.9984046143191166
"2879_4",0.015831315848696684
"1758_8",0.9644912981796887
"9992_10",0.9976848736231112
"10769_7",0.9858403838246729
"5616_3",0.1191096309952275
"721_4",0.07589698868837058
"3035_1",0.006047000088713862
"7877_4",0.0006247682091902094
"5554_4",0.05583822464782566
"1475_7",0.9561770648132748
"1538_7",0.8175194833926326
"3499_10",0.42132931533354784
"8815_4",0.4116899968758808
"5817_8",0.568409129951888
"4179_1",0.2018860681963331
"3719_10",0.8453492459007754
"2538_2",0.07394187203719849
"4873_3",0.3298035216725946
"7283_9",0.9134495243322891
"1997_4",0.10395860540140753
"11036_4",4.676171080847283e-05
"4123_4",0.864998427403345
"3520_3",0.0009912899315831967
"10320_1",0.016491954038153133
"10185_10",0.9515693013265302
"10193_1",0.0497008303877194
"2506_7",0.9292549737950104
"9868_10",0.9294261713902953
"5603_2",0.009089575505524672
"8392_3",0.055515061273611825
"5322_4",0.04938226468357463
"12117_10",0.9966863060191139
"2411_8",0.7128925786911289
"9393_4",0.1030635069520067
"5968_8",0.6408548900259073
"6860_1",0.004412523523838148
"12144_4",0.6927642933425616
"2706_10",0.9890624555013627
"5655_1",0.015835385009598198
"2555_8",0.966935909474586
"6091_9",0.8693463453540544
"712_9",0.9559701707899658
"9445_10",0.7867638830197422
"1777_10",0.4618494029391598
"490_8",0.07912204837269189
"318_10",0.864579488506127
"10143_9",0.8768997921564646
"3608_8",0.8766678744165772
"686_4",0.8236119308922272
"12147_1",0.00055450799207036
"6782_10",0.45814882285084846
"5560_10",0.9933888510705855
"11621_8",0.8162954517196788
"11909_10",0.930583617598943
"11938_9",0.998989751935858
"1877_1",0.02835226635815005
"1298_1",0.0029535652397921362
"11154_3",0.005045832887076973
"10898_7",0.07596270804429499
"9980_8",0.9629436354367109
"9719_10",0.9909232044948
"516_1",0.016299983439252468
"2541_1",0.012236279073708937
"23_10",0.907577675963702
"3517_1",0.003213376894102152
"10839_9",0.9932037371307727
"11461_9",0.5802065602506875
"10150_2",0.049479026043184646
"10664_9",0.9974523356414656
"6750_10",0.7982747062568992
"11165_4",0.9935710533195264
"3463_4",0.23212367520107355
"287_1",0.040715880479419785
"5582_1",0.05763419794966033
"1136_1",0.007874486861896807
"10316_1",0.039624200039702656
"1684_8",0.7188329244255852
"3556_9",0.6244233020870583
"11680_9",0.9902936514853011
"10775_10",0.7580456662734839
"5558_2",0.12863451553763894
"6203_10",0.6995694302147087
"4057_4",0.6939128749579258
"9010_8",0.9987047613124644
"1033_9",0.9624471499502792
"12116_9",0.9552063031243377
"8401_10",0.9996390808928817
"9863_4",0.12685927689060983
"2777_1",0.0018367230031387518
"5797_3",0.00526777993186958
"9929_3",0.004352527298556647
"4177_1",0.009127265618772227
"2205_8",0.9797085420203844
"2839_8",0.9293265117627377
"7161_10",0.9484164324337615
"11724_4",0.8736608366169032
"10369_9",0.9764521212722906
"8702_2",0.39586015380775635
"1028_10",0.8994912965921097
"7226_4",0.7919033574956496
"8799_3",0.055377480515129446
"1573_8",0.8871059938340065
"12041_7",0.9769879267374949
"6207_7",0.25385820978852497
"399_8",0.9584603807864144
"1034_2",0.00048013861960928886
"1610_4",0.6199719044030003
"596_10",0.9806059357286417
"6474_7",0.9940283043160946
"4464_3",0.14610728609848936
"10637_2",0.0338071984963443
"3272_10",0.9821365697442523
"10194_7",0.02708890993837173
"11906_3",0.14467913350757133
"3666_3",0.6382549808492782
"6148_4",0.13924137462716016
"4595_8",0.631058100362463
"6146_1",0.06364157420568918
"7512_10",0.428819741463551
"12333_1",0.0038540701767228913
"3490_4",0.5947046847236382
"8495_1",0.0014075993867977016
"955_4",0.0844091949460873
"10582_10",0.9734360036279736
"9477_8",0.653367756649103
"7132_3",0.002602445163160584
"5214_1",0.0019367178083143732
"8258_10",0.5532671249806768
"10387_1",0.09548680225130184
"268_10",0.8844993869260432
"8153_2",0.0018309231654793155
"7353_3",0.17783185560952197
"7847_10",0.994284691499405
"12028_10",0.8700427412857179
"2998_8",0.31289390976594156
"2641_8",0.7528177613066926
"11923_8",0.7562295947814524
"12322_1",0.008345278469176789
"11816_3",0.0025834411890995426
"7111_3",0.17934051295176723
"8107_10",0.9787520656824286
"8835_8",0.5000238437257056
"10142_10",0.7507751677246264
"4445_3",0.014064389181840373
"976_8",0.7758764643238965
"1996_4",0.40809819830281363
"11496_3",0.03564155088609272
"1644_4",0.02648420123032128
"8573_3",0.38056917645862165
"10835_9",0.9118270374102799
"11531_8",0.9990393411411425
"5802_8",0.9054951272247272
"2501_3",0.00962175071872511
"530_2",0.050030764525606515
"1051_10",0.9978388006395136
"6629_1",0.00021375581547402307
"10350_1",0.2888533334901764
"2943_10",0.9958171566343446
"7661_1",0.03928961372704812
"8359_3",0.26881842845406184
"10218_7",0.8806628956567929
"10548_1",0.004978382310841256
"906_7",0.9127729349376349
"2708_9",0.9880758780978114
"12478_4",0.029876586395140417
"10222_1",0.46609722499805
"3560_2",0.008037897677270534
"3371_9",0.2868112561474699
"10009_3",0.034078487555504765
"3142_3",0.1735111271806668
"3876_9",0.9657076085323989
"6662_2",0.12864280437884693
"4691_1",0.03314899226734133
"2491_4",0.6692448687448264
"12485_4",0.2452689979804482
"1716_3",0.6223171325996797
"10767_10",0.9513333640829714
"4083_2",0.12530581775930003
"7656_3",0.33458143118451555
"2532_8",0.9698489218053704
"11243_8",0.6025704243433678
"11878_9",0.9930574955910082
"3627_8",0.07459933517459233
"9049_10",0.44293829041923993
"2950_4",0.15494471154206685
"4553_8",0.9991820918210234
"10414_1",0.03262704580699009
"4281_7",0.8042899994237787
"7905_4",0.8789048608457616
"10800_8",0.9468128853834404
"1562_4",0.239522487341405
"7604_4",0.11584723490823333
"5752_2",0.5765699038912239
"9465_1",0.06245096866836644
"2701_4",0.0985796616658648
"12432_7",0.9414654355880653
"7583_9",0.9851104095327238
"4003_10",0.9810841250941502
"11082_2",0.0034571297167123537
"7650_3",0.047393069743731336
"2215_7",0.9434510334254806
"6597_9",0.972422801941747
"12268_1",0.02960123092204408
"8650_7",0.25150543309864376
"8311_2",0.021665740694205033
"10764_10",0.9233846370271902
"5462_2",0.0021806660872654847
"10303_9",0.9964403478026073
"12132_4",0.23308339226531646
"11786_2",0.0719043861185752
"6248_2",0.028468695937376245
"5570_2",0.0009597207405608912
"8367_4",0.19063827184351273
"2416_7",0.9149485572066244
"4073_1",0.06436770299624558
"4642_2",0.5480821411950322
"580_10",0.9964654149386828
"3328_4",0.02538253414685014
"9524_9",0.8841708151508444
"11980_2",0.2486737404297307
"7812_9",0.9579470727342559
"3567_7",0.8870242158097547
"9592_2",0.00620346586489205
"8421_1",0.010933341200308769
"2618_1",0.04064036769778871
"2367_3",0.009589652725872096
"10613_1",0.006623543540992039
"7657_2",0.4105252136910691
"10992_4",0.1208167193949926
"10663_4",0.5719550079475079
"9589_4",0.10750210734596957
"5184_8",0.24621907992228856
"7352_7",0.9897607004756854
"6483_4",0.9298856301683518
"914_10",0.9196084435548766
"1239_4",0.5944361397037483
"4465_4",0.4902205292115334
"82_10",0.7212400043061115
"3696_4",0.14122798265525782
"1507_8",0.8536930385791618
"12211_3",0.42391999344635695
"4003_3",0.010120898149044332
"3738_3",0.48966309756009857
"12089_10",0.9658225649307755
"593_1",0.0031161494683173262
"7555_3",0.238342519686345
"9897_9",0.9863531547708259
"299_1",0.012217627289357495
"2774_3",0.07366593981657006
"4723_8",0.9638048087234768
"1636_2",0.0284131978908289
"3383_8",0.9944457661999192
"5360_10",0.9902512889396258
"11542_10",0.983120957222392
"1964_1",0.009658556600309308
"10323_10",0.4557409874194157
"5166_1",0.009203531256143134
"12371_1",0.0002086206119967872
"7426_1",0.02875341248049304
"11832_4",0.18423750443223058
"684_9",0.6057058351657186
"519_7",0.2826031881022084
"1712_8",0.7855086295410083
"5973_9",0.9709589745346009
"2820_3",0.025165142090791234
"5023_7",0.9716725461421917
"2625_1",0.01090171709792605
"2699_9",0.8358698531442857
"7123_1",0.0473452933468224
"7327_10",0.9386257757038562
"944_8",0.8896928869778293
"9757_10",0.7332585839494123
"12491_9",0.9926498403715099
"12301_10",0.8397429867240879
"421_9",0.9807367446624348
"6655_2",0.337101227023167
"610_9",0.672188499579768
"3020_1",0.4032660223399239
"1797_10",0.9953356850014904
"1248_3",0.02176054233050773
"2524_10",0.9993637140463274
"10596_3",0.13213500848617885
"9326_3",0.007959475616677545
"9346_2",0.0012880173602003496
"3890_8",0.9999893857990526
"7836_9",0.9586267927536465
"12388_7",0.6918885833733989
"3205_2",0.10527722794245646
"1547_9",0.9646472673073466
"2706_1",0.0078103831270599534
"391_10",0.7236348197462414
"1544_10",0.9007992378850318
"7861_8",0.6556204003000808
"1448_2",0.02165923834625091
"6451_3",0.03861543446638238
"12187_3",0.5136774921847439
"11702_4",0.7307379266431916
"5947_1",0.3732771717911762
"1282_3",0.0005942834794968789
"7492_2",0.0010163880825922807
"7724_7",0.9809318631965307
"1564_1",0.6991075635774664
"4425_9",0.9975387877639188
"9416_9",0.9954862321157684
"10826_10",0.991522488974634
"4402_10",0.9930162454403042
"9332_3",0.00017535603767763637
"5856_1",0.03970801438984491
"2784_2",0.013408890500615977
"3216_1",0.03293751129772806
"8057_9",0.7405040530281569
"526_10",0.8236739153905335
"4376_1",0.012660718169957876
"9513_9",0.8388500521445502
"9972_9",0.6121207952373424
"339_1",0.1802808301082089
"11898_1",0.36190717364289193
"9282_4",0.061734404974470095
"2303_4",0.03224635984000133
"10199_1",0.0004447969315052664
"11660_10",0.7633866870679656
"714_4",0.0021207599747956577
"9283_9",0.89331699153606
"2972_2",0.45790971059917146
"9060_7",0.9950680882686589
"3562_8",0.503552709885114
"11064_8",0.9684125514786723
"4190_10",0.9435185333132181
"12472_10",0.9982622865660367
"2942_1",0.009305984106890153
"9560_9",0.9303623257368009
"2692_4",0.007818267241194889
"12057_1",0.0009177114003127496
"11197_2",0.1692343201740734
"5827_4",0.9863393680442516
"4752_1",0.011319526856545107
"8114_3",0.003133047391544756
"5643_7",0.9523952137994449
"9127_2",0.294009958225419
"10540_10",0.2078508646855441
"7342_2",0.00042593152301761066
"4651_4",0.2713247129365785
"8798_1",0.002842824074050444
"5973_3",0.26876830506561433
"8314_2",0.0008405552323858339
"7856_1",0.0032537875792412263
"1255_4",0.18288550540868612
"9615_8",0.2176106052110169
"7261_4",0.04821237471142358
"9700_9",0.9533388522446438
"5938_10",0.9933242251143458
"970_7",0.675072395330921
"7715_8",0.8999500610642825
"4643_2",0.7945945349027561
"7069_1",0.13879655281378095
"8600_10",0.977029993496374
"10275_3",0.10240798490107117
"9519_1",0.00448754677035221
"8861_10",0.9865799874957296
"8558_4",0.050169607767726006
"7495_4",0.5383869098932217
"4727_10",0.27852144068562773
"9647_8",0.9383789965853083
"7192_3",0.4968909320354274
"8772_8",0.9888457679226981
"1198_4",0.10331875327989534
"4249_7",0.262466820627395
"6816_2",0.36758499287433727
"10243_9",0.9973880344879712
"8365_1",0.032315519030545935
"2529_10",0.5921006036873975
"2538_10",0.8982394202244527
"5946_1",0.08602231033525556
"6716_8",0.8037790919027311
"2633_7",0.9315187310518587
"10513_1",0.007354306029849478
"4847_1",0.13150325168675964
"2552_10",0.9676291992976594
"7166_9",0.8835229159519861
"398_8",0.9848055339696228
"6925_4",0.02822686416094911
"9873_9",0.6885748579397118
"3598_4",0.17084692037721017
"5996_3",0.003002031762387439
"4024_10",0.9825185593315722
"3184_10",0.9961411668370881
"3801_2",0.06330068116347141
"1722_10",0.998603911351461
"9344_1",0.07862394766690482
"2874_2",0.011078968357203442
"2914_4",0.12159843251758864
"9643_3",0.017974929494653194
"1756_10",0.9936526628105437
"2781_1",0.030536380515661283
"3559_1",0.00011976955913711666
"6250_1",0.04275682698105517
"10960_9",0.9801622203216607
"565_8",0.24303656861624018
"8749_9",0.06320912144308315
"11273_4",0.04091135020503434
"6933_4",0.3214726263079294
"7295_1",0.2839541917930718
"12267_1",0.0004596220817615824
"9844_4",0.6507650534560243
"1949_3",0.12953243717057566
"10048_1",0.05442359650572138
"7242_2",3.8189519965197495e-05
"1722_2",0.0033076262253166695
"9869_1",0.4468661545819104
"609_1",0.7276959357295704
"9383_7",0.025184849137574534
"6593_4",0.40909275034526804
"3284_10",0.9739858353761499
"6190_1",0.8030668360570993
"8305_10",0.9923845074565852
"20_1",0.046225392189808555
"10037_1",0.10761084606685961
"1751_10",0.992260655273183
"6821_7",0.82657002105327
"4780_10",0.3115689570412674
"1290_10",0.9910724920371824
"10777_2",0.00947227614274416
"3450_1",0.0005293158381467568
"747_3",0.06964203211414464
"9262_10",0.991203858447715
"7206_10",0.997601683528464
"3700_4",0.628739644312813
"2953_4",0.07648588142740327
"6828_8",0.4194393607973545
"10831_7",0.9923838116902041
"5014_1",0.0017649588054596045
"11679_10",0.9783059929471396
"3476_9",0.8417480238898954
"12052_8",0.6680760771822004
"8635_3",0.010076642408632805
"6475_10",0.834954964455706
"8531_2",0.04876181157184901
"9018_7",0.6679637250371947
"1492_9",0.8572761096891317
"10993_10",0.9940836253441959
"1896_2",0.0013842390360933917
"8241_1",0.23309661098875317
"3568_8",0.2417923969775054
"9424_9",0.9128428135332137
"3791_1",0.006041303962799402
"2117_10",0.9944077484717198
"4679_8",0.9940371460241991
"1217_7",0.9996999272966726
"7969_3",0.16976189634506958
"2271_10",0.9920522103321324
"5772_9",0.7646819601478165
"1347_8",0.9933690378273111
"11800_1",0.0005379710733496825
"8820_10",0.9987543436011395
"10014_7",0.8083088293348167
"9864_8",0.7241485061273768
"6926_4",0.15317811020700714
"1842_10",0.9970226815838483
"756_7",0.3554813854773234
"7657_10",0.9631544866049763
"12416_7",0.9545135342785394
"833_7",0.2051416916395747
"8746_10",0.9987962780336683
"6374_10",0.9377673133382015
"24_10",0.9392753412042093
"5133_10",0.14675849424133483
"2937_1",0.12024250529191156
"9845_8",0.9563355276867975
"6236_7",0.6335368628018251
"8525_7",0.9195914912887516
"10398_10",0.9988649357768028
"6555_7",0.9269507081343974
"5873_3",0.931424572085846
"12235_8",0.7455696936179405
"8972_2",0.0006404289460923776
"6313_1",0.04143972862326131
"3277_1",0.2913527669992795
"9661_10",0.6410744161362695
"11759_4",0.22209619812821615
"7960_2",0.9066734459530786
"2710_7",0.9347465644788968
"3152_1",0.018318640540785816
"3186_8",0.9956791333291801
"6180_2",0.21035419512964293
"3303_1",0.015366352550786213
"250_1",0.16806274030328813
"8902_1",0.002932244278415218
"7964_9",0.9950239516465329
"78_1",0.011374369813489235
"9162_9",0.5657526303964626
"11868_8",0.9634033928974702
"8522_8",0.9272891863584576
"8517_8",0.798500288957045
"12341_4",0.12730152526389513
"3300_1",0.08690418599601117
"2961_10",0.9586085441059111
"11309_10",0.7680628737481774
"381_10",0.9977612882071474
"6537_10",0.919189145870003
"4623_10",0.5302754619285686
"12425_10",0.9957507390528825
"817_7",0.3486769181802987
"1853_3",0.03452285716154841
"3586_10",0.9697654689999226
"6148_9",0.9598652656939779
"5020_10",0.9937372083089308
"6486_10",0.9908296352963162
"560_8",0.9968659530433296
"11210_3",0.454980976481764
"4714_1",0.0005000165291447154
"7175_7",0.4097967184013881
"10289_9",0.8539682620498236
"2497_2",0.09085071424649167
"6359_3",0.38024879641445725
"4905_3",0.02161640297629494
"4701_10",0.9754166264867993
"292_10",0.9829670470669866
"4010_9",0.9452714517761043
"1591_2",0.9651488505554479
"619_10",0.40251609983530307
"8563_1",0.00029608248022970006
"488_4",0.1904859972987602
"3148_10",0.9834033079883411
"2046_4",0.005349822169425193
"11560_8",0.6953798240650899
"8694_7",0.9729918042790445
"11041_10",0.9563071603687757
"6159_8",0.9438927645726016
"10205_1",0.019460402661934384
"7840_9",0.9063055547600908
"3298_10",0.9889900287566159
"2854_7",0.6988362488609198
"3521_8",0.9644364584783693
"8317_2",0.021267525518462563
"10564_7",0.8463547637087273
"7951_3",0.49673483545747166
"9834_8",0.7840601770603132
"4809_9",0.9957649989749893
"4675_1",0.1348575913237231
"9493_10",0.6154912612942613
"7841_4",0.04035617119189387
"8076_10",0.23752805138967215
"3242_8",0.9994370242024412
"11666_3",0.18400896083154078
"9341_2",0.0234991559230372
"10384_1",0.005975238960703549
"1558_9",0.9975747696223217
"9790_10",0.8069400632622988
"12149_2",0.060442006218562175
"11533_4",0.012663984913838104
"4438_3",0.5793083307905113
"11177_4",0.004327046674178437
"8657_7",0.9241285571394594
"4485_4",0.4104164158114815
"1313_3",0.0308763575359607
"7383_10",0.9990930725265759
"11875_8",0.998583103918233
"9838_7",0.9541799722062017
"33_3",0.0360050541338608
"5747_1",0.024555837850048876
"1420_8",0.503678934419028
"7292_9",0.7849122270469406
"5218_7",0.8015965729610945
"3359_9",0.9427451630703089
"10947_8",0.9943183114386579
"219_1",0.015571245343897557
"6374_3",6.977884607852868e-05
"9686_10",0.6889498232375143
"6757_10",0.7221566311230098
"1003_8",0.8521133439897002
"9313_9",0.9670740737563287
"6175_10",0.9922083649774219
"5391_7",0.8805957231449236
"1085_1",0.011423606703993297
"9054_1",0.017113834519142553
"8543_10",0.9955409080872778
"686_8",0.540414628926825
"6959_3",0.028106366143654672
"11014_4",0.4236367710361379
"9204_8",0.8666797670648195
"9029_7",0.8472669340320006
"10441_9",0.9945541964520973
"5245_10",0.9791068000613264
"1480_7",0.1635138978097516
"6426_3",0.007287711362908742
"1700_1",0.05693926954244114
"2783_10",0.8310658164141139
"6152_8",0.7872257128672394
"12282_10",0.9682677910485074
"2948_4",0.0653846245427761
"11974_2",0.013017676760774973
"5944_7",0.4551692036047418
"9370_8",0.8454232501444889
"711_10",0.5808439071993972
"6169_8",0.9375044368656921
"12329_1",0.0050734618829728325
"4904_1",0.002539436746300531
"2070_3",0.006480579978236138
"25_3",0.0012117502738699844
"1819_4",0.02884264379165231
"8642_10",0.8761344231966707
"11504_10",0.7291909428108901
"10193_7",0.9996999272966726
"8917_4",0.09287618485549143
"9380_2",0.3048617776246469
"10048_8",0.9963308756497156
"7288_9",0.9468385561029182
"8128_4",0.5039796095184286
"7800_3",0.017178990921924746
"5852_1",0.0020995847698407027
"8027_1",0.04155276224241107
"10317_1",0.012303872370774611
"10280_8",0.7302389408503601
"3959_10",0.9975027501048808
"6115_10",0.9983978760415079
"6078_8",0.9571007112835153
"12273_9",0.9457360019969971
"1497_10",0.9645100979007937
"2969_9",0.9993475138429389
"2577_1",0.032540228846642455
"4519_1",0.022435795088903483
"8596_4",0.5973817872985174
"254_3",0.15378111052985885
"7005_8",0.8929183133489138
"5426_10",0.9060082790595843
"965_9",0.32857016985208176
"2044_4",0.7491438309555554
"9006_3",0.099711176964934
"11462_10",0.9189278858551324
"4990_7",0.013661982858511609
"163_7",0.5106414718139578
"3134_3",0.1872255641563759
"2922_4",0.45171489194397263
"5777_1",0.0021422210671708138
"6340_7",0.9092351488502005
"7896_1",0.002126163842993841
"2321_8",0.8611683724427126
"2187_1",0.8223026254862329
"1831_9",0.9923779381002398
"9321_10",0.9551866160867001
"9970_10",0.4664994913919943
"2978_4",0.36583715404550166
"7491_3",0.0024678835814292126
"2491_10",0.9410851377708194
"749_1",0.011507682132219973
"4751_2",0.009539254885132962
"3276_1",0.0029910903252239724
"10889_9",0.9951506479021782
"5887_1",0.033631067104050325
"8806_9",0.8655975276636341
"8569_2",0.007939348038554894
"3209_10",0.983852446649163
"7139_10",0.9297782071447293
"5052_3",0.029496884825888352
"5773_3",0.00810048851000777
"1663_9",0.9958144303184127
"3575_7",0.10579655241641642
"12017_1",0.0227917518673909
"12460_8",0.9785125986716343
"7925_2",4.757414610701785e-05
"1643_10",0.9975240166652051
"4537_1",0.004352637335321132
"10651_3",0.0031990899323675608
"12075_10",0.9919905551038627
"4823_1",0.06510215096397777
"5392_7",0.7798393760084089
"5436_9",0.8860062787805583
"3088_8",0.9765561266953492
"6607_9",0.9717972193368508
"7648_1",0.17413383016808015
"1073_8",0.9231109504148922
"4587_8",0.41793207496521984
"9463_10",0.8581323158927812
"11962_1",0.08698989500641661
"8718_4",0.1704370757172621
"7781_10",0.963664288036659
"11495_2",0.30367756399785917
"2772_4",0.92794570486895
"4029_1",7.955729681354313e-05
"2080_10",0.7852378510450634
"6250_9",0.9560554286170923
"2985_9",0.718772116920511
"2935_7",0.33813151094429594
"7900_1",0.0002415228394336426
"2433_8",0.9943210070846
"12366_1",0.004903631861571573
"10910_2",0.09215262705308677
"5265_3",0.0008221243681245614
"9603_10",0.920588421191883
"11989_3",0.0018830899440832557
"2929_4",0.2151486347093219
"1796_1",0.004462740400485589
"10659_2",0.8497651164303183
"4978_9",0.9172908653420266
"11823_8",0.9811841480308524
"1732_8",0.4886514822593902
"1103_4",0.16836301926051472
"8958_1",0.015578784229496878
"8607_4",0.6244575403459902
"5820_9",0.9943864800284987
"8885_3",0.008069065205719936
"3718_10",0.9818573474195738
"3822_1",0.0037923279561923188
"9886_10",0.9944665204878416
"9806_10",0.509007237874351
"10009_10",0.9708069107820388
"5979_2",0.0002880365302305353
"11937_3",0.002133085050499433
"4776_8",0.9395233485341773
"9009_7",0.16506679418413958
"8094_7",0.5946349754714582
"828_3",0.07476860769798413
"3318_1",0.0007600698398755475
"3558_4",0.09134191571684606
"7967_8",0.9967326739035817
"5275_7",0.7841282621205207
"5130_1",0.007728699563358953
"1327_9",0.49473346946928176
"11526_8",0.6782888588844305
"32_10",0.9972468664943707
"10697_1",0.0003430692914603217
"9966_1",0.0015747300262090697
"3132_1",0.035977165614979836
"967_2",0.012489266063170157
"6483_10",0.9940004092591509
"698_10",0.6842334014732305
"7848_2",0.31979231300163885
"9349_1",0.062054776149044893
"10532_9",0.9149167648663713
"11819_2",0.02957870889181718
"6812_1",0.004880735337383514
"5401_1",0.0021611189213803094
"3528_1",0.00028873391140465336
"12239_1",0.04162933985182262
"1479_4",0.0009265446538695735
"2732_4",0.8672870718375751
"6806_10",0.9259705283990392
"2119_9",0.9845338821891146
"8565_9",0.007538167865252605
"1914_8",0.8566025352830418
"4835_1",0.008606442320108383
"1029_2",0.0011984314301254377
"9228_4",0.4089699338550937
"2391_2",0.19359613209009283
"9674_9",0.937149059339238
"9404_9",0.31699112884017955
"5987_1",0.006599147892766117
"9237_8",0.974727510263538
"9879_2",0.016969456634267233
"1370_10",0.051171694725110954
"10662_1",0.03776849011898951
"6937_7",0.4421072883745406
"6355_9",0.7336825237755134
"3784_4",0.3202431726390025
"9136_10",0.6346298933318898
"9557_4",0.11924708772250438
"12013_7",0.9893815660301832
"1114_4",0.08697011503591152
"6890_10",0.9875582958038246
"3238_8",0.9948087172220593
"1790_10",0.9917739342892681
"4277_8",0.903790186728023
"2257_4",0.937991157143493
"7677_10",0.9758542925594793
"1618_4",0.031962351775774236
"7314_1",0.7365586538931749
"10332_1",0.03774938228233261
"7746_2",0.8442801980813758
"9303_3",0.001743506248760513
"12321_9",0.8125159152475483
"10341_2",0.1357181319664794
"7745_9",0.9466525643580755
"11104_7",0.9351263508933464
"10855_1",0.014310667495598768
"10300_1",0.0302834660467328
"2037_2",0.015227954136656287
"7754_9",0.9790670789423462
"9503_10",0.5311912485680055
"396_7",0.9292988640870972
"583_2",0.05502790156832944
"4469_3",0.08018549804734909
"11038_1",0.02161722328919265
"2285_4",0.39828063466132196
"5069_8",0.0452655630359386
"8736_8",0.9780136816738012
"9486_3",0.0924918162871287
"11669_10",0.24028586456970716
"8598_1",0.03848603574148566
"1344_3",0.009881358990934896
"11789_3",0.0009170628156270117
"9605_2",0.13568898015759023
"10122_2",0.005027951853028844
"3752_10",0.9070080992452588
"3864_4",0.2607814288999454
"10505_7",0.8166149672375494
"3822_8",0.816646149985477
"8146_4",0.4690724270535722
"11114_8",0.26176062545288137
"7847_2",0.04571723756906869
"10300_10",0.7065845738036363
"7021_10",0.9631207492366097
"8_9",0.08569457074986878
"7199_2",0.09616793132584817
"9392_9",0.5255572248164434
"8234_7",0.7109262599885346
"12328_7",0.8618295173047977
"9918_9",0.7769877009872913
"10066_7",0.107906152911299
"5482_2",0.15309161264283394
"6914_4",0.2339877764107001
"4665_7",0.3911030098791664
"613_4",0.4874866113737032
"577_8",0.7889810733709203
"12490_4",0.22909825126502922
"8637_3",0.6642102823407561
"11815_4",0.12376284952144247
"9490_10",0.973594463807439
"4388_3",0.0008890173620842276
"11778_10",0.9952161086061947
"4988_10",0.9772768025842385
"6590_3",0.7229552650086168
"4761_7",0.7767191987358314
"8828_4",0.17519743373028474
"10382_3",0.010943220350427022
"3321_1",0.017236439934334956
"2550_10",0.8858023314574959
"12104_1",0.7467329856283081
"6431_1",0.0030596543816574164
"8829_8",0.3516230770101435
"858_7",0.8642418378716689
"197_1",0.2292352081532143
"3599_7",0.26637368181729004
"10808_2",0.00048694601934071944
"12050_4",0.027707376179420845
"6348_1",0.0027845720899333124
"11051_8",0.9496932498354951
"11216_4",0.0196386770458361
"8360_3",0.0054781197985499215
"9570_2",0.025834814026191085
"8040_4",0.16065302842041723
"3664_8",0.999699295128724
"10003_8",0.9783566684840369
"3763_7",0.9612482041301817
"9692_9",0.04946745419806434
"4503_1",0.0006346322813270438
"10985_2",0.3814613955212911
"121_4",0.06562813215864644
"5651_10",0.8630568468848718
"9416_3",0.00021034689222446557
"9128_8",0.7660973797259474
"8955_8",0.9804101341833753
"8787_4",0.07249036197006221
"1622_9",0.3360693124311117
"762_3",0.14924344009489582
"6915_2",0.1072903614572073
"8998_4",0.01564205256773353
"8200_10",0.5724044822805764
"1878_8",0.990731216428408
"5969_10",0.9421151081340613
"8000_3",0.09584912115677824
"8161_10",0.9986108175848029
"9805_4",0.02082103497027736
"3815_10",0.1829591663636768
"3783_3",0.13099673501770465
"4924_10",0.8134895803962056
"7952_1",0.011793698917175813
"4060_8",0.5234225520862202
"775_1",0.010197597274133547
"696_10",0.9996320926927252
"8751_10",0.33934833679061793
"6073_10",0.7859516872195318
"9982_1",0.0026859607753423297
"3706_10",0.7145084153313953
"5996_8",0.5840494293769409
"3107_10",0.9790398040299233
"8913_8",0.48760385236322257
"8982_9",0.9853974826379776
"8938_3",0.7376260362292755
"3008_3",0.011030494908431984
"3787_2",0.0012637244949106647
"6146_9",0.39326200716650084
"5664_1",0.02492792190406614
"2408_3",0.005607399046555642
"6153_2",0.013858257138845158
"7023_7",0.8506510289290057
"2571_3",1.9350933759571234e-05
"6808_4",0.010173619493459343
"6425_9",0.9994728909227699
"11139_4",0.023378150261986887
"320_7",0.28208880902442574
"3098_1",0.0001722508118556312
"5369_10",0.4633642980242982
"480_3",0.007844097826132868
"7884_9",0.8295140784069084
"5247_1",0.00016592640359903087
"3192_2",0.007685753411349435
"12127_1",0.0059399604299031385
"1237_7",0.7713469703748361
"612_3",0.9188561372841452
"6016_7",0.5928830088835917
"10490_1",0.09732752295223449
"5180_8",0.8901934654779065
"3122_4",0.13378782906254355
"2845_8",0.8969312859721209
"9000_8",0.99860714553432
"448_2",0.28697964177032725
"1207_10",0.968473252597691
"11989_8",0.9812701528883306
"11102_9",0.9722454552236556
"1761_1",0.27825535595806045
"9815_3",0.08192838628295636
"12023_1",0.2281535303434358
"9901_10",0.9693128587763182
"11740_2",0.037708144100919626
"4702_10",0.7154637942892139
"4885_3",0.03689016835095719
"0_2",0.16560717130796676
"2273_2",0.003071866514391373
"11340_8",0.73195112398001
"12012_4",0.3254142907646085
"10534_10",0.8797786320465932
"8424_2",0.10085260303372434
"8716_3",0.0030487814881892754
"7154_10",0.9547615664906675
"5001_1",0.03414676832186414
"6511_3",0.08925982252464232
"3308_7",0.5579181588653536
"2720_2",0.011765442144247818
"1183_10",0.9765102869423017
"12387_2",0.004394508842602954
"6580_2",0.04435022264017695
"4431_9",0.9824968024245002
"11828_7",0.42363272680919295
"6737_10",0.9965856049065991
"7505_4",0.107509124061993
"4798_2",0.5802587199425946
"4773_1",0.0602790945601531
"6719_3",0.0018474535312645493
"6475_3",0.022826753348775635
"11733_3",0.02947000582098505
"9360_7",0.9447276318651723
"5571_1",0.00012286008563633567
"10316_10",0.8809482170942698
"5068_3",0.024660668123106105
"11188_8",0.10017040076596738
"7291_3",0.679961215265225
"6233_3",0.11525371032715108
"11710_1",0.06288804267207565
"3780_7",0.3727503778236066
"3210_10",0.9767861151865397
"2885_3",0.04194454456952733
"2912_4",0.36355562212645953
"3320_4",0.036081849329916656
"11275_4",0.0310882352315096
"8406_1",0.008437654447044472
"8275_10",0.7916041345796014
"4862_9",0.9441705736388561
"11817_2",0.16982138583608344
"302_10",0.9646204089214384
"11341_1",0.21197481297707174
"4626_1",0.0012048920154725657
"1030_2",0.03897251467162316
"4799_8",0.9789780546129276
"4845_1",0.0008357606695806265
"3458_1",0.00042560590987050106
"9535_9",0.8369532574287543
"6553_10",0.811904916488967
"486_4",0.08215303468320567
"11162_7",0.9311943046785202
"7689_7",0.13934816160589886
"12058_1",0.0023381617887504084
"3740_1",0.01736720481941529
"11656_8",0.30232643198908543
"9795_1",0.016866390203406238
"1947_1",0.007153837140092763
"1468_1",0.14478055734629064
"4158_10",0.6481227902007489
"5876_1",0.4999728307510207
"12084_4",0.06993803606362384
"5434_7",0.29779755775638983
"7984_9",0.7911760662057953
"2217_8",0.7792275193981152
"2300_4",0.18770856195789237
"8707_7",0.15072577862039016
"3345_10",0.9992929671784191
"7375_8",0.9597418305317251
"1150_2",0.022610427638466747
"8557_10",0.9970116493588006
"5590_8",0.9714064659176086
"5270_1",0.31548525078283285
"10339_4",0.32457558956556976
"6789_3",0.29360173027623104
"4289_1",0.5080976310370142
"693_4",0.28995670898088266
"326_1",0.9808131679414229
"9786_8",0.9648683050682425
"6610_10",0.998959097161705
"11350_9",0.9974429017130836
"10907_1",0.3929198936460187
"3285_8",0.7429807055845304
"10964_4",0.002836221490415754
"5411_1",0.09503768547675803
"6188_10",0.998485416096127
"7110_3",0.011361376540720175
"7355_8",0.43271174975775645
"12116_1",0.08271642733427427
"1187_1",0.0012862922837283647
"12167_7",0.7539911631722084
"5530_9",0.9605221195520957
"2829_10",0.07424388378341103
"9549_4",0.00028561197737822676
"8805_10",0.7911059868261875
"10265_3",0.09800666338128212
"5227_3",0.0008467044992449299
"8693_10",0.4198876115340748
"6331_10",0.9649148639855254
"9079_4",0.011489525028738193
"7200_1",0.0043375205845560885
"9322_10",0.9986443327303777
"2899_4",0.0012181040488034754
"6478_10",0.8898908962121496
"4659_1",0.15955720038375115
"6755_1",0.023252954642174403
"10385_10",0.9358841430903949
"11861_1",8.724021705142269e-05
"5483_10",0.9991515446290943
"4012_10",0.989920348860117
"7146_9",0.9858779402088236
"3782_9",0.9833046394920374
"12181_4",0.036565884120864846
"10663_10",0.9761777954198942
"4712_1",0.07316602038936164
"11071_10",0.8042000262363189
"11171_3",0.006840473143940134
"9043_10",0.959621515406006
"9912_10",0.38975634769814677
"7306_9",0.9843050268498944
"12382_9",0.8142887915996269
"11654_9",0.9702123056993129
"8848_1",3.77093451427133e-05
"4076_3",0.08897447683904262
"8248_3",0.7781036490252031
"10011_1",0.0036398195591211555
"11769_1",0.014055946054268418
"4164_9",0.9948484055488038
"1831_1",0.015107361179393054
"4164_1",0.013653718367551231
"318_3",0.055209409607693286
"7221_10",0.95503495394347
"10912_8",0.9704653591217256
"1321_4",0.37222141978582174
"7712_7",0.9755961053363127
"2680_4",0.036053290470518834
"8374_1",0.007696370542334099
"995_7",0.9944792782372547
"2009_1",0.0020253777821760384
"3905_9",0.9059993631200007
"3348_3",0.04428496752166042
"6466_1",0.02150991217039296
"11900_10",0.9898980714222773
"1634_7",0.1873274014833925
"8245_4",0.43923494357254517
"8561_1",0.057302864500827354
"2072_2",0.04601028137659429
"12060_10",0.9935938026451115
"8178_3",0.2790179727299944
"8778_1",0.04055979575979481
"10489_8",0.9698643230144901
"10118_8",0.9733192241303489
"3470_8",0.9870402985200352
"8014_4",0.825418324475842
"582_10",0.9346631561750399
"8984_8",0.6926364683168966
"9085_8",0.3787263429984048
"8894_2",0.16528133397115385
"3762_2",0.04057874470336353
"3815_2",0.00039805516010931494
"5903_9",0.8546394729272262
"8907_10",0.920783151131383
"6140_7",0.8280268614845089
"9279_4",0.7469745168303316
"2948_9",0.9847077151107586
"10588_10",0.9663268039854381
"8239_1",0.04707727944797274
"6986_2",0.0019157942692576502
"5308_3",0.002175182776214376
"11984_8",0.8289721120971063
"9984_4",0.24787902048380553
"11803_8",0.9960858558601674
"2925_10",0.9939132606088362
"11396_10",0.6463717795241269
"8998_7",0.9602991430690334
"4511_7",0.9977427722086349
"5780_2",0.05129579959202412
"9838_4",0.0784833443607939
"422_10",0.9439745093071429
"11389_10",0.987305459642673
"8511_3",0.7233244398459628
"2089_10",0.9961351670561444
"5818_3",0.15933593317652534
"566_9",0.7436491225366195
"452_10",0.9998172881914529
"4451_9",0.743727097489442
"6105_1",0.006244108559947281
"2158_10",0.009799943791169696
"10395_2",0.27475355725953066
"11291_3",0.0006391257540712673
"2408_8",0.3535629208410314
"3698_9",0.45807293662500115
"6060_2",0.0015044416710242464
"9509_10",0.9886757030328962
"7136_10",0.9134444686621926
"5557_10",0.9865622841057762
"7155_2",0.00930005239260438
"11421_10",0.9298622198541828
"3620_4",0.8747192137009862
"2176_4",0.761347556472387
"8970_1",0.11055402045900535
"11186_10",0.9858218416539481
"9604_3",0.10402548387994237
"6047_10",0.8259158034577826
"4487_9",0.883402406032432
"11880_3",0.019027186093523652
"2650_2",0.1505399197794142
"5279_1",0.060616923931604644
"9289_1",0.01231086854410922
"11673_10",0.7820374484453806
"6890_2",0.007459712881124099
"2668_10",0.9822675079802426
"942_1",0.0001461066594273252
"264_1",0.024749649178627365
"10157_1",0.26250446876000333
"791_10",0.7853013148499766
"11434_9",0.9916084580748679
"5630_2",0.18472523933449705
"9392_1",0.009345563460331809
"12471_3",0.37038358880668903
"8593_9",0.40938820774264373
"10333_10",0.955390405604229
"9146_8",0.8273440245238907
"5404_7",0.9913276751275828
"7662_9",0.9730755923871351
"11068_1",0.04524737819530992
"4460_2",0.08333854520192033
"5002_10",0.9421120044277574
"9269_9",0.9201931263541455
"1639_10",0.9871569183715175
"9045_1",0.10633523162134415
"9944_8",0.6368249555682023
"4091_4",0.22776975232796023
"6889_4",0.27049566666479574
"71_9",0.9991137496155043
"10173_8",0.872309019989107
"2513_8",0.9264530843414721
"7507_1",0.0037959747246450776
"1235_2",0.14776428894287572
"3325_1",0.039890371232408385
"4146_7",0.022664572425094894
"7286_8",0.6074208487569535
"4096_1",0.01535862996393825
"3897_7",0.9981597402286694
"11240_10",0.9960729369868205
"4109_1",0.017830144856710133
"9566_4",0.23325202610487808
"2038_8",0.9106741933790965
"6985_7",0.9864794703923189
"6967_9",0.9713074438319664
"11020_10",0.9637652354762974
"3291_1",0.27027521311539227
"9763_3",0.14365429219238798
"1943_7",0.24299183512179437
"7599_7",0.975881454340809
"8158_8",0.9495779575220283
"4140_3",0.002006419023184852
"11840_2",0.0015600143600784833
"9675_1",0.03164107439144912
"10878_1",0.00010422570823774631
"10760_1",0.10019553481223413
"260_1",0.00020335383176277387
"8188_10",0.8510421400914335
"3260_1",0.18125889539539325
"6172_9",0.8415835910499156
"10021_3",0.11108284282021913
"7784_10",0.9983586332044764
"4066_1",0.3469786244872766
"12325_10",0.6011952685778327
"9894_8",0.8723138038486267
"1242_1",0.0020539437807642956
"2059_1",0.06502648592538636
"10686_7",0.9986069008497634
"8110_2",0.008921232653572829
"8398_7",0.9157992102005338
"6096_9",0.5110655063671944
"9422_3",0.16213331556737834
"2919_4",0.9875717538716745
"10248_1",0.02365952186669733
"7480_1",0.04677219830645596
"3248_8",0.9874526844936974
"10264_2",0.0024449552816637223
"7401_10",0.058798723997181786
"10528_1",0.01569088424894508
"7623_8",0.08776472174687486
"3968_2",0.1179658645683996
"10918_4",0.009705376529967594
"5146_7",0.9870780883329431
"12466_4",0.005509760764180573
"10395_10",0.15449590453532497
"3862_8",0.9811666935764761
"2247_1",0.15762325946847053
"2979_9",0.9966176048264442
"3271_9",0.9158952039394694
"5225_1",0.014506848331217926
"5662_1",0.1838917343074893
"12087_3",0.018842846828561077
"10765_10",0.9973623376190778
"1256_4",0.11199924874725388
"2057_1",0.006277808879431953
"2610_7",0.9559684731212863
"2065_2",0.008848279448308995
"4410_3",0.3791225720822139
"6847_10",0.9897388972327897
"1927_1",0.027926835429174474
"4201_9",0.8650785774760236
"2578_8",0.9955739539415861
"74_10",0.9905926044388639
"8324_10",0.9971845208197597
"4762_8",0.34488525798535813
"10612_3",0.012025276964593266
"11353_10",0.5525663379048725
"10709_8",0.9162418708438195
"3978_7",0.9379196319846681
"954_4",0.027568375404395815
"2493_10",0.8506478220966648
"8293_7",0.9726373424967366
"9454_1",0.7932982608312832
"8982_1",0.03224769638203886
"5201_3",0.4199791559371719
"9758_1",0.004902999217810303
"5999_8",0.7976387648389783
"11000_1",0.00016338352926233203
"647_1",0.16649420509128618
"7345_9",0.9922099769688059
"5105_3",0.1527529199378755
"9488_4",0.03254500624508013
"11810_10",0.9905409442437655
"5343_8",0.6298593088115675
"1671_7",0.9793198759916834
"6414_2",0.39195790726653007
"3749_8",0.7439520726534102
"2310_2",0.0006484500571318499
"8460_2",0.009287504458974555
"12305_1",0.00035816357279919446
"11672_1",0.000469287570056714
"11726_10",0.9961760948696927
"11659_2",0.5198505810090478
"8684_2",0.0506769325519502
"6546_10",0.9203418933696559
"1980_8",0.8666275947874977
"3113_10",0.943414353777633
"8440_1",0.005419535176131282
"7473_7",0.9871479510663423
"726_7",0.924732501907789
"11165_10",0.9647601887934646
"9830_2",0.10602920052494907
"6409_10",0.9880300734738505
"11455_3",0.1915558640817243
"993_3",0.06978272156824493
"3186_1",0.01837465009499761
"11631_4",0.02773860490365231
"3225_1",0.00310359632744239
"4442_1",0.00393440610247113
"6775_9",0.7193041837727041
"230_7",0.14620112495094553
"5971_4",0.6135109612141856
"763_10",0.9983646778512193
"9943_10",0.9946221857718742
"10098_9",0.7865553564319824
"7219_10",0.8426624507027519
"6348_8",0.6797188664472936
"5774_10",0.9967488904772985
"1842_4",0.06241113319128349
"3544_8",0.8316767771596992
"5661_10",0.7564489969004223
"8698_1",0.010333284638017307
"7576_1",0.21581530666759882
"584_3",0.21359978297196977
"9963_8",0.8607337273574561
"11653_8",0.9585733751464662
"4269_1",0.0008301781684266105
"728_1",0.01921252449753095
"7118_2",0.007179661377330626
"6305_4",0.628622421345623
"5970_4",0.1285029741167504
"4729_1",0.0026944480042277695
"7638_10",0.8610631325939375
"2709_10",0.9836407760985247
"1461_7",0.9267049023566931
"5302_10",0.7837443106540705
"3589_10",0.9992515292714672
"3897_4",0.1944124429106715
"9883_1",0.07232641559188645
"9903_4",0.025591313331447905
"9789_1",0.03366781681765512
"2971_4",0.017998994741962326
"5015_7",0.9686070584006914
"9215_1",0.2957293408685693
"8553_2",0.1435507417940206
"5671_3",0.004000823752016236
"748_7",0.6222956195623411
"8222_10",0.7552346987416708
"9336_3",0.7327891926614051
"1585_1",0.08661084513770581
"10634_8",0.8506766957614782
"4549_8",0.9962316416516825
"7014_10",0.9728150986308657
"2412_10",0.9879243815548128
"5779_10",0.42964080615308164
"11949_4",0.14446058619776397
"6879_8",0.9920775700912193
"4432_2",0.07246810859840955
"5825_10",0.9288857903633283
"10422_9",0.7376096006332417
"4575_10",0.9938757679387441
"11520_1",0.007746572726980239
"6612_1",0.35627676737195874
"4206_7",0.9878533044588641
"1611_10",0.9726663092863546
"8170_10",0.9934432462197366
"96_1",0.0005394523162824008
"715_10",0.9623014187590166
"10032_8",0.9666593411542664
"2585_1",0.017413479675786464
"7477_3",0.397102133095261
"2778_10",0.9875805564117748
"6807_1",0.9345744985158535
"6378_1",0.033185756670526784
"1752_10",0.9816769276709142
"2305_8",0.9649898409538504
"7423_3",0.011109629219863224
"496_9",0.993329436973197
"10829_1",0.000439693846664718
"7012_9",0.957651347704478
"7701_7",0.9635935947822084
"6858_8",0.9999807006896201
"2723_4",0.026808273001195215
"5720_1",0.361163312896064
"1531_9",0.8236396837544873
"3052_8",0.8744038950686993
"2728_7",0.9056589082051071
"2275_4",0.0009263181756912492
"11211_1",0.20619869160120397
"4603_3",0.35810705762433237
"2273_9",0.997755476784687
"11662_2",0.11384159547253449
"4887_3",0.007715146555567325
"8155_9",0.9672795879513117
"2373_4",0.0494474333356607
"1754_1",0.013197646905957901
"12247_9",0.9576676745091465
"10327_1",0.0009104883404686651
"8968_3",0.07096314393161664
"370_8",0.9681513069361944
"559_10",0.9747045476773959
"8273_3",0.03559569187411747
"8125_2",0.008384161451575998
"8666_9",0.9658851978091109
"4827_7",0.6732403493334801
"9737_10",0.9783368387178497
"5604_8",0.9613577015137409
"8331_10",0.8511511971886054
"886_2",0.011628165684839665
"4413_7",0.7328696750182989
"4116_7",0.9007426418736598
"3675_1",0.348816999770985
"496_3",0.2504734007377644
"8837_4",0.4992818863515785
"3099_2",0.09215943337430828
"5518_4",0.8561322369829337
"6953_9",0.9987174894643138
"1240_9",0.5497368848551067
"8614_1",0.010585345776975065
"1628_8",0.16590951786334768
"1673_3",0.037210385476928134
"10806_8",0.993170416099073
"780_9",0.9574352832919555
"6957_8",0.9863039341017027
"10903_8",0.9908565903056373
"9908_7",0.4475354578162871
"4696_9",0.9949532128965504
"3816_7",0.731249079098803
"489_9",0.9888313079965579
"2254_1",0.0463868213223889
"122_8",0.7538327196911022
"3171_8",0.8778160142129362
"54_3",0.0806780573672755
"8826_4",0.4436575312422225
"7686_1",0.002311717938118332
"10875_3",0.001284157670555771
"4858_10",0.7157664352716091
"1268_8",0.8577471823416386
"3497_10",0.2948159180724141
"6527_1",0.022263545111735884
"1345_9",0.5155472083444282
"10092_4",0.0278202853079363
"11571_9",0.995586093095204
"2899_10",0.9944699368065439
"5381_10",0.9185227285868413
"8722_1",0.026783029010680706
"10521_10",0.8338502625099214
"296_9",0.9888207831067454
"6184_1",0.026927860885766274
"6657_10",0.956029577072473
"5972_9",0.8916519380544261
"8599_7",0.12506065997321447
"6125_1",0.2964430388925555
"5834_2",0.5422054189197666
"12479_9",0.9439371084992957
"3253_2",0.008534908855949857
"4986_9",0.9386584555161929
"6439_7",0.8111348008487681
"9659_8",0.983382912870526
"3375_3",0.007404705423569385
"3155_10",0.9109730905851183
"3478_9",0.6792293642336583
"6251_1",8.716437087838438e-05
"6281_1",0.00010802049306381517
"4669_8",0.9886261339873263
"2843_2",0.0014886922165761086
"8137_8",0.9723682220960401
"9390_10",0.9580240006868238
"11401_3",0.0382188313361658
"1455_4",0.31016300392233837
"8418_9",0.9898217899627846
"7064_4",0.41802304979780375
"7467_4",0.1999329232094694
"12492_10",0.9970406780818994
"1969_4",0.18685893942873186
"5388_8",0.37734618333343567
"3287_2",0.011489401470827052
"3493_1",0.1789999381068153
"11682_8",0.9016309842664754
"7860_3",0.38565373215385773
"5507_4",0.030382809680888828
"11741_10",0.8853883833023908
"8041_8",0.9862768323460318
"3525_7",0.9386031726684139
"12256_9",0.9832726016781261
"1559_10",0.9993385185544978
"5477_9",0.985637490691605
"736_2",0.021147757731271446
"29_10",0.9739032736784081
"12257_7",0.814533138653901
"11184_3",0.1674528690639115
"5323_4",0.0020507232873470064
"11315_3",0.9946877558987255
"1400_4",0.14832977412518814
"7978_3",0.0025165185367132126
"6543_10",0.6908553817669316
"2120_10",0.9629946435338946
"3033_10",0.995282814740742
"4096_7",0.9946751004492203
"10945_1",0.03152028175946486
"10726_7",0.9867790848951532
"10568_10",0.9996476077995452
"8966_8",0.9895311881529226
"12274_4",0.025747970968070695
"10560_4",0.18282163766291928
"12352_8",0.8569476877667767
"5860_1",0.005887870371491791
"11828_1",0.0007511638779074366
"10752_7",0.8323436171017341
"6501_4",0.08803320826994414
"561_1",0.014922113307111557
"6796_1",0.05191063603572435
"2626_4",0.8852234378131649
"9089_3",0.003976025426243778
"10921_10",0.9939128482483088
"6969_10",0.9862623573806323
"1039_1",0.009344450857410511
"9561_2",0.061631341593522314
"2651_10",0.9699804229297647
"8929_7",0.3693708453329111
"6434_2",0.20713767670051153
"3954_1",9.114872816429103e-05
"12408_10",0.7944692242285493
"9230_8",0.9769095740681714
"6626_1",0.0663933993633904
"1913_2",0.21268164855928035
"9277_10",0.9913379896283913
"8177_8",0.8459059387448152
"7174_2",0.8849685646536126
"10000_7",0.9907341282546235
"849_1",0.15068896142178023
"9768_1",0.0024589638830533295
"2852_7",0.9678565542583711
"7872_10",0.99517938851556
"7331_7",0.9228815398836125
"9716_8",0.7958128721864447
"5672_1",0.22137897965852738
"11305_7",0.7928391721331883
"4750_2",0.03846415962892814
"3606_7",0.9447554831907264
"10329_1",0.0004899133277454486
"4407_8",0.903717826682659
"4298_8",0.975346274116291
"1526_3",0.14967959844056578
"1177_8",0.7645918753941452
"8366_3",0.018639634992286727
"1848_9",0.9620620206330855
"9689_1",0.0006530376333320223
"4883_7",0.5894467955219841
"10485_10",0.9958981182266595
"10851_9",0.8643070782150755
"1550_7",0.9932643308253385
"5088_7",0.9637631022333633
"7420_7",0.9392860597231388
"8306_4",0.10436549719739205
"7474_9",0.8277134845909495
"5297_10",0.9958473012592943
"9105_1",0.0054809414734364485
"4806_8",0.9100051632924143
"11659_10",0.941656179234626
"5491_4",0.8090175890469786
"4175_1",0.010434238222739402
"8726_1",0.0005279232828432878
"9049_4",0.0009432202915767105
"3266_10",0.9672062794050691
"1396_1",0.06546400819740872
"8364_4",0.9358011294414317
"3945_2",0.0007052319411784885
"196_4",0.02565022732406145
"279_1",0.0019008025835667466
"12203_2",0.0033446320692184506
"8613_8",0.9537942036247115
"3839_10",0.9989381285956688
"2780_7",0.0516416547968801
"10493_10",0.9567106102025175
"6866_9",0.9780981167946801
"4044_10",0.989393006619295
"2435_1",0.0004766056125081449
"1976_4",0.6878488394519764
"8649_3",0.1221022998730382
"7299_1",0.001582309784609389
"6018_2",0.0002843977567981573
"9729_8",0.9895661638108735
"3154_10",0.633230865779606
"950_1",0.026294195707411774
"1409_4",0.019848482706858826
"5175_10",0.9953400092755377
"9722_4",0.0631604330859743
"4077_2",0.03659085871130999
"7067_1",0.02386921280372426
"10984_10",0.9963031707482343
"7117_1",0.0089397092233856
"2121_10",0.9878557730879903
"1386_10",0.9550963791127854
"12236_10",0.7429122828359259
"11844_1",0.0029603480427090466
"8085_9",0.9463109974184125
"333_3",0.10328165890381398
"6522_3",0.13897375187915814
"249_7",0.804648313828926
"1199_1",0.00022161113773919508
"499_8",0.9392653237094123
"10033_1",0.008984330424481634
"7699_9",0.9881463498466159
"4829_7",0.4363195690259651
"665_1",0.0021348542552239182
"6743_8",0.7405933467718563
"10153_10",0.753377920150908
"4757_2",0.038343651100150325
"6942_10",0.979833252068434
"3895_7",0.8161477188588627
"11128_1",0.07042819475306769
"4404_3",0.0107005716848203
"10811_1",0.002915830172744575
"1165_7",0.8982489923034739
"10907_8",0.9523636114092818
"1859_10",0.985966356783008
"5836_10",0.813287958804008
"10158_2",0.16930613855491158
"899_3",0.0704740895024997
"8631_1",0.4844100532947329
"7153_8",0.7195137323445129
"847_2",0.034100430000965305
"4418_10",0.9919059025897261
"12320_10",0.9945170314460172
"11242_8",0.753321790195499
"7046_7",0.9365639144413622
"1819_10",0.9367924028220728
"1651_10",0.9575001779443106
"8280_10",0.9914927870122223
"2062_9",0.9990928983257599
"4781_8",0.9716577221171155
"10314_1",0.08114534819860389
"1934_1",0.0004087485154995597
"12230_7",0.6750335428332289
"6689_9",0.9948342933922731
"987_4",0.05007751363363544
"9881_2",0.06893052393547987
"4571_7",0.3583302183129397
"569_4",0.2913891574272514
"11392_3",0.4704463769669185
"10716_2",0.0070488014800374815
"7643_3",0.24608130062392702
"7429_8",0.9806005769730528
"11315_7",0.34158144652292377
"3097_9",0.5186161173952563
"10398_1",0.028668026422122662
"6299_8",0.7801504160958003
"5951_2",0.11413467064265029
"8930_8",0.8651274571030403
"1852_4",0.0023368733065923133
"2857_7",0.7057355165711482
"4544_9",0.5729319149358378
"9492_10",0.4693245030937883
"1947_8",0.9660833192162578
"9178_2",0.07203818603826023
"6290_3",0.007978433773583262
"6313_8",0.985926321818754
"6975_8",0.4488747711200066
"12258_10",0.9945768931705173
"3970_10",0.9771189731505753
"8096_7",0.863585555031649
"10872_3",0.0031891576018906365
"3660_1",0.4898592366305647
"7958_10",0.8288250067329056
"652_1",0.003392462190281042
"10331_1",0.0003479660920125756
"2368_4",0.04438052467618681
"12367_1",0.0005017194777789806
"12125_3",0.49588086684904353
"5785_8",0.6112740434203974
"5213_10",0.739141025694947
"6334_8",0.9894785984310258
"8005_4",0.18626684114529343
"8405_7",0.8511177602680481
"4629_2",0.005289349077402754
"9342_8",0.641508112275352
"11634_3",0.02276318009984171
"2878_2",0.12854956541169224
"6195_1",0.04450997346436988
"6994_8",0.9724831986910678
"12170_3",0.03589458966453785
"7384_1",0.011777479278796143
"1047_8",0.9470796384259434
"669_2",0.0013872654025935522
"2976_1",0.38221076625519185
"4718_1",0.03730643720590786
"1203_1",0.00040138354923470486
"9113_10",0.9993024024559454
"2928_1",0.47822101428214536
"10734_8",0.5180246956736723
"6469_7",0.6533014245815364
"2896_3",0.09800665402502094
"12061_8",0.9948656256086995
"240_9",0.9716033396488798
"8580_1",0.060424283699189424
"1961_1",0.8803658242734083
"6145_1",0.0007242708770266153
"11028_4",0.5651561473555476
"7664_1",0.0006962681617015979
"3022_1",0.3534544138014071
"7893_8",0.30170905168487294
"1149_8",0.9875536077789326
"8301_8",0.4606251423516561
"8210_10",0.9808067045562291
"9949_8",0.9628596708725125
"2961_4",0.009695392472416502
"9796_10",0.9713366825303842
"4397_7",0.9909795157996001
"2936_3",0.3804061868152736
"11382_10",0.9623312174011812
"11671_1",0.19623170590719438
"10864_1",0.002675763236643169
"11253_4",0.044949061695010985
"4692_3",0.5347862557773957
"11905_2",0.0335898941189864
"12066_1",0.2853198138883251
"789_8",0.8863461133198423
"7700_8",0.35132945229015883
"7697_7",0.5853695726603244
"8628_4",0.09780166102662942
"5719_2",0.01273762513301862
"4761_2",0.024329453362302057
"8777_1",0.006576186608935623
"3525_1",0.008746708859094851
"11990_4",0.3015605338958183
"432_10",0.9503463640824924
"4115_3",0.0014520323620506527
"10888_10",0.9717345773738127
"6995_2",0.860341420800017
"11910_10",0.8017157552911098
"8895_1",0.05695258158257883
"12149_10",0.9913217869829818
"11782_8",0.13702580069007217
"12139_7",0.4873853694938258
"380_2",0.5401071363228258
"5242_10",0.5273767895172149
"3542_9",0.9582888337770286
"6821_1",0.5151067575299033
"6931_1",0.15302452680114625
"5958_9",0.9024378683138203
"5332_2",0.05904981488680871
"2630_2",0.00839755664509522
"6387_7",0.45052001357284915
"7899_8",0.6885874889367922
"11017_3",0.015183084957689321
"11800_10",0.9353319933419737
"10926_10",0.9603879343447455
"9866_10",0.960604947826991
"3203_2",0.07987496485249515
"11276_4",0.3531282647408986
"8342_2",0.468084948759063
"6167_10",0.9313648518472538
"36_3",0.0021358093057975975
"3340_1",0.013551376065740016
"3997_9",0.9975323434736132
"2627_10",0.9989967165867217
"4204_1",0.009539988659461035
"1018_4",0.3710947459029195
"10951_1",0.0007069149192730562
"5315_4",0.2526236473309129
"6301_7",0.8533861263350587
"12038_10",0.9928998017360926
"3164_10",0.2558391170591669
"10989_8",0.9301470427775731
"2449_9",0.9504739021174814
"4375_1",0.003531188766084105
"7037_3",0.3537714864970491
"33_7",0.7035389587923636
"7457_10",0.9880698817421871
"2082_3",0.05292592920334552
"1316_10",0.958054454531626
"9097_3",0.3529830939972854
"5804_10",0.966447754186484
"9411_1",0.01800167156308836
"118_10",0.955847648799327
"560_3",0.1812215347495556
"8914_9",0.609745960938859
"2745_4",0.14025430756206717
"2607_1",0.0802608012235294
"4405_4",0.5783992918372071
"10451_1",0.0038547853603470997
"1887_7",0.6212100005096974
"725_2",0.12261433807325507
"5118_4",0.007046772516768811
"9536_1",0.0025632512522797244
"127_3",0.010462537394978938
"2833_8",0.961802068849419
"131_7",0.9757701778076164
"7789_10",0.9700201104137318
"6294_7",0.9276483430204099
"3872_4",0.06406889586941437
"5454_7",0.9897138306536544
"11162_1",0.006164995842838992
"1685_1",0.0005707609322305428
"8352_2",0.00962096650540442
"5003_1",0.0108930751925712
"262_9",0.8099490155341932
"8233_8",0.5281859159493749
"1814_10",0.9727819993946321
"1967_10",0.17332161361353435
"7545_10",0.8927972434386154
"12386_2",0.033786128541559136
"9531_9",0.9913207197595781
"3013_1",0.037222885746679105
"6835_10",0.9941381620404178
"1279_3",0.9917283226929369
"2411_1",0.0017750473786303461
"9537_1",5.9438617231280093e-05
"3446_10",0.9547466997374774
"656_4",0.10367682297190131
"7085_1",0.0023763360489961463
"8355_1",0.03842909417027789
"1869_3",0.3263463719861581
"2317_2",0.00579376808848461
"11228_4",0.12685049682207705
"3987_8",0.9971075329607548
"509_3",0.00027399780132612384
"5168_8",0.9756821660121365
"9267_10",0.9987751031334411
"912_10",0.9013638877970767
"10275_9",0.464744005860529
"2855_10",0.37317340359945916
"6079_4",0.3036545586958247
"2728_1",0.0002372745304062072
"9895_4",0.17493069349021584
"8230_7",0.8564147244356337
"5152_4",0.5959523890989857
"4137_8",0.9895252725217355
"919_10",0.9414914156374652
"1481_1",0.11654476633923959
"2468_1",0.0045455039888329645
"383_1",0.001876442946451741
"11552_4",0.03493425042982762
"856_7",0.7798233478516373
"9047_1",0.003712220150344621
"2300_9",0.24769207211682834
"1346_7",0.9452256817577719
"6316_4",0.1462948377174393
"7983_10",0.9153367613953735
"9685_10",0.6731224320716724
"2745_10",0.2791567511003862
"8149_1",0.29055189774312373
"9478_1",0.008430396772408739
"3126_3",0.07959234701844176
"11629_10",0.7639726803704905
"5858_8",0.9281945188431028
"200_8",0.9988715495282267
"7721_4",0.5692032549479373
"12334_8",0.8221523677929358
"9582_4",0.1417099273948528
"5696_9",0.33178790358848037
"3823_3",0.4993890922514456
"11571_4",0.7482781927504705
"1349_9",0.9325745968188376
"4306_7",0.9506154053581882
"6924_1",0.009844065393561013
"10639_10",0.05422572077731833
"5674_1",0.06997717082130227
"11321_1",0.0008862267664487624
"771_4",0.21007942996489862
"3519_1",0.007649005342422059
"2378_2",0.0028454908875978494
"5677_10",0.9949680174772237
"2807_4",0.11432100865202219
"10165_9",0.9464024435835863
"6940_1",0.023075861409740012
"11015_3",0.22736702418151988
"1055_3",0.05162444544871898
"11055_9",0.7031432197681636
"8173_1",0.33535139282094995
"10743_1",0.012334842674163947
"11927_3",0.14072337475564617
"8785_4",0.9739439359712967
"10995_1",0.007271075513799306
"11899_1",0.0002571997439361503
"10078_10",0.9438378562372792
"11831_8",0.8691163221312055
"8182_1",0.428119517161097
"9664_2",0.03856637788539478
"12229_9",0.9968029699292366
"6076_2",0.022512878552931534
"8529_2",0.06508740688922902
"4686_1",0.043088564862791945
"8174_9",0.9948998695861347
"7395_4",0.6356360302656241
"1803_10",0.9991103318878665
"2508_1",0.0017759733413500135
"452_2",7.247700066252993e-05
"8830_4",0.4092890876819
"3240_4",0.6960599763395569
"578_2",0.1550035938890075
"3093_2",0.057228244647428574
"9543_1",0.002803218336857883
"9065_4",0.05552398067389214
"534_4",0.6884843390607558
"9762_2",0.46602873084367413
"3037_1",0.06039361504293566
"4632_7",0.7940723762628413
"5064_8",0.5918468673705176
"9962_10",0.9541825990671582
"9340_10",0.9843620879554136
"5881_1",0.0036007512919846068
"4642_10",0.9909336079034599
"5293_4",0.46103192992767383
"6721_1",0.020820967400044885
"9869_7",0.812375455901099
"7070_10",0.9910180674400386
"12486_9",0.9804031396006373
"4943_9",0.9464850191756414
"7939_10",0.958712548197652
"5786_3",0.13306596888795202
"10357_7",0.07658156183197272
"7147_10",0.9641888764399031
"8627_10",0.9669866488361345
"3370_1",0.5310697281108209
"4117_10",0.987623264797028
"8178_7",0.9551399568899374
"968_8",0.9912050689007637
"5931_8",0.9490107338730049
"6459_2",0.00046312101162635866
"2480_3",0.05060747987130864
"5511_10",0.863873762273864
"7554_2",0.01758388725198481
"9276_8",0.9812424202542744
"140_2",0.0407281261709161
"2776_10",0.9739260794575704
"3690_1",0.7697531119771522
"6369_2",0.11016152666718237
"7438_10",0.9998962019711466
"872_9",0.6501172184555513
"2389_2",0.2605221765614063
"2882_3",0.2786462702006105
"10404_9",0.96947230102108
"5790_4",0.5740093186388882
"2382_7",0.9897686549405915
"7798_1",0.006941339345383585
"272_1",0.006993178229596284
"298_1",0.013755651909389047
"11414_7",0.8352896001772535
"9255_4",0.6397144622053826
"5914_4",0.021522917845321596
"2974_7",0.8489101689483726
"6739_7",0.831997857638079
"1229_7",0.9684245991901911
"2268_10",0.9274210381949471
"2352_7",0.6847598194577762
"9329_10",0.8671651654336537
"11380_10",0.9696987386641648
"215_4",0.004762075494788545
"9915_2",0.011886597395045143
"541_1",0.05730224752720076
"10975_2",0.3985043085900762
"6946_9",0.9666277035219965
"3286_7",0.7414001165347076
"7482_10",0.9729816693023073
"48_4",0.8817357447316665
"10046_4",0.4563504872404839
"6295_1",0.004298210476072552
"6417_4",0.015279615278302081
"2401_4",0.007581493661016223
"8608_1",0.7590498363221907
"3500_8",0.04876665897401071
"11903_3",0.13380698322566134
"4012_2",0.23543121306378348
"11415_4",0.8493070234396349
"5835_4",0.14844971387935024
"9039_4",0.10848317048118106
"6526_1",0.2680164687117161
"6379_8",0.9941864252926103
"6136_10",0.9925045340348791
"6094_4",0.18522958197178774
"11608_9",0.8773473472372975
"3745_3",0.49909659026644954
"10694_1",0.30666405269086516
"3222_10",0.9796191162339688
"3394_4",0.09677700253782186
"7790_10",0.7949248614563509
"2982_10",0.999353344658173
"12253_3",0.9895410446846659
"5900_1",0.1396943019722992
"3398_4",0.9153758980766855
"10038_7",0.29530115395597695
"1520_8",0.264925526793668
"11756_2",0.01175008355404783
"6228_1",0.003829942376367901
"6226_7",0.6740850727453908
"4377_10",0.8869064926828759
"9730_1",0.0203826969087627
"11088_4",0.9317547879474624
"7867_10",0.9915159198914958
"5072_1",0.48667626815923476
"7935_3",0.03472468283384621
"4536_3",0.6357744285075687
"6989_2",0.016154697491940997
"8101_8",0.9922841837563078
"3364_7",0.7239867306431779
"7862_1",0.0001934530458549831
"8562_2",0.07895998494539766
"9783_9",0.7870075899526078
"7272_1",0.11546430682598516
"1025_3",0.3810928175265087
"9432_7",0.9622951985167036
"4153_8",0.9996549037088619
"8528_1",0.0006690083598280538
"8427_4",0.8528535201296698
"5417_1",0.0014007282333632002
"6575_1",0.39971742568301577
"10041_8",0.9265652774266384
"7589_4",0.22152286846751765
"10391_9",0.667331142246589
"1400_7",0.7491566714336291
"9428_2",0.5335664163449595
"7106_3",0.002839477652584309
"5695_10",0.9284486756442802
"6430_10",0.9482921234751359
"11722_4",0.07988805420456604
"11328_1",0.0007910351115918855
"9020_3",0.029624506372784555
"183_10",0.998787218248708
"6674_10",0.9869582541383549
"5495_10",0.9387787502687824
"2237_7",0.7417488835009372
"11943_7",0.9770526427081443
"5872_10",0.9669190215192112
"5043_9",0.5246815114247948
"3869_1",0.011121590744679404
"5113_4",0.8041862974087346
"4671_3",0.0008656585697964414
"9220_4",0.9326237086495897
"7330_1",0.0003075731554000086
"5344_3",0.01059794989999546
"11965_1",0.0008146934594523532
"7620_9",0.9674542626590165
"7044_10",0.8460053667143375
"6296_10",0.9716590010894355
"8204_1",0.010521737203614445
"7661_9",0.44730920061882956
"11708_2",0.021224411873729226
"2415_7",0.5287595455809587
"7840_4",0.04058384690585195
"2628_10",0.9921791982488283
"4633_3",0.007491115084451932
"7320_2",0.007330228419508583
"11755_1",0.0036643842451030686
"2589_2",0.6567592851311463
"5044_10",0.9992931928183331
"5189_1",0.0015746101822540107
"7926_7",0.7399911862256118
"2454_10",0.984402247740663
"3368_1",0.002308009717237104
"12223_7",0.9034360758180817
"7348_1",0.0029747505225938007
"12007_8",0.881723138927564
"5501_7",0.9658866735995372
"4025_8",0.9959900166265776
"6447_10",0.8548863904311086
"5438_3",0.0019407508875802111
"7910_10",0.9249429057945845
"377_1",0.015555244871111859
"409_8",0.9979535822077565
"2150_9",0.8812414155575277
"11986_2",0.28909662365361166
"2544_2",0.18577023760983602
"5141_10",0.9988563245453073
"8305_3",0.7103599340089691
"8329_10",0.947833867816775
"2333_8",0.6347942996383321
"5171_4",0.004482628340621385
"5412_10",0.9461933382887817
"1081_10",0.8324526805005688
"10773_7",0.8781748846497741
"1969_10",0.8752899301524237
"8276_10",0.9576090970658699
"1244_1",0.3642457609609544
"7113_2",0.6773756767447155
"9535_2",0.0065393024148110435
"4627_7",0.9936888456057363
"10757_4",0.04443777836553262
"10091_10",0.6953278070077141
"5211_10",0.4470258387900228
"7510_7",0.04679946641920092
"11674_10",0.9869912454008681
"5299_8",0.9975108934340579
"3515_8",0.9162999354892523
"10143_3",0.05239739152750485
"2274_10",0.7210744193150723
"2372_3",0.356155580064895
"3116_8",0.616088575747756
"7340_3",0.026216260875418566
"1394_9",0.9937775421861037
"2047_9",0.41571554579806497
"8587_2",0.8212866840646491
"11579_10",0.7738147826097198
"942_10",0.9959886740819355
"9355_4",0.5984090943956638
"8812_10",0.9269522328819156
"4732_2",0.002989328703726104
"3180_10",0.9753182549179522
"310_9",0.5562045441660416
"3980_8",0.9690483393039196
"6923_2",0.05864239289271501
"2424_9",0.5468213882163472
"1092_4",0.008511016881912309
"9238_7",0.5608288916996002
"2382_2",9.463094820766911e-05
"3579_1",0.019733345849125308
"6801_8",0.9208361206303981
"3768_8",0.9791432884689993
"11717_10",0.9742099947949455
"10001_9",0.8716559138956768
"355_10",0.9939339473272449
"8896_1",0.26017180311690274
"9772_1",0.015881349382068085
"7624_10",0.04548273942759062
"1102_3",0.0038312386288529864
"10949_9",0.9885941406547496
"1269_10",0.8111613577733624
"11768_4",0.01854591783075625
"5555_4",0.35932188953607036
"2233_9",0.617018806439126
"6567_8",0.6479868621358644
"12130_8",0.9883533267680958
"8587_7",0.958906818828875
"10973_1",0.05003915699782899
"3863_10",0.9980538457844976
"9220_8",0.48330847566851165
"7579_10",0.9938590617418834
"4411_10",0.9485013270408841
"2093_8",0.9992429957724251
"10883_10",0.8348341402630098
"3583_3",0.18353930987164807
"1396_8",0.840239793257918
"1930_3",0.12561477039205432
"8779_1",0.505375138139462
"12478_9",0.9667020582371546
"176_9",0.8428639689062327
"11733_10",0.8051050869961397
"11368_1",0.002977868980299737
"4077_8",0.8589771486181474
"11056_7",0.9472417547183621
"5567_3",0.16242997330818462
"8549_3",0.8651772813561631
"9743_1",0.11106762636777147
"6916_9",0.9963041682185759
"6147_1",0.9846207672525574
"7820_7",0.9898175813536672
"1352_7",0.8104563892955108
"5337_10",0.9900685049006115
"12285_3",0.003695140327305592
"8992_2",0.014775811223218117
"4644_2",0.01256450023861806
"9793_10",0.3171407808181863
"2359_10",0.154187140075897
"2137_9",0.9821726451847885
"10559_3",0.028374814178622983
"2679_3",0.008321530706957429
"10010_2",0.3017354630065535
"11987_10",0.12319846093916229
"8824_10",0.9819489981046292
"11418_7",0.898123832031126
"2423_9",0.9536072523734328
"1576_7",0.4268721672038448
"7947_4",0.7900634976506363
"1714_10",0.3567443560543076
"6006_8",0.9869495165177361
"939_8",0.8467470590354631
"3755_4",0.10008431398671268
"3213_3",0.046161240397726025
"164_2",0.009078088709273204
"1123_10",0.8770560388364359
"7397_7",0.303779364005605
"822_1",9.526259730634955e-05
"5631_2",0.004575526114696918
"10464_10",0.942399561339789
"11397_10",0.9661216422196657
"10679_3",0.005931081434601579
"8205_1",9.395942012193099e-05
"6947_10",0.7310347770519413
"2000_1",0.00031823985257848416
"4075_7",0.7379611204476694
"1388_8",0.7388523185630017
"446_1",0.03924412049568309
"1063_2",0.0011721476995295824
"6030_3",0.09726940628834131
"5613_2",0.0009292551094486254
"8759_3",0.8359348618321003
"12169_1",0.024095857983993663
"5111_4",0.4477594122095726
"2891_4",0.19705139892764234
"827_1",0.03597506285717829
"6229_8",0.8272313074099765
"2212_4",0.3806020880164495
"4788_9",0.8809664857451122
"8859_1",0.002685902444541573
"9798_10",0.916176580973173
"9763_9",0.3408154052139292
"3889_7",0.9974724111435292
"3275_8",0.11455124115712487
"5106_10",0.9609760026875832
"7576_10",0.9702971821514966
"9405_3",0.058554083766645386
"7108_1",0.0515107125117542
"9794_10",0.8706541827281659
"2653_10",0.9953217953483267
"10545_10",0.6406447098601794
"12306_10",0.5433266693177817
"4696_2",0.035360272638214695
"7982_10",0.9991353181145262
"11066_3",0.6828005855974228
"10034_1",0.025474423436215133
"6035_3",0.05030427590653836
"9518_9",0.7516663494035762
"1266_8",0.9655979832295433
"11336_9",0.6149545762855588
"4159_10",0.9919654183548443
"9375_8",0.695554244638925
"5204_1",0.005061972090998354
"3360_10",0.9643530334117072
"5659_1",0.4105544444213174
"8839_4",0.36635364386582353
"4529_7",0.7855255119713009
"3283_2",0.14209501222311663
"5376_7",0.9175116629806953
"5379_8",0.9998600769029838
"5266_4",0.08724725059486246
"7463_9",0.9687827533451555
"3595_1",0.02721223516209239
"3141_10",0.3769355471924696
"9986_2",0.4912138005711923
"4279_1",0.07089875675612116
"1427_4",0.08553852249976136
"8357_10",0.9110329026047588
"715_4",0.5462406836221662
"8482_9",0.8433112975412888
"3091_10",0.9090334394987102
"5735_7",0.4068039891920324
"3100_4",0.04685274560615963
"11447_8",0.8699447834921429
"4577_1",0.0897779114376702
"10287_10",0.7790070797768591
"3384_3",0.001565079920692177
"3820_9",0.7590957123724238
"8883_3",0.04585501915327437
"11279_10",0.9656653210908088
"3093_8",0.9590742664260499
"10465_3",0.00742168996473518
"4423_10",0.9347803126024037
"601_3",0.0004958295755903842
"1902_10",0.9942647701059715
"1509_8",0.41945407098796583
"3019_9",0.9318870998510204
"11994_9",0.8902244730568224
"4246_2",0.10785762795626537
"842_10",0.9975021876702668
"4917_8",0.9021997802420958
"68_1",0.1966897476002841
"6613_2",0.02690505967529465
"7230_10",0.9147421981702084
"6183_4",0.34004403277665635
"338_10",0.9852520215217606
"6182_8",0.9922521632060965
"2409_1",0.0002697352717281697
"9965_8",0.9839416946354733
"1336_10",0.8556881902495247
"4456_2",0.0051238797486843025
"12437_8",0.9501977833896775
"8437_10",0.9789625966255661
"409_4",0.022074952919959052
"2303_10",0.8668306245696499
"2144_9",0.8864582865098471
"2302_8",0.7337045893610836
"385_9",0.41246663923496235
"3617_8",0.9818221446364657
"5450_7",0.5991520833911371
"6882_4",0.002552523259649103
"2980_4",0.6712981999992781
"9828_4",0.051762621317080974
"10745_8",0.9928050140745832
"3478_1",6.133203738264658e-05
"2167_2",0.026917190347876856
"5562_2",0.002421796278823145
"8771_7",0.34948082679585385
"8372_10",0.9819713586252038
"10749_8",0.7616753508938446
"7394_10",0.8054373408382659
"3711_7",0.9874050204176537
"5375_1",0.05553827093188999
"7881_7",0.9724871278322672
"7023_2",0.006425024745017628
"206_10",0.9875837345813221
"4760_9",0.9557539647805443
"12026_1",0.00414543137378628
"12182_10",0.7731473150598706
"1821_8",0.977000396651646
"10828_1",0.0175292657123948
"2446_10",0.9036261173066724
"5327_10",0.657806161568463
"5727_3",0.0011742669162850088
"11460_4",0.15951921564054344
"6484_10",0.9586077961706546
"3555_4",0.4302757553755686
"10641_8",0.9770950356735617
"650_3",0.04897451668346046
"1467_10",0.912803912560208
"7651_3",0.006668616711691574
"11459_4",0.14943171780108447
"9255_10",0.6610671330395745
"7888_10",0.8623194175088378
"4118_2",0.045184860203838675
"2540_9",0.6445110232327073
"2152_7",0.9383069415977986
"2614_10",0.7766169571904794
"2892_10",0.8798238591386225
"3878_1",0.0023292496044792477
"273_10",0.9632328590736589
"5565_10",0.7970868582625144
"444_10",0.9571004661752156
"11062_10",0.795652556370735
"5184_1",0.01676813739137994
"12140_3",0.030338668335661234
"3254_8",0.9588187719150438
"11537_7",0.2120732052811551
"7606_10",0.6670646866166035
"6120_2",0.03163660377924511
"7416_10",0.717275345375059
"10759_3",0.621072968633269
"12255_9",0.9977247493773751
"1114_10",0.912880154516309
"6827_8",0.8768615615204547
"10246_2",0.05622196609672509
"204_9",0.9351805694184053
"5816_10",0.8629484943330287
"2693_9",0.8825502377313116
"2578_2",0.04691045635190875
"4958_3",0.4038772173698422
"7873_10",0.32435994488491793
"8795_2",0.009425418360322253
"1431_3",0.0003329749051705453
"11635_7",0.033627158951268915
"1327_3",0.013859618470630292
"10813_7",0.7771685974682626
"9764_4",0.2943146009658792
"5861_8",0.8598698759729174
"8995_3",0.040439809218938194
"2243_1",0.01381936977397603
"11708_7",0.7900791952534508
"1998_2",0.05092905277240402
"11887_8",0.9893774173474251
"4836_10",0.7103607642507809
"1603_4",0.5556235445878748
"9860_4",0.49590747700769383
"1728_1",0.12289190257166725
"12108_1",0.18315176103289818
"9756_4",0.9436044938970795
"1325_3",0.5935525775388629
"5174_1",0.5910232686483224
"9917_2",0.12547883279011424
"6101_1",0.201038710324454
"2010_10",0.9795572211013992
"1132_8",0.8648302444178014
"8516_1",0.08279870606547211
"3563_1",0.009292270550311857
"2362_10",0.9902821244966825
"10971_1",0.3319365899195509
"8672_9",0.9661312218216215
"2863_2",0.01501186445003773
"2750_1",0.04945894909128532
"8599_4",0.01922462808794257
"12115_7",0.6741287814001818
"4921_2",0.0006569993567664077
"2975_2",0.001129451995341684
"4245_8",0.9990280849754597
"10778_10",0.9834605830635533
"7816_7",0.7217313941591897
"9131_1",0.5488494252106457
"5541_3",0.005114923608485688
"7956_1",0.41990386766336146
"780_3",0.1314731727531354
"1052_10",0.989568135717708
"6842_8",0.9804478169240968
"8279_10",0.9996242571329903
"9653_3",0.03483718700069735
"3025_1",0.02168928101704908
"1174_1",0.020098091288051807
"1039_10",0.852934002747848
"4609_10",0.9909285068910388
"2150_1",0.3090585123401241
"6289_7",0.5599802873455515
"2963_2",0.00015130378748051473
"8801_1",0.015570600923758896
"5196_7",0.9964403336200108
"5723_2",0.04188616773406438
"10530_10",0.9889672348918852
"9473_1",0.006505083192552197
"3355_3",0.0002523552787872408
"5388_3",0.4286662875838043
"12102_2",0.0007350673097972631
"11038_10",0.9168902698601554
"9672_1",0.005133118529729438
"6875_8",0.973074949265978
"4754_8",0.532399304107969
"6814_3",0.8329203560188542
"8937_3",0.36596183063863286
"7077_4",0.835373856532885
"1782_1",0.002500446798698439
"631_4",0.20985175453617597
"7876_1",0.00216055191627405
"74_4",0.03630011298828861
"2846_9",0.1738835388878228
"4190_1",0.0038458174517129722
"7843_4",0.21689997200907712
"7528_7",0.15920300111335908
"2396_8",0.9948987606291998
"790_1",7.456950373350606e-05
"2020_7",0.9682660689689143
"2526_1",0.008893944886656185
"8104_8",0.9677690612111972
"12372_2",0.020317758293940884
"417_1",0.009279343631186644
"1318_2",0.0012921193316240075
"4530_1",0.03623600024868584
"2370_4",0.8789402536686574
"1886_10",0.9794542482409565
"9386_1",0.06742924513184165
"7863_1",0.0010939535363667695
"3864_10",0.991166262763274
"6559_2",0.0032440786079090136
"7855_7",0.9045669923609755
"1672_1",0.05028178728778815
"8453_2",0.6381123280787778
"8373_3",0.24743214225057786
"9770_10",0.9640892901511681
"12009_1",0.057772258771356944
"2770_3",0.046571679816536614
"4618_7",0.9804241675695066
"9797_10",0.9852088706152442
"6605_1",0.2335488927508742
"10176_1",0.019397895804646518
"8949_10",0.9884406932197354
"5401_7",0.27783069538818544
"3295_7",0.9932531790102451
"4791_1",0.03349691511355374
"4016_1",0.009277993997600648
"4314_10",0.5840130062590096
"2903_1",0.06205588942444124
"3835_9",0.7535727666753965
"7532_1",0.060583472294531746
"729_10",0.8483304690405812
"5753_1",0.21347092764826037
"11976_2",0.0015112793940378637
"3027_1",0.3192749520009876
"9721_9",0.9620779791401668
"11295_3",0.09014848233230761
"3241_1",0.1036655039457953
"5389_9",0.9662095712185447
"9889_1",0.036624543391644046
"3522_4",0.000973146104927901
"10865_8",0.99565777508368
"1015_8",0.8268461042218364
"5048_10",0.8592975695165462
"2671_2",0.014139245619062603
"2841_4",0.04125910936027732
"4928_1",0.0014374541506747363
"10499_1",0.0036398626842131855
"9409_10",0.9580510800140782
"974_10",0.5960019569282687
"11582_7",0.9566927983389228
"9988_10",0.9970621237634961
"3463_8",0.949303356113316
"5194_1",0.7313559796388822
"3377_4",0.18685893942873186
"4352_1",0.542287476250815
"10862_1",0.006562247607726217
"1545_7",0.6661236416798189
"9801_10",0.9911309445920565
"1905_2",0.005325753189701492
"12276_9",0.9445628361220211
"7544_1",0.0013802510718344697
"10056_1",0.561498368752918
"3623_1",0.13085285996639526
"4013_7",0.6438942131083844
"1294_4",0.3624151186640376
"10285_9",0.9778173510695439
"7793_10",0.9973171001160069
"3809_9",0.9931147915528218
"4586_3",0.017413361378491928
"7511_1",0.08463478470153332
"10873_4",0.020159761591793696
"4888_8",0.9859158642342485
"4349_10",0.41524058345357834
"1531_3",0.13899628187241808
"8884_3",0.0019175367177877007
"7336_3",0.2574631381322698
"9688_10",0.9954388492802646
"7208_1",0.017329376784292166
"4355_8",0.9788415858333218
"6098_2",0.0013700381957802879
"9106_10",0.8579890985186461
"6422_1",0.007247450954390968
"2054_9",0.6345530223614368
"550_8",0.9204984527095743
"402_8",0.8819197468881091
"11832_10",0.999945430735743
"10256_10",0.9792359927390505
"6131_1",0.0003118772231474521
"11907_4",0.19381335678743478
"4459_4",0.5547766413935451
"8555_7",0.9587950961042833
"5079_2",5.4718048470504174e-05
"10304_2",0.06559091176666572
"10489_1",0.000610690516579934
"566_3",0.652825382644597
"1999_1",0.0023509741581819355
"590_1",0.09039865151083297
"11159_1",0.018687404604306294
"10612_9",0.8945051688615708
"10810_2",0.2881682619376087
"11658_4",0.07466125524247443
"1950_9",0.9786449813612457
"8977_4",0.46593724537678494
"9040_1",0.012867660088440121
"2891_10",0.25074808164689033
"2966_10",0.8955107379968699
"8665_4",0.2719280378231578
"6600_1",0.004164387815467704
"9308_1",0.4099204333855273
"7870_10",0.9643930329238952
"10511_1",0.05581975561735998
"7235_8",0.41090176692887076
"132_9",0.9668880178346454
"1575_8",0.9407858615273503
"3328_8",0.9729693524817169
"3273_1",0.020352670749411363
"9475_4",0.07029298249351688
"10938_7",0.15048594727396009
"8143_7",0.8051803652896069
"9003_10",0.9778642119847598
"9854_10",0.9951487881426335
"9932_2",0.011559095353964958
"1017_7",0.29261927904681984
"4386_9",0.9902531354825906
"1105_3",0.022567207790502627
"7315_7",0.7978614037598712
"37_9",0.9941146328948562
"8409_10",0.8732439366837071
"12118_1",0.15059830375652308
"1665_8",0.9807514960910669
"10284_1",0.004776237922936683
"8922_3",0.045004743584513375
"2524_2",0.12937770576491492
"11205_2",0.004349382944181608
"4676_8",0.99605592916413
"10479_4",0.052606170310716044
"9849_8",0.8013027708495796
"4841_3",0.950335933930934
"9153_9",0.6814344895051222
"9279_8",0.9838609566635347
"11008_10",0.9236686015192803
"614_10",0.9984208259968096
"167_2",0.07737071775506485
"2041_1",0.0008641270182764351
"6509_8",0.9268379144275858
"9832_7",0.5270823086929148
"5939_7",0.50281120412682
"3267_3",0.02203727302583621
"3555_9",0.6682758087563357
"1668_7",0.9373153087778845
"11048_1",0.004606336315899595
"1856_3",0.006560968645212041
"4426_10",0.9745441409463937
"8457_3",0.8207703856256661
"6603_10",0.8867907164799435
"4738_1",0.00435431626527579
"11762_8",0.9121203504350828
"2078_10",0.9949390859632296
"6754_1",0.016052290750267838
"11721_2",0.07304176058649137
"11558_3",0.5369437433856102
"973_10",0.5907099162023053
"814_4",0.001354277539486212
"2102_3",0.0004667161341096938
"11394_4",0.8454184917027913
"312_4",0.05772185074600352
"2994_1",0.023611174093738373
"5649_7",0.9439940816170801
"7281_8",0.7127656114705254
"2756_4",0.0009029180454567418
"2137_1",0.009841198521573518
"8696_2",0.07574217109252182
"1158_3",0.16483453621414149
"4531_1",0.16396990631526198
"10047_10",0.9989236951731647
"683_7",0.5797230968398414
"8645_10",0.9488797349080889
"889_3",0.13472268476693441
"4202_2",0.00042069324588287133
"3859_10",0.9416020752178252
"5038_8",0.9997713363336321
"6906_9",0.9639353283955184
"4154_8",0.977206674777067
"9548_1",0.007112895589817393
"4434_9",0.9836553572767128
"9235_9",0.8590936533944656
"2368_8",0.8349762684410645
"8391_2",0.0013640457609491144
"1391_7",0.8099216177944202
"4317_1",0.026011914429808977
"8345_4",0.12225425281055877
"8610_1",0.0065781805187215955
"2888_10",0.9685573572479969
"5597_3",0.038714457523406846
"4900_7",0.7523297911388762
"3016_2",0.377074203944312
"1057_2",0.887754040729395
"5143_8",0.9674763567429818
"6932_2",0.32973964842061637
"7879_10",0.9868905020594928
"9300_3",0.05498786701366839
"12142_2",0.03634555826758345
"3426_3",0.11704334103947615
"7977_7",0.6203133993488816
"1573_3",0.5934217853679974
"336_10",0.9963972734791393
"4248_10",0.9199420608952805
"9693_7",0.20743560252904983
"7753_4",0.03639611847973368
"2290_10",0.9871616053530968
"9156_8",0.8698427905615386
"5526_4",0.021980778230647008
"3896_8",0.754994942960293
"8520_7",0.9893513286464787
"3566_4",0.39774994532936864
"6386_7",0.9513477902344146
"4201_1",0.9932811737563233
"372_9",0.9895789063444856
"6768_8",0.9127154412398477
"9177_8",0.9400201876055505
"1079_1",0.06959991192940428
"934_10",0.9909039913092855
"11918_2",0.04401651413891783
"4867_4",0.1639557243720109
"12449_8",0.97173664639198
"7907_10",0.9931331925725163
"4508_3",0.21542117921266915
"1075_2",0.2862328177499663
"11466_8",0.9102613605959836
"10935_2",0.043479198333917043
"4826_9",0.8299549029866182
"4814_7",0.963392987048322
"8676_4",0.5682858176883213
"1058_1",0.0012141865165220878
"7831_2",0.0033487035805395567
"1150_9",0.9970134846876499
"5395_1",0.005009773837221725
"5435_7",0.8174166847016676
"1745_1",0.0052198366277274
"11278_4",0.29252458630315437
"8629_1",0.08352842439883598
"3145_9",0.935749876381744
"8108_10",0.8189240365862985
"6377_1",0.19352925014443265
"10298_1",0.015043629040350049
"12265_1",0.017513592959412953
"11930_8",0.31947890998234313
"2511_10",0.9870672019972592
"7955_1",0.03300564540334998
"2335_9",0.8942453826594003
"3194_10",0.7453351555852958
"6724_10",0.6126784215968786
"9406_1",0.1972468477886981
"11369_1",0.01272858314580094
"1972_4",0.00029140783529835336
"6900_8",0.7432606566087836
"7813_7",0.6860989890440239
"785_7",0.8793411518494085
"6368_3",0.016260167132848814
"2163_1",0.0056291465716191424
"11487_8",0.9966158236158321
"4292_7",0.7840079049747722
"7451_4",0.00632007000959078
"11465_2",0.0029458186704213883
"7641_8",0.9148406549249124
"8250_8",0.6635552649543411
"4490_1",0.02152447704159651
"10452_1",0.08689950527442442
"7442_3",0.031073882796901323
"3027_9",0.9945087812781976
"235_7",0.9902724963407775
"3750_7",0.7606391244777733
"8700_1",0.005846232492129209
"3584_10",0.8210747248967406
"7217_7",0.8741576912980044
"7769_10",0.9933452290375749
"10149_9",0.9721215538161165
"7607_2",0.08320427182340208
"7749_1",0.0012244285251220579
"12067_1",0.007030739536554313
"388_10",0.9975584305225983
"6596_1",0.02140097946832458
"10242_2",0.01237784307936953
"3853_1",0.0012043306308750978
"5726_4",0.07052012593131642
"9031_9",0.5273522513380118
"1543_7",0.8476938473573069
"1442_8",0.9993193189325307
"6336_10",0.9218783824807476
"5929_4",0.43847888793233586
"3378_3",0.7181831728298462
"183_4",0.1924260856187677
"3518_9",0.9950006032615129
"5870_8",0.9143811102720603
"5053_4",0.017268302982532648
"7330_7",0.6797742556962856
"9553_9",0.6253601648370612
"9552_10",0.97744421498955
"8515_10",0.503094937170597
"1666_9",0.9363366068777318
"6661_3",0.11415196405853205
"8721_1",0.01921363659060345
"1368_1",0.029931406577131784
"5076_9",0.7068393000916667
"12353_2",0.10534911912064301
"1099_7",0.9886965064653097
"8669_9",0.4074917177901942
"2564_8",0.9979871429704341
"4369_10",0.9918164109715998
"11951_4",0.29370180639598026
"11384_3",0.905108342649799
"7459_3",0.036401641058664
"6776_9",0.8730021883154132
"6673_3",0.0019018440960208325
"2500_8",0.9382332790537777
"8739_3",0.006911892614097836
"3828_1",0.0009077303951034478
"7945_2",0.9705716015432446
"7934_10",0.9680634840612449
"4571_1",0.010176676919492766
"11689_7",0.8644015556061816
"3681_10",0.9788349480596004
"5110_4",0.04802856278064544
"5953_8",0.7361441475718578
"10906_4",0.00767069543675029
"3424_8",0.9873504709911469
"6492_7",0.9632041911140607
"10450_1",0.14940051122793482
"4856_8",0.04081560671534307
"12019_1",0.10370653765386606
"1390_8",0.958850059832003
"6452_4",0.4646854089834129
"4916_4",0.16607910501955145
"3979_3",0.0007311067467147732
"6023_3",0.23455923107445928
"5762_1",0.0077890568441630935
"4176_9",0.9942588030761375
"7194_2",0.02228763479617075
"3143_7",0.13693730078970934
"954_8",0.9827584635538867
"5291_1",0.0154669777690937
"2258_1",0.6170114286170013
"5412_1",0.00017273615020864874
"4088_3",0.014300493080403822
"4312_1",0.023624386290694292
"517_1",7.597455430752835e-05
"5601_1",0.012261190351546408
"288_1",0.7032130043514476
"234_3",0.4875738743063361
"6665_8",0.896291270579517
"6957_3",0.01554068900324405
"4454_2",0.036626281289567277
"3270_8",0.993866894811147
"4500_3",0.024128384733358977
"7551_1",0.015127347419480495
"9033_4",0.02520354944929062
"2619_10",0.6281067970389227
"10093_10",0.9673814244673297
"5483_2",0.06261505427772744
"8383_1",0.0029478586878970057
"11683_1",0.05117871218803542
"10649_1",0.053667889746379954
"181_3",0.5139946073135113
"3668_2",0.010513319730881135
"3769_1",0.12900960429018338
"11519_3",0.4000466140896745
"5716_10",0.5174579198366794
"10918_8",0.9884081518635326
"3103_1",0.0014111596462162016
"7210_10",0.9839384197340428
"2515_8",0.6843019977545939
"8424_9",0.7588895066591655
"1404_10",0.998669789930127
"3158_10",0.9771926991333918
"4996_2",0.0013732595882121285
"5493_3",0.10146255426222629
"8540_9",0.9643833915915812
"8960_8",0.9960052720438805
"11274_3",0.0016624922497593254
"11067_10",0.9863050500311351
"3335_2",0.7473560545219796
"6578_4",0.004021630505740668
"916_10",0.975425362939708
"3844_1",0.0619687321523152
"7108_8",0.1359946293143979
"565_2",0.5888501642942525
"11622_3",0.09104972086677987
"10700_1",0.00010425866885822461
"10483_1",0.13582736765010817
"8951_9",0.2551165068416773
"6326_8",0.9553916924327035
"3035_8",0.895627937541893
"2292_10",0.9847828606866872
"11013_4",0.05179795537981834
"10618_1",0.020703039711733425
"11544_1",0.018719923340433375
"7550_10",0.3682178451147298
"289_8",0.9877550585775406
"6571_10",0.9814924538312239
"6056_10",0.8791496059443131
"10814_1",6.650572606598477e-05
"9377_1",0.0006301585602126404
"1577_8",0.2958311948496288
"9268_9",0.9971247415010497
"10116_10",0.9957073189378143
"7411_10",0.9993149179549822
"12279_4",0.882183050262063
"3575_1",0.20803874058738656
"8105_8",0.9949356938789267
"6092_10",0.9991300630063692
"12406_1",0.014164552671270167
"1117_2",0.000205398625407797
"12358_7",0.9517516793971535
"4469_9",0.8498343973614444
"7055_2",0.09634980585097166
"10412_8",0.9759289640547008
"12155_10",0.15606512201640185
"11222_3",0.0007425621478515923
"9622_9",0.8113639745803025
"8992_8",0.9432468993585178
"5305_3",0.010423155292087701
"8111_10",0.993732156753093
"3436_1",0.0036729395105507497
"2748_8",0.9792119780025945
"6527_10",0.9617747644777603
"672_8",0.9879391545834727
"8172_4",0.15465445707787945
"5513_10",0.9711195701892135
"741_7",0.40362646322923695
"8886_7",0.7573671879319789
"6939_1",0.0032134026064172387
"12235_1",0.014448427480582808
"10607_1",0.006420396183869586
"4708_10",0.12763140489809754
"9034_10",0.9986384684751659
"6600_10",0.9876993526983832
"2934_1",0.026761944329569638
"12168_10",0.6246722663186963
"9362_9",0.699437136422304
"9627_8",0.9727391977064298
"9547_8",0.30434231442923704
"4108_2",0.0007807923938757603
"10293_9",0.9869727420246569
"10105_8",0.8950922455578421
"11864_7",0.9921882326937166
"2843_7",0.30197252320476087
"836_9",0.7705445528258826
"6201_1",0.0034561817484606476
"8192_4",0.9781323017158332
"2596_1",0.004131167205771037
"6847_3",0.6240367493925926
"8794_1",0.012899080937495996
"7281_4",0.036720138572220326
"9678_2",0.13967259192730633
"10950_3",0.05697747173886448
"5845_4",0.033322361019443004
"6187_10",0.9661716545809477
"4684_9",0.9248506891502651
"10852_1",0.4195776268044488
"11542_3",0.06889715642761308
"5385_1",0.016039334687706
"9597_3",0.6508937913514544
"8975_3",0.23866480141032254
"10766_3",0.36815773313350164
"4236_8",0.8621320341958671
"118_1",6.493307573695863e-06
"7278_7",0.9928937798191554
"11069_7",0.9095323385066262
"1002_3",0.0858632339936742
"4210_7",0.9957849924883772
"8514_10",0.9567314956544364
"9676_1",0.16456458957304543
"11826_10",0.9557464072918209
"8216_8",0.9363720799120014
"575_4",0.048791772309896446
"3867_8",0.9492399219987192
"321_10",0.8082834385035478
"1654_1",0.12347473658982179
"973_4",0.14954160297142394
"8796_3",0.0032723052655998456
"145_1",0.00012850128707372576
"2649_2",0.0015507910671354343
"2432_2",0.022167120816693718
"5713_10",0.9986975265903592
"6851_1",0.9850921601239955
"3523_7",0.947385780894867
"9862_9",0.9789549716813426
"8888_9",0.22276140703516176
"12343_1",0.0002200262619602576
"2298_9",0.9975587363357642
"7129_1",0.004526756327951363
"12163_7",0.490638767127045
"1090_1",0.004415161030174523
"8249_7",0.9381551086307508
"3716_7",0.9976846146168112
"8095_4",0.4238682007408191
"9739_8",0.9191759828263933
"7041_1",0.22473466508023837
"7673_10",0.9842729622662684
"210_4",0.0470797546532354
"283_8",0.6030706812972386
"12361_9",0.9979047359960971
"9254_10",0.9496800349770551
"5598_1",0.0009592672826212536
"128_10",0.9911318707304841
"11557_7",0.7224541663989055
"10232_10",0.9992464720149463
"10747_7",0.9848401369100264
"9984_9",0.9971928478796683
"9618_1",0.032032037620342096
"7976_10",0.6826527418465741
"5788_10",0.9146390950556311
"7378_4",0.8539501419045494
"2047_3",0.5493944402891289
"10053_10",0.9764043698771993
"8399_4",0.3726035895384308
"7925_10",0.823276906002029
"6830_9",0.048425670864199764
"2530_9",0.8877084240093599
"9521_1",0.6020576460497561
"784_10",0.9750186239978252
"10417_7",0.7334891219096906
"2198_9",0.9782796610134564
"8219_8",0.8880657570790547
"6896_4",0.2109790638542438
"5341_7",0.999674783275933
"2386_9",0.9731781664794635
"2323_8",0.8980021680876952
"9028_2",0.005620686417270994
"6983_7",0.39027633813889523
"9885_7",0.9718747492735396
"11720_1",0.007876329247207835
"8409_3",0.32986312184222405
"5797_7",0.9891427421221899
"7729_9",0.9903950225235008
"10591_10",0.9914873722455041
"9593_9",0.973924455295978
"6364_4",0.0018247089703285239
"7215_3",0.08749907211884118
"3653_2",0.02189382716690878
"4533_8",0.49214383759733055
"10899_8",0.9679411572542458
"8312_10",0.9838469843019014
"9543_10",0.8400644426956937
"5608_8",0.43388133633367587
"1432_10",0.7939258291316221
"5562_9",0.8635760028747899
"12171_9",0.8098906530173215
"4428_10",0.9993455023916838
"2062_2",0.302845890917428
"8468_8",0.6368703187294386
"827_8",0.8143567631122945
"11539_3",0.20119735327527838
"4215_3",0.0029715007649114156
"11310_3",0.02322104540659525
"4525_1",0.00016314828555459647
"2093_1",0.00855405140067207
"11238_4",0.9264914651823265
"5523_8",0.8663776098637076
"9848_9",0.999203954069802
"10000_4",0.400607133911263
"10304_7",0.9712384650290071
"511_3",0.04441171306631641
"1807_7",0.9735285640533311
"9080_7",0.7982443810026993
"1808_9",0.8156737020025753
"6283_8",0.8315418927224538
"5913_1",0.003312740047032636
"685_1",0.0362536222063232
"9505_8",0.9328121384183606
"7152_1",0.0397146198264561
"11292_1",0.0012671089257450716
"8334_10",0.9756414446764242
"11476_1",0.007599244404410122
"3431_10",0.9445460628856669
"4019_1",0.1320879303923777
"7292_3",0.18217691069943068
"1990_7",0.7346450436041451
"1574_1",0.03429379164010339
"5516_8",0.6428269642011483
"4687_10",0.9974929403845112
"11493_2",0.027001337623404047
"771_9",0.7838694801994848
"8864_1",0.011571999808262816
"3001_7",0.8219894470050211
"423_2",0.0850978075114281
"5062_7",0.19246722663012003
"5198_1",0.008297224624532676
"7303_1",0.08266646239069642
"7433_2",0.11116896502348689
"3085_7",0.9164781519490801
"3293_9",0.9685647939189739
"12426_7",0.8529427454047497
"5775_3",0.10679183116861739
"7358_1",0.004415988741723718
"3851_2",0.08193314478707207
"4785_10",0.8516750109843112
"9650_4",0.008222401396763338
"553_9",0.6714546459435808
"401_10",0.6069152802756421
"11522_8",0.9986176782779912
"5222_7",0.9792232009072181
"5042_7",0.8818836899460656
"2638_7",0.07817091560690265
"11883_10",0.919690736380523
"11476_10",0.966519756012183
"4999_10",0.7825283382544161
"10360_1",0.18681139859931825
"3443_9",0.9988456302450182
"1138_1",0.8084396488544118
"1898_10",0.5094885076912189
"6069_3",0.0014938375850374916
"12101_2",0.0004049419479272556
"1953_10",0.7073636172529515
"8679_10",0.9997305594417127
"10348_10",0.7436052452211731
"2208_3",0.1896859314318046
"3886_8",0.9939562500355625
"3734_2",0.59376355916879
"1330_10",0.827024970875768
"4639_3",0.06056418931695155
"6837_7",0.6230918174637382
"6520_8",0.9800972821132872
"653_10",0.9032527144579127
"5373_1",0.34005041046772766
"8074_10",0.9512590650752385
"3906_8",0.772357119067083
"9264_1",0.004296643749940254
"2160_2",0.20488414673416303
"624_3",0.71137295121954
"3899_1",0.14314058722040268
"2181_7",0.04359407854976121
"7932_4",0.42138395310820254
"8278_1",0.05238539119231304
"7162_9",0.9509955270992192
"185_4",0.0843492578701341
"1997_8",0.8423702949562235
"7295_9",0.7520674754056061
"1083_3",0.4174860032918091
"4678_2",0.03384400341965216
"4859_10",0.32614721190573287
"9091_8",0.9981546651796357
"397_3",0.016368868952442175
"11157_9",0.8482261224745071
"11261_10",0.7123340929028253
"10828_9",0.9892439923166814
"2452_7",0.8390065682287893
"10268_7",0.990117621219182
"10306_1",0.0018025396877876026
"18_8",0.9349721554350957
"7998_10",0.9965140485735988
"8574_10",0.9978585105697493
"2953_10",0.9811844307264259
"8996_9",0.9084021644239804
"7389_9",0.9799236777271185
"202_4",0.023142711871944294
"5612_4",0.21120520239874874
"9916_8",0.6489417485913077
"7606_1",0.006805125253732032
"1585_8",0.8328606234553512
"11803_2",0.5367427991711805
"236_10",0.9927664374849163
"7827_4",0.16713508543635566
"5423_2",0.22705631427381992
"3625_1",0.07909528603707587
"9887_9",0.9958759359094529
"3429_8",0.6970199999669353
"372_2",0.06831527601359645
"1228_4",0.05735401397970295
"7891_10",0.7594564983515832
"4387_1",0.00044850982912578434
"6067_1",0.013362476178028297
"7822_1",0.003626200987338171
"10898_2",0.0008541497896558485
"512_2",0.14352907036266713
"647_9",0.4460213701725357
"5361_4",0.23240872205611524
"8583_4",0.0019510362389122398
"2858_2",0.16350349593682878
"4920_10",0.9805622239674083
"6857_2",0.0041591459954218
"925_2",0.0021784023360938366
"2959_3",0.8200890291897565
"11481_10",0.1235345005156977
"10824_1",0.24470316663799663
"1577_4",0.5151339197863241
"2231_7",0.4545389796456793
"11545_3",0.2732758034906783
"1539_2",0.01633109047943299
"9657_4",0.05112098222423085
"10362_7",0.9616900866507425
"11131_2",0.02671419263262984
"9833_7",0.9803189897576181
"8495_10",0.9828854830273117
"11781_2",0.19175343396295516
"1056_8",0.9283650999804611
"9402_1",0.012590730732127707
"6212_1",0.013034183885617428
"3151_1",0.004949513337521568
"5921_3",0.008309955451449422
"2198_4",0.023647734726230343
"269_2",0.439509569792631
"11464_8",0.9909510008937511
"30_4",0.6483421054123181
"5300_1",0.0080015977098648
"2277_3",0.001543981374969098
"10410_10",0.6815346200112795
"5233_1",0.07514590534230814
"4336_10",0.3415942652803797
"3084_10",0.8387697405419902
"2908_8",0.9827584824312218
"2814_4",0.19861544007771215
"8347_10",0.999193093310977
"2319_1",0.01475362382919564
"16_1",0.0060982639671021514
"821_10",0.6494291557562187
"2793_10",0.8709430120139424
"9909_9",0.8778723566176971
"6934_3",0.8799489277810564
"9138_1",0.011699720777811014
"702_1",0.05007531833564706
"3886_3",0.1882969300329309
"8311_8",0.9575405440823107
"9199_1",0.7832150538523345
"1254_10",0.987968767970756
"6590_7",0.7668584229629306
"3040_8",0.9407257798245791
"849_7",0.8969006383047409
"7555_10",0.9994658745699745
"9668_3",0.3076355085922811
"10942_7",0.15276361893525334
"11343_2",0.47784495653125264
"7906_10",0.890158677303056
"11671_10",0.9644060974543779
"126_4",0.268320382166633
"9623_8",0.9988537692345913
"2872_3",0.0018585948199513543
"11895_10",0.980265465081419
"3245_1",0.0013214065515020294
"6145_8",0.9974713985528377
"1022_10",0.9467133672294271
"6261_1",0.053383342669065484
"6888_3",0.546514239096115
"12443_1",0.004407560985059272
"7433_10",0.9704845933153439
"6512_7",0.23462822291785562
"4161_9",0.7580833716972485
"6745_7",0.9744063395515574
"1993_10",0.652839422088519
"6325_3",0.08993325866983279
"12484_9",0.9450034362853645
"2204_10",0.9995970655031744
"8065_7",0.7003013289291962
"1705_7",0.9242829334375424
"9370_1",0.02523465101244778
"6150_1",0.10994052179840644
"3587_10",0.9813983773676528
"1906_1",0.01681517005209381
"5706_4",0.20360762250245
"3854_9",0.8518930492124996
"9655_3",0.05780544067058058
"6736_2",0.01405949859870793
"2096_9",0.9548020805147029
"2846_2",0.27857386318180577
"11849_1",0.020888229768518743
"5224_1",0.02284840433981728
"2987_8",0.8685643768448211
"11058_8",0.7445790278172595
"2917_3",0.0885110238445102
"459_9",0.35558481549028476
"9418_7",0.7937322945771241
"5803_2",0.016289301072093934
"6742_10",0.9144894095285233
"2268_4",0.029117619397599243
"6832_7",0.3357505010239442
"4834_7",0.9513390330358648
"9532_1",0.8615068073712486
"8197_8",0.7288996739003252
"7728_1",0.004254932101392763
"1958_2",0.0026451828482595835
"5380_8",0.6539462125315672
"4896_2",0.04305703777662787
"9529_2",0.03888780708663824
"3322_7",0.427764605459481
"7629_4",0.5434288892513127
"9962_4",0.21887392749405102
"9277_4",0.030882456416614187
"1071_2",0.08381425947366561
"8266_2",0.024542799893388523
"6812_8",0.9565898815621133
"3196_7",0.670670431332368
"3430_2",0.002883602280191157
"6052_10",0.964455710448889
"221_3",0.007534052418285165
"3244_1",0.6693539144957635
"4846_1",0.037441580378202444
"2876_7",0.6349866531896324
"4247_4",0.0060511328541979475
"11608_1",0.17132291708912206
"564_4",0.766860723179029
"1978_2",0.055703772019459606
"4089_10",0.7619827515410301
"1633_8",0.9492316070290006
"8983_4",0.38276244870705833
"10909_7",0.9824465214009531
"8135_8",0.27939383423551156
"12238_1",0.006114922780855352
"9564_3",0.03399522875812101
"10174_9",0.5525107834792723
"1690_9",0.8019743070150975
"4756_8",0.9267637211322427
"10718_10",0.9820828165802159
"3489_7",0.7770993016564356
"2124_1",0.0006068357464609737
"3842_3",0.001614204715536413
"2700_4",0.3005253348174296
"5960_8",0.9980639376334003
"6193_1",0.6986846087022852
"6719_7",0.6036571293989438
"7922_8",0.705886659640403
"12132_8",0.5495459516586377
"10169_8",0.9978815868475049
"1486_4",0.34362788577841696
"8455_1",0.00077100597801535
"10019_1",0.0009671036692599141
"7028_10",0.973753325822709
"787_9",0.9982662524854619
"2414_4",0.04298698501634411
"7182_7",0.197748875914629
"5548_9",0.935939203242512
"3963_7",0.31041827699335667
"1584_7",0.8136253495071017
"6825_3",0.2971143314430418
"6588_3",0.3038689104898099
"10573_3",0.13319097570479402
"6693_10",0.9992420604788367
"5541_7",0.6596032227393728
"12053_9",0.9987673935535067
"3662_9",0.9947738703850195
"6829_10",0.9732420182075883
"285_10",0.9570789219673113
"1270_4",0.7636587636998476
"4320_10",0.13601716016723808
"1333_3",0.022734912148382223
"6618_1",0.8815628176972681
"10119_1",0.4353763852471284
"2886_1",0.008222622587202221
"8811_7",0.9341779476668073
"11087_9",0.9949405816570622
"3436_8",0.7614003718439833
"10479_10",0.9677282985640704
"8365_9",0.857403513097283
"12140_8",0.9933857762413894
"6981_7",0.8855231295154262
"10447_2",0.008778144783060306
"10352_1",0.08328261702335849
"943_8",0.6021085054436228
"513_1",0.03140680844664441
"11192_1",0.10070461385593373
"587_3",0.2831525989132221
"3420_10",0.9884267324741515
"10030_7",0.7888436069168467
"3026_10",0.7594345843888141
"3145_1",0.27788980662934276
"2230_9",0.7768581422034172
"5193_1",0.003035783293621611
"11337_8",0.9398753830991399
"3601_9",0.9993803019623894
"3628_10",0.8484037841646702
"4952_10",0.9262008442201269
"1775_10",0.5703853108828822
"8141_4",0.031009047327215922
"572_3",0.16406490931529025
"6732_3",0.019974388772796548
"4274_4",0.08937833786599314
"5892_3",0.4772085515941959
"7035_10",0.999179048467893
"5354_4",0.022726624924350732
"4264_4",0.016069947258519443
"8151_9",0.9932954096340998
"376_2",0.00965307686356684
"5352_1",0.01255444725130334
"1365_8",0.3125432737098018
"8272_10",0.9973398257199926
"6942_4",0.08296177713760261
"9067_4",0.20967972761111942
"11428_1",0.08763916103685591
"7308_3",0.4676949317947529
"8349_10",0.8787909072703992
"11336_4",0.43231151769672355
"551_9",0.8978351055916629
"4721_10",0.9984389230514036
"4862_1",0.12287800765256515
"5469_4",0.2710406041155792
"3834_10",0.9989897595230458
"4717_10",0.9988333665175924
"4202_9",0.8535528618383372
"5335_4",0.8813841633201881
"7587_8",0.9156544264908657
"10827_4",0.4117497510255688
"3432_1",0.013707063860591236
"6110_4",0.5631404489563753
"5618_7",0.8748529800799002
"11808_1",0.005645025138177829
"9293_4",0.24361365257346135
"2163_8",0.6982469235487213
"4802_1",0.04607257062226069
"5476_7",0.9901203433520815
"9991_1",0.0011236424690393239
"2681_10",0.9991936845084859
"11728_2",0.9125963541064454
"1466_8",0.9916090631911992
"4853_7",0.8772752672833448
"3668_9",0.7882864268430199
"5334_7",0.9866931109547384
"12017_8",0.9185822547273415
"2046_9",0.9750602831240381
"2652_7",0.9611567097451899
"2250_8",0.8400520067478975
"2253_1",0.0059269965493599355
"9733_10",0.9569325809604207
"3_4",0.8264812222946165
"6129_8",0.8777918519207863
"6858_3",0.07924627253020768
"371_8",0.8343416382119754
"1111_3",0.011829032714444502
"12330_1",0.00783901414307545
"3219_1",0.009887179983059808
"11372_9",0.8571136757420796
"1434_4",0.18035896784093144
"8232_7",0.9157957489229739
"7883_1",0.002421955159690171
"9151_2",0.5086924390381236
"10574_3",0.04703508171845349
"9376_8",0.9928989736061841
"7737_1",0.42169110610413674
"7410_8",0.9415509630191945
"10488_7",0.8068285630487693
"5906_10",0.9646362287776724
"5308_10",0.9850970761159498
"11266_2",0.0021755778911446335
"7627_1",0.032731926870699805
"218_3",0.046489925975822244
"9031_2",0.008868870624634045
"3427_10",0.983868446409451
"8532_3",0.0010877778144050725
"6588_9",0.8856443927779225
"9744_1",0.08483196181346711
"3061_1",0.002522078178718079
"11668_9",0.9579856814693813
"9331_1",0.00048407318929882587
"238_9",0.9641884012039157
"10593_8",0.676451903709624
"4441_9",0.9752507346158245
"3717_3",0.025225293008275564
"5618_4",0.04407147235426813
"4353_10",0.5257167125120241
"1268_2",0.036912248665922937
"5178_3",0.2520477046437841
"2991_1",0.01209422691404024
"9976_9",0.9310153158779568
"7891_1",0.034518912418320606
"445_3",0.0011968833297462316
"11158_7",0.7663173794029747
"10328_1",0.034411430026404344
"9137_9",0.9636461433552841
"7399_2",0.023124306389909362
"1187_7",0.4683566636460479
"10642_1",0.06743995406790673
"3939_3",0.0028226136062394175
"5310_9",0.9932626161646636
"2087_9",0.9783044916520787
"57_4",0.011967873953017263
"4645_10",0.9791376950514655
"1734_4",0.16443943370476513
"8924_1",0.00020194609605763368
"4418_3",0.012253514440053414
"9403_1",0.0025717651716455204
"12065_10",0.9968193430202317
"6763_3",0.5952278676700492
"3882_8",0.7594912059287471
"7286_3",0.0580375998503205
"9259_9",0.9423639936430557
"5134_3",0.12627165710748772
"10166_4",0.7668559748500631
"8362_3",0.8388100519035805
"9701_4",0.5083074571630108
"4227_7",0.4709835837494313
"8483_10",0.9673146357111098
"6002_3",0.0011864440065447667
"5815_9",0.9779013704881838
"9385_10",0.7206614267404156
"11047_1",0.11070838713646189
"6306_1",0.0555714292508323
"9141_2",0.11053176621876935
"4594_1",0.04204731876272671
"10471_4",0.16147054256197255
"48_9",0.99064336344975
"8133_8",0.9254959498759754
"8493_1",0.016461855919116204
"3425_8",0.14318510818866365
"5731_9",0.939029397005253
"4373_10",0.9448590264302494
"4366_10",0.9256960085360019
"6123_10",0.8549074527089392
"1430_3",0.002560789428742378
"508_7",0.19593591122202225
"11600_10",0.9828385714756281
"11767_8",0.9852904299031843
"1597_1",5.097027448686776e-05
"7257_8",0.9600447919163951
"244_2",8.736189282873341e-05
"116_4",0.894293095767496
"7856_10",0.9202315965563009
"7640_9",0.9960244456608235
"10956_8",0.9775887651440971
"11002_3",0.012344125607900873
"11666_10",0.9923004704935986
"7683_4",0.2504344944020982
"10846_4",0.022336044663310222
"1317_2",0.11275429853271286
"5_7",0.9594233111896635
"8526_2",0.018350142352129586
"1526_7",0.9638434432201973
"3144_9",0.8689596630617935
"241_7",0.9989847951551372
"8953_1",0.004907792951081395
"5919_8",0.9866644309165762
"7983_4",0.1394232698094793
"5222_2",0.0001909529457662094
"1662_1",0.11988386586242845
"5830_10",0.9837282706083926
"859_1",0.06414702522138024
"10761_8",0.34781563519740916
"12037_7",0.8951208201323141
"2629_10",0.9757155303971401
"1019_10",0.6049237684727634
"11270_10",0.23949400279403754
"620_8",0.9211668267289006
"6718_10",0.9162520583911052
"1402_8",0.6911097408770297
"6804_1",0.01311457597346747
"11743_1",0.07075149587334473
"3117_10",0.857927815676546
"7441_9",0.7420853962360037
"4553_2",0.1523360260326133
"5182_10",0.9171712297798615
"81_9",0.6599065730096528
"8343_10",0.6498583280428101
"2030_1",0.0014495379117645383
"7866_7",0.7991510536921074
"11132_1",0.09242510706422326
"879_3",0.0017700502224101712
"6547_10",0.9953458792483542
"11166_4",0.0059980475480527875
"7427_1",0.00178650761741675
"5848_4",0.32768719935856283
"10734_2",0.025862355998533253
"11263_10",0.9803187527237358
"9761_7",0.27221311153865996
"7582_10",0.7029472385625418
"3849_1",0.000539852772910229
"8242_10",0.8231244727213006
"309_10",0.9961053415752222
"5492_1",0.142470636135161
"4294_2",0.9007496307898364
"7222_7",0.06791572259666914
"3365_1",0.0002066649468611087
"11084_7",0.9212074458130113
"50_10",0.9765761236007553
"3234_1",0.160451398292964
"10155_7",0.5137145849553245
"1181_1",0.014997929349144436
"1505_3",0.01344745162718667
"11926_1",0.0047405716762190025
"12174_3",0.09133167245505874
"4589_4",0.036060695190877665
"12421_8",0.9999064873579365
"1079_8",0.9810626795609831
"4852_8",0.8139997773216883
"11753_8",0.8820682349333994
"11257_10",0.9670104068383764
"8270_1",0.005178101105606026
"7690_3",0.011225555714152041
"12354_8",0.1801720281893439
"11419_8",0.9976228724722077
"7587_4",0.48865995721110417
"818_9",0.608049015529294
"10431_10",0.9352928391205715
"12056_4",0.06339035847011892
"7595_10",0.9920946791360424
"2601_1",0.32422550873241185
"10022_10",0.9687578001811117
"4124_1",0.1148197953929824
"11573_10",0.9774191061052561
"9868_1",0.0006300756786861474
"7093_1",0.021803834161157002
"4993_3",0.0002452791331122838
"3192_8",0.9902277615503572
"8269_10",0.9908138874019681
"5767_10",0.9667271364626288
"8440_7",0.7786567053847928
"1038_10",0.7969391185471637
"525_9",0.9881944639157424
"689_3",0.0017461653639970415
"10989_1",0.0029999058756491246
"6166_4",0.17264908599060136
"6452_10",0.8725869371732663
"3217_1",0.0035361661998403794
"11629_4",0.08166285579784872
"4338_1",0.004529457649154741
"2822_1",0.21863478656855315
"11252_7",0.018194358548278562
"11097_9",0.9693172698638902
"7124_10",0.987554045731415
"261_3",0.09395575927074662
"7828_10",0.9856504701050581
"9030_7",0.5869631963865681
"9723_2",0.1387328666590391
"6924_9",0.6549337486224492
"11945_4",0.9334106067461975
"11811_2",0.00297917135522335
"3115_8",0.9471830856290019
"4381_9",0.992641899793443
"676_1",0.4059977298039083
"8002_9",0.985101500695171
"9209_3",0.7341279320528896
"1677_10",0.8743583817641347
"7094_7",0.6250051563521745
"12193_8",0.7511434148229934
"1227_7",0.031403255117315176
"9186_10",0.9965013070615307
"6117_1",0.01272855157019547
"8621_2",0.907631188959065
"9729_1",0.0007070876746006155
"12239_7",0.43234705238590787
"2465_2",0.03263338697372857
"4360_10",0.997882892618045
"10538_1",0.007153524525724648
"3439_4",0.22121046081162932
"256_10",0.9379560791419822
"7114_1",0.014491260272351654
"3206_3",0.0006836950679468216
"229_10",0.3033563375046761
"7501_3",0.016599609727054744
"3639_1",0.14282091535397815
"9751_9",0.9942249839679784
"8277_3",0.6109213305632273
"5276_4",0.1750375545805599
"1804_8",0.9793997980484039
"8497_1",0.016862322933413314
"7742_1",0.0003162397058325092
"9755_7",0.6592651453012569
"8429_8",0.6289510463234829
"769_3",0.7517180762742887
"7452_10",0.9764002296302621
"1004_4",0.9214674745664021
"6393_10",0.9607665775411588
"7457_1",0.050229073180865225
"8182_10",0.8640677924546373
"11589_9",0.998755952077383
"4718_8",0.634720870102556
"5315_10",0.9602063766051828
"9927_3",0.5473593828628998
"6391_1",0.004247020097647008
"532_3",0.03603498829106121
"10544_10",0.931155426187413
"3576_4",0.6004396247593883
"5420_4",0.07205766839489983
"7140_10",0.9922638549001523
"11018_4",0.005923591467273134
"7443_8",0.9912954298907951
"7399_9",0.8142887915996269
"12129_10",0.8984669044669937
"6876_3",0.017913584824408083
"9227_1",0.5404247775192019
"4983_1",0.07103617821199365
"2502_1",0.02126166727996252
"2584_9",0.9529394872329655
"5637_2",0.0009391071710590081
"6497_10",0.9834726109866083
"8464_2",0.14218525238843135
"2070_10",0.3886039156145796
"4574_3",0.019001406701962216
"1642_10",0.8346463895075015
"356_9",0.9819145229188032
"8052_4",0.7279623920761673
"2457_10",0.9604805242517644
"6322_4",0.0329627212849444
"2218_10",0.9969655868557736
"10669_7",0.7840180464451393
"5296_2",0.008842945243868413
"1118_1",0.028757174923649723
"8588_1",0.0063417775299727894
"12348_10",0.9756997624307809
"7990_9",0.9669187569928915
"819_7",0.2907898630105676
"10552_7",0.15090679563394632
"9126_4",0.025093654604212135
"11190_9",0.8126599438842701
"6696_2",0.05048203656361425
"4906_10",0.7582483051675597
"6809_4",0.668620149992883
"10032_1",0.022361533677098422
"2694_10",0.9980070709888536
"6411_8",0.9849637129305543
"11967_9",0.680220780493783
"10190_1",0.03788299564864801
"316_1",0.002211080588091335
"5644_9",0.9638506604244303
"12083_10",0.973740100857507
"9280_3",0.07496410322868188
"11735_2",0.006055769556489967
"5219_1",0.05796213297962197
"6810_3",0.015896866343267747
"7817_2",0.0008836855495660512
"6753_9",0.3891805596727524
"16_8",0.9147865092149441
"3908_1",0.005762624110794851
"11502_10",0.9961337914895478
"523_1",0.0019868747990133048
"11213_10",0.8983614120986264
"5058_8",0.9687719879257404
"3290_1",0.007262151255125207
"2954_4",0.1623277601081397
"7148_1",0.1785660972244065
"4455_7",0.8944436506800629
"1873_7",0.25102849458607324
"4796_2",0.1950552597854807
"6317_3",0.7052611461247195
"11153_10",0.9883610774457409
"3319_1",0.017107310355167053
"1247_9",0.9999960527356736
"9119_1",7.946697777526938e-05
"7904_10",0.9558061050323633
"4892_1",0.029803321515608473
"4608_8",0.9966302479779021
"4756_4",0.009783649721560287
"230_1",0.3524711660458337
"6730_1",0.00012625717596688986
"6639_8",0.7113545372965134
"1726_1",0.0031297225191118127
"4540_2",0.09701718300500504
"1898_1",0.0021325117184174645
"877_1",0.014470173537463696
"10416_9",0.9979384920600977
"1359_2",0.009332600790726588
"8886_1",0.000393061972447826
"553_1",0.1013960717261858
"5252_10",0.9540051847601086
"8808_9",0.9795863591002844
"8792_10",0.7475926536543391
"11723_10",0.9841074063982311
"6977_9",0.07929217093076617
"5050_2",0.05127712335323835
"6413_8",0.9060639282210613
"9880_8",0.9897592366658692
"5827_10",0.9858178627723092
"5271_10",0.8214696105144869
"12231_2",0.026124468377370827
"9913_1",0.02167195744278635
"3058_10",0.6910111703287803
"1278_10",0.2297923479436904
"4923_9",0.7716775481741768
"4662_1",0.10097439332445411
"10857_2",0.1726717542609771
"5033_7",0.7114215590353549
"7681_10",0.9994541294049303
"8916_3",0.038382607217836005
"10603_3",0.1826351215515706
"8940_3",0.2483546605094323
"2381_1",0.07504875488659594
"9188_8",0.9773792755624106
"5290_8",0.9888015657656258
"6746_1",0.5980411169960249
"1001_10",0.9975821327572943
"1190_1",0.0036107931165400274
"1858_1",0.004834625232389026
"5645_10",0.1965970688898293
"3021_9",0.9552031927339522
"9801_2",0.030940550581233933
"2498_4",0.0017670704591572503
"7972_10",0.9703749370742475
"1200_1",0.02473826308417329
"9626_4",0.2211922773365319
"11750_10",0.20688186657165625
"9571_10",0.9528797748095978
"11593_10",0.9850049129276978
"4432_10",0.9622393407343496
"10324_1",0.0007857516322804924
"9123_10",0.6510050873564405
"10155_1",0.013234483980416278
"12237_10",0.9874379296343736
"2828_2",0.005385307776478999
"6375_4",0.03171664060384475
"8264_10",0.9998077753424477
"6131_7",0.9496061901228349
"2950_10",0.9936334059035967
"3584_1",0.0016446640616867615
"3077_9",0.9955174221017524
"8867_10",0.9773187399520946
"4189_9",0.7325511250241186
"2297_9",0.9342037108987798
"3607_8",0.8527019470349917
"339_10",0.8653930627208107
"6450_10",0.9785053815258757
"8537_9",0.9614253718321338
"5663_10",0.9635652785262636
"7179_10",0.9888777165330445
"1929_10",0.9347458883448577
"7363_10",0.8932900128745845
"7073_10",0.9632238211693954
"8472_10",0.8888658998160234
"2397_4",0.15603435645114636
"5710_3",0.02216936824330163
"12429_1",0.0019989080821069248
"4841_9",0.2878630672003284
"5819_2",0.041938183907856495
"7112_8",0.7540733229058513
"1087_10",0.9997729988228261
"10766_8",0.7318971594536725
"10675_8",0.6835938343483406
"11953_3",0.09063702177092679
"1927_9",0.5975050323853197
"10455_9",0.7343527628386897
"451_8",0.5989473017448137
"10796_8",0.8264211860831702
"5288_7",0.9943392345221902
"4368_2",0.005627429441588795
"10456_10",0.9578638253317036
"9981_1",0.008548915402213543
"11403_1",0.03573211829408206
"5219_7",0.5928349976998306
"11929_4",0.6565424124897733
"5481_10",0.994077950914464
"3829_4",0.04185902448205709
"11367_4",0.10474059003004707
"8154_10",0.9099211569571246
"2754_2",0.0008501221901313092
"2299_10",0.9932922363001299
"8868_1",0.1278657158974694
"4566_10",0.8288313093963379
"6688_1",0.06609502098912082
"2666_4",0.05461409465962769
"11892_10",0.9704262950403472
"2667_10",0.850425502551368
"9244_9",0.3331877976185038
"12498_7",0.07368440726823772
"3493_9",0.4578619827788629
"7565_10",0.9653478148599078
"2916_7",0.8217467179525898
"12473_8",0.9402069859167889
"3142_9",0.9638272213111994
"3289_10",0.9998386245976544
"11159_10",0.9339289346706403
"8428_2",0.03441786095894908
"4152_8",0.8809906462803703
"10754_8",0.9789185047424687
"11718_1",0.0006004524648496644
"5408_1",0.0003865994058410297
"5686_8",0.9127235450557124
"7479_8",0.9757546025743025
"5160_10",0.9813122333619271
"3138_1",0.005699660495019096
"10343_9",0.9829253148360787
"9524_3",0.2718022715810219
"7794_1",0.06485936427791776
"5433_1",0.20993467469131255
"3380_8",0.9924620172926818
"7222_3",0.030937546888986894
"1751_4",0.6809939987774767
"3914_10",0.967118095582063
"8022_3",0.41740424670978893
"3975_4",0.18575007841709226
"8177_1",0.45737100790445057
"5670_1",0.14400309399215716
"203_10",0.9505878570269124
"4315_2",0.1097465726387357
"8296_8",0.9952106831405361
"971_10",0.9581956259731104
"12018_1",0.017908926394401118
"3714_9",0.8806470982070301
"4342_2",0.7670688767887022
"4965_3",0.3987027421365954
"5126_8",0.46044815886396007
"10686_3",0.13452585742333312
"7290_10",0.9998350450828299
"8474_8",0.9063617073527185
"7633_2",0.8966522526622177
"2226_10",0.3196468274000454
"1436_9",0.8727084393477273
"813_10",0.4823092224032124
"11865_7",0.7459561769766004
"4937_9",0.9811078267933331
"4613_9",0.19571305795103372
"8129_9",0.9174637788087511
"2376_4",0.5709369934934249
"6861_1",0.012548826543939164
"9104_2",0.17403844052754366
"10590_3",0.005729757541871157
"11021_4",0.017636171610137176
"9480_10",0.9953578446262545
"12212_10",0.8996785763321902
"11766_7",0.935717095947364
"5356_7",0.6049226270479943
"9572_7",0.9986965298047987
"3264_8",0.9863395414466636
"11794_1",0.000855493763197983
"11739_2",0.22801834061381676
"731_8",0.5793894115007727
"6278_9",0.37012113282346615
"625_10",0.991649249279194
"7252_2",0.14185910005241237
"5171_10",0.9804922686087607
"9149_3",0.10889504827445282
"10780_3",0.028285774500148072
"1568_9",0.9287207508088657
"7291_9",0.9374039486388941
"2288_8",0.9851684600664434
"3126_9",0.9626839550896747
"3352_7",0.9779488923201508
"9455_1",8.623073123864192e-05
"1709_7",0.7937150204251691
"9309_2",0.0006701436398106784
"994_3",0.5132702561709644
"4173_10",0.9102791726990902
"113_3",0.020238287065181985
"10472_10",0.9440850132819517
"7193_1",0.0008735143987487711
"9978_3",0.22410534183024636
"783_8",0.9095891218564295
"7585_10",0.9598682294100516
"2135_9",0.9522513907748481
"10887_10",0.9924853032030626
"4075_2",0.05688476980314024
"10521_2",0.011069070699490684
"844_1",0.24946088901867508
"6691_3",0.0020828351145990363
"3879_4",0.22333663957784897
"3511_1",0.03211456720852522
"332_1",0.5965696964830947
"7398_4",0.05182739414148667
"1845_1",0.06309019682498788
"3890_3",0.4174629809343318
"3781_9",0.46710396563309237
"3723_1",0.005767877024867855
"2908_1",0.00011959106100791422
"7625_3",0.02240753185319634
"6310_10",0.7253837966222036
"9432_4",0.5181398988468083
"1820_10",0.9983156289824205
"6809_8",0.970830569010015
"9911_1",0.07763036952832826
"12001_8",0.8387476240245175
"7266_7",0.8707314693887293
"263_10",0.9521936238594358
"2109_3",0.024896143839229976
"7293_4",0.1433820901018759
"8874_8",0.5798153092950894
"2143_4",0.9466454593668476
"4307_9",0.9945663674314721
"4176_1",0.0025701085555654758
"8369_3",0.019431046487468268
"12317_1",0.0002653177832924655
"1687_4",0.0013222844150633142
"12082_1",0.00244861603173183
"3396_10",0.9834508844972429
"9129_9",0.8035863347155195
"10090_10",0.9758036663809666
"11841_1",0.006494262588976372
"12447_4",0.2562952024666392
"11624_10",0.9986255681285308
"8624_10",0.6439197793919739
"9290_1",0.2868428617206878
"1108_8",0.2565370775667604
"4300_10",0.6655372234462158
"2553_4",0.7548936483405537
"10550_8",0.027327883393716418
"8884_10",0.5244799356471002
"6760_2",0.0029172373935041937
"1177_3",0.43972408572568417
"9939_2",0.43618443503645793
"2100_7",0.7893917494384812
"9677_1",0.2982452460704014
"2511_4",0.006638808449717313
"4115_8",0.9978048346721489
"437_9",0.955488291336033
"6698_10",0.8360705464684768
"11049_9",0.942846389524341
"10168_4",0.006805474837067689
"8071_8",0.9684952409180941
"12474_4",0.5242570626176936
"3775_10",0.9891129922311893
"7478_10",0.82815807654071
"4312_8",0.9728810573316432
"3105_7",0.9348751709219033
"640_9",0.9971340746830031
"6891_1",0.00030309632973074454
"1849_10",0.9984257228668244
"8528_7",0.9246192480929585
"9032_4",0.28018926907100206
"11743_9",0.993644346182859
"2813_10",0.5584639023416439
"846_2",0.02454596799578076
"3695_4",0.31376966556461383
"5972_3",0.001083372526544852
"4831_1",0.0013172914454162275
"11826_1",0.06198559394136176
"7684_10",0.9448513016885077
"7042_8",0.5856943363056157
"10247_10",0.9433919010841358
"6766_8",0.9183883140796951
"2091_2",0.007640972451731705
"5108_2",0.008872897548477409
"10644_1",0.002876039830217373
"5955_2",0.2894717275796591
"9451_10",0.7074948024783675
"11518_10",0.7973521051335395
"3871_1",0.14024018080714543
"5013_1",0.00016048439772834932
"5056_4",0.05612379884615599
"3688_1",0.006436628027583403
"2325_2",0.2756034028806685
"6330_4",0.01035807520225831
"8783_1",0.0210461005924208
"3848_3",0.004851405729514248
"5901_10",0.9826946905986773
"10947_3",0.20338192479317482
"4590_10",0.9556889780990472
"4337_10",0.11200812117736637
"11029_3",0.4629669567314064
"10980_3",0.6037903651402502
"165_7",0.7357413244898143
"474_8",0.9962333884169736
"3175_8",0.9754971782499643
"11764_1",0.032229223598986216
"2164_7",0.8382737168975919
"8891_8",0.6608966832581757
"8294_9",0.982709175451532
"6602_7",0.98968011219898
"8187_8",0.9838119806409651
"2609_2",0.0655173202784935
"6506_8",0.9969829749366544
"2207_1",0.001694914513758203
"2467_9",0.9165628383891389
"7440_1",0.13758367271064229
"6417_8",0.7177309532354048
"12278_7",0.9130406210561104
"4495_3",0.6676625491286815
"8223_10",0.9909587929253143
"3659_4",0.12466285585859942
"1120_3",0.11741878777398378
"9713_3",0.0007899918344714916
"808_10",0.9398403283754115
"11164_10",0.7037423593168064
"3536_10",0.9761013594410013
"10930_1",0.017523873942595115
"6868_4",0.001928655303071152
"2248_1",0.005585297021931628
"3624_4",0.13146436687736185
"1442_1",0.00023922858348333963
"10167_4",0.010810066500899728
"10645_10",0.21596009698705848
"4414_1",0.013557675447946518
"6409_2",0.1087041013307251
"10486_1",0.050691997310497075
"2983_7",0.9893599691267131
"4985_4",0.28849689066217155
"3566_9",0.7466009270512277
"8340_4",0.20692566929845588
"10246_9",0.9865560482130488
"7380_1",0.8319577266146093
"12381_3",0.4752265265969756
"11723_4",0.03709093643833494
"7478_1",0.02907704015602791
"900_9",0.9956628529668422
"3364_2",0.3089194761557954
"6570_1",0.004928887419158858
"9309_8",0.9529326869985865
"6044_1",0.011515897850381809
"9261_2",0.005582669168754068
"5690_8",0.9118876136458957
"5326_2",0.0014146670110486085
"11179_10",0.9518801771618449
"8908_1",0.007067917982306895
"10224_9",0.5449917190013382
"7318_10",0.8535107173737765
"11098_8",0.2920016337997209
"10120_1",7.657612854776744e-05
"4561_2",0.32124380970050637
"4409_3",0.016380187392426034
"4301_9",0.0711651008626214
"9254_3",0.005410698564233487
"10717_9",0.9581381169137334
"10619_2",0.3478993748695957
"5924_1",0.3175876055539965
"11657_10",0.47493279992379545
"6373_4",0.30309208646718294
"10469_10",0.9343111015267325
"5531_9",0.6116513367647751
"1089_10",0.7152059860024595
"5082_10",0.906303759581239
"4267_1",0.13886565312772725
"3006_10",0.9891438631682594
"9318_3",0.008119435724180064
"11877_1",5.864564703988506e-05
"7274_1",0.1135204753453998
"12450_7",0.939124298367008
"148_9",0.4124450885558218
"10353_10",0.06749246620230152
"1368_8",0.39041295083785316
"9408_7",0.8932541731944179
"5739_7",0.6248658040176283
"7036_10",0.9832125613624095
"11554_2",0.30871585395768253
"4601_9",0.9831050547294583
"10376_3",0.4502546528456864
"2486_8",0.9848330129695413
"5745_4",0.0491740186429849
"873_3",0.03236757882245825
"7009_1",0.5079655476108536
"542_7",0.915382276109212
"12008_8",0.993265333537907
"8040_8",0.9864206006321382
"4048_2",0.048452070846329305
"4895_10",0.9979507327796346
"11789_9",0.998756234515428
"5084_7",0.9016568075578411
"9207_10",0.9640747395515572
"923_4",0.5896427248820755
"106_3",0.02930953398446694
"1125_1",0.03304176695426398
"839_10",0.868072036818725
"5285_10",0.9171510711243929
"7444_7",0.2657866710457684
"1566_8",0.9792443618842694
"3285_1",0.0004316768567136179
"6203_2",0.0047306330007467565
"11147_3",0.42439600970468316
"11152_3",0.05626994132683406
"3335_9",0.8329555030720599
"6689_1",0.0002528339465936007
"6557_7",0.9146984582956879
"3362_10",0.702759314430035
"101_3",0.06600624493089495
"10692_4",0.12893820961084523
"4462_7",0.4455564816593032
"265_1",0.0011664044444932558
"1369_3",0.4063941625083124
"9112_10",0.9860084351271678
"7870_1",8.077481372310484e-05
"6102_10",0.8896363596130035
"3973_10",0.9826734446746196
"8232_1",0.10570713124266154
"3177_10",0.5805362474439766
"11598_10",0.08345373876794282
"882_2",0.012680078518602396
"5660_10",0.9921632240100889
"1685_10",0.9419282370246792
"2064_1",0.012235328648859343
"2296_9",0.9751971317409508
"3648_10",0.37614650848463765
"5486_4",0.06898069782897732
"2496_8",0.8987315795019308
"9579_10",0.8240333552115691
"10776_10",0.9740201833865715
"5889_10",0.7739860163428871
"8292_1",0.0051421182470073636
"10547_3",0.007208423491045838
"10415_7",0.472274066273002
"10741_1",0.008007512143993428
"10196_1",0.0017085049495643866
"12155_2",0.03505156301366945
"2224_3",0.07901464234426499
"10356_7",0.4167718092981122
"7202_1",0.005678921955952504
"11973_10",0.9232090902740764
"1792_8",0.7846895326792306
"7894_9",0.968564090381773
"11413_1",0.13839828387659978
"10596_10",0.9044933236786813
"2462_2",0.16824656853064252
"9451_1",0.008916250197805764
"2895_1",0.07187873654266354
"2513_4",0.276715330950164
"11950_7",0.18474843085514958
"10566_9",0.7832245116865422
"2209_4",0.039296943344303864
"9292_4",0.5824679027854928
"5575_8",0.993182857492891
"1688_4",0.2821958753543763
"440_8",0.7067789223304463
"6324_10",0.9957394599368384
"8296_2",0.0035443610775224587
"9460_1",0.008758368086720812
"3992_8",0.9646470929589405
"11425_10",0.9876074643105969
"147_4",0.3988896483535607
"2897_4",0.11824827681152773
"6214_4",0.14895434522384465
"11157_4",0.03278810645345278
"4204_8",0.9921572294781908
"7255_2",0.08220563441448728
"8435_1",0.36524679412942346
"11354_2",0.00034936482440017433
"2136_9",0.9748249557866495
"295_1",0.5108228541709274
"335_10",0.9711440827990256
"8791_4",0.07840448110156419
"2817_1",0.038509044980018954
"1629_8",0.8728916870189118
"6826_3",0.0018757337469607316
"5550_8",0.9466930222112437
"3572_10",0.9772058935411932
"4543_10",0.9826048150638189
"2789_1",0.011118872186528805
"12288_7",0.6116013149915115
"9769_9",0.9145307051812193
"1257_1",0.5357558959491808
"6180_10",0.9904035200914086
"8881_8",0.5816143226040392
"7075_10",0.9962651795228342
"10254_1",0.018789699169020242
"12214_10",0.8452112529748138
"829_10",0.844740954728486
"5633_8",0.07970436095597033
"6202_7",0.043311594705988464
"4843_10",0.9790627873397173
"7564_8",0.9239771445373296
"3539_4",0.6284158541871347
"9634_9",0.9378881528520387
"7578_9",0.9972972770790501
"6642_9",0.9961073562256625
"3438_8",0.9414499478838212
"11407_4",0.06291396894036552
"9891_1",0.0056506965661311664
"3875_4",0.028452425473785427
"6447_2",0.01090153204170331
"5027_8",0.9997460777651999
"11415_7",0.6000990341095306
"7762_9",0.9784702915867791
"7263_10",0.9839232271210036
"6556_1",0.12765167650485376
"5491_10",0.995685459313156
"3418_8",0.4202314897709897
"4137_1",0.4175768870938681
"5519_7",0.887389147250115
"3435_9",0.9158789934251859
"10199_10",0.9647312374542325
"5212_4",0.7073675274237952
"11891_10",0.9178203780070624
"4989_7",0.7964177344607135
"2883_3",0.06716612463912335
"9154_2",0.905171757385862
"8384_10",0.9593555991776752
"4082_10",0.9794735748068573
"4334_2",0.0023422268082475255
"5652_10",0.8871328820037053
"4544_2",0.10159470881684735
"4987_8",0.5543446458308803
"9648_3",0.12059875913738144
"10755_4",0.6209795277021558
"4386_1",0.024890787812330853
"4619_4",0.02946516950768831
"5860_7",0.37189924750605213
"11492_1",0.046088608318669275
"2126_9",0.9821464906653183
"8355_7",0.5817481072252246
"6560_10",0.8704202113639271
"4026_9",0.9828330152303021
"4019_7",0.21832062897811608
"455_10",0.9985809867675393
"6637_1",0.9760450466768179
"7490_3",0.1328358385540731
"10533_10",0.2823934578050572
"7417_7",0.4244828540586514
"3392_2",0.0016108860790399403
"460_1",0.13932626727821354
"5364_10",0.9955286680937656
"234_7",0.9950778963416992
"709_4",0.1931094419879793
"2753_9",0.8362896621911616
"9434_10",0.858166851430132
"2835_7",0.9670444497275184
"6849_1",0.08341642048350459
"11186_3",0.00654507049721315
"10902_8",0.9611384648210581
"2617_2",0.017359893430389146
"7423_9",0.4026046767075721
"4699_1",0.006519030871430866
"12312_10",0.7234051912821075
"6185_4",0.2768998489260456
"3742_3",0.06250610562345141
"1314_8",0.9410672352762294
"7985_1",0.6575043272070181
"3669_4",0.4700743471142973
"2791_8",0.9847293120191744
"2295_8",0.9946633436624348
"12111_1",0.15364676964507662
"11827_10",0.9831697709160346
"10191_1",0.06094331882156832
"5264_2",0.10000519150036993
"11002_8",0.9622255408641404
"12423_2",7.600455544462427e-05
"3551_7",0.9533950179933549
"10804_3",0.330201542648909
"3670_4",0.5272134947253688
"8408_10",0.9954664103801676
"1307_10",0.9740273952307658
"10906_10",0.8610964332836827
"4039_2",1.7950075768754263e-06
"1010_9",0.9993134083745903
"8764_1",0.001820398465021639
"10894_10",0.9981166030927605
"1249_1",0.0038009621429481747
"1844_9",0.999149906104248
"3252_9",0.8812746743468324
"12272_1",0.09909896484745334
"5599_10",0.9994789069838641
"6265_8",0.9795018992222749
"4497_4",0.8291584342396349
"3925_2",0.06785535576012325
"7935_9",0.9472878554936993
"12146_1",0.0005576290709070134
"2345_3",0.4837180271790128
"11171_10",0.9875617039566852
"6726_1",0.0016681384074383504
"11129_9",0.8480492673874026
"616_10",0.9403055094390063
"11349_3",0.047426974110488004
"2485_10",0.9845208503126756
"3212_4",0.06558217028381304
"5578_10",0.9994485766000538
"2252_9",0.9929653269506256
"11643_3",0.01550812987876219
"12081_4",0.009216196571542244
"4104_10",0.25871251337606144
"4504_7",0.912597164430092
"6354_10",0.9749458525811703
"12118_8",0.9285829393350707
"9680_10",0.8797937261744991
"7173_10",0.91436211128976
"1965_3",0.3671271912452643
"2674_7",0.7019417095955511
"1425_1",0.01278033884078058
"4017_8",0.9989336625678035
"3835_2",0.41750869442362903
"1335_4",0.0020359726494081675
"627_1",0.022275644443586
"8330_3",0.8971715857647364
"8907_1",0.0017831571019103017
"11801_10",0.56946810958651
"3231_1",0.0048418530541340194
"860_4",0.04636742644504089
"2902_8",0.8993308747311735
"11550_4",0.3007553862199946
"4944_10",0.9646218243682023
"10190_10",0.1929992317723246
"4090_3",0.003683114660575717
"3863_1",0.006958338890786642
"3904_9",0.9995847406743037
"917_4",0.196322909054889
"5540_2",0.0026524841442722743
"9183_7",0.9255823387481825
"2570_4",0.004363324503631341
"11868_1",0.008661669879010346
"7438_3",0.18224008848934448
"10484_2",0.016515324358016104
"1988_8",0.9998800208628003
"46_2",0.03781613972274089
"6624_4",0.16398435995912697
"4666_7",0.7747422735260916
"11479_4",0.43407587267377334
"308_1",0.0005377057300525612
"5400_9",0.9855725707805919
"5258_1",0.018633258528739698
"432_3",0.0013391918641166435
"7245_1",0.22199272886227694
"7082_1",0.37504158062226295
"9698_10",0.8814356581994788
"1085_9",0.23138296262682878
"9999_10",0.9101974453302514
"4235_7",0.9627166948887448
"11603_10",0.9823809598653811
"4457_3",0.020515054091249187
"5022_8",0.9520415081208651
"12278_3",0.6128955304103253
"12076_2",0.05112764687889715
"7239_4",0.5357645441476898
"4691_10",0.9936952326522517
"9820_2",0.04964624049084161
"5932_1",0.5450396204208164
"10265_9",0.5914954910855276
"9247_2",0.007804651228978051
"4581_3",0.2759373418917394
"11060_7",0.8622500933763737
"10349_2",0.07883955890630018
"9821_3",0.11310417919925865
"3375_7",0.8840663340617937
"5515_10",0.9614576370351309
"3921_8",0.43229457466663473
"6671_8",0.9823542428096848
"7051_7",0.9507688776731216
"743_7",0.41446994198824005
"8230_3",0.009111367504186882
"11203_2",0.010430875823870079
"11616_1",0.04739432362441044
"8033_9",0.9715413593514116
"1472_10",0.022674241547694464
"1932_3",0.14212393442584503
"6827_2",0.0035636704531175193
"6912_4",0.0032306837869589687
"12024_1",0.006286161463052086
"10625_1",0.589487843530653
"9528_10",0.9991098400826933
"6663_3",0.32194076759280443
"10727_1",0.2053247410058924
"6646_10",0.9093419564284378
"7632_7",0.9586523531042411
"8518_2",0.0004216741619376374
"6398_9",0.9939756247869361
"488_8",0.9788226885772943
"4133_1",0.006001423053328326
"4128_10",0.9573147792950831
"5883_10",0.999138456043178
"10240_1",0.0023433894387734936
"8791_8",0.8302889228744218
"10917_8",0.9957727542291751
"9097_10",0.9909123822623488
"8438_1",0.00036319518103277695
"7536_1",0.2294833503919822
"7542_3",0.3002905807326049
"3928_7",0.021334643535076806
"12477_2",0.005810843453341069
"9157_3",0.044443443409895506
"2694_2",0.6598278516197279
"3632_3",0.0026705216241906947
"7169_10",0.9626700191669175
"6931_7",0.7464334020038584
"11474_10",0.9924685308005584
"2252_1",0.0009125063615626429
"1261_7",0.21173796228396663
"523_9",0.8770396890576644
"12233_2",6.780992607171241e-05
"4731_9",0.630331134569812
"12376_10",0.17815873564287724
"11834_4",0.1353155520295907
"7063_9",0.8617620084202664
"5289_1",0.11422330851461023
"9632_3",0.24918800657293466
"11086_1",0.00040166992027944396
"8224_10",0.9995147004789808
"8013_3",0.0905165682446503
"8003_3",0.01675909606430988
"2281_8",0.9433822288634617
"4643_7",0.9942971924495533
"7942_3",0.2741324791011806
"11067_2",0.23142307481078303
"5577_1",0.10659598471115632
"5796_1",0.002792437167240071
"11514_1",0.3799526932205636
"1867_1",0.03057944545264777
"4804_2",0.000887964024564098
"4547_1",0.04198777991435816
"6391_7",0.43965441850271175
"6260_9",0.969176010317271
"5355_10",0.9132119296872284
"12358_4",0.15013193678015802
"860_7",0.9991776098041331
"3768_1",0.9008996788827889
"8742_3",0.3396765724865255
"10786_4",0.08455309837544549
"5337_3",0.1064904809254903
"11260_10",0.7515741943200329
"7364_1",0.05572021897069114
"4434_2",0.07133876728763366
"10604_8",0.9759865853565937
"9587_7",0.33322072902092537
"738_1",0.596210885394634
"3757_8",0.9886581514744242
"6970_10",0.9791671319167016
"6194_1",0.009664560184233431
"4559_10",0.1830468181577071
"2334_3",0.4607196794564299
"10636_3",0.06797472728411513
"4192_1",0.00013153142382095966
"1579_4",0.4294513707489359
"7168_10",0.9913860675459677
"3789_9",0.5582029645239877
"5617_7",0.9922615757034249
"5757_8",0.9650451143113893
"1431_7",0.36346472052096096
"6130_4",0.7244243682104596
"12092_3",0.30373300481654597
"7918_3",0.6212110154827276
"5386_10",0.6122296676231909
"2794_9",0.6045397887885621
"2394_2",0.002431977944155153
"10690_7",0.9824545133523709
"6406_4",0.368198135183523
"12288_2",0.10660923747879282
"7405_4",0.32311661115994084
"6153_10",0.5983141275753233
"5577_9",0.8443024005055292
"1462_1",0.22917474846787877
"7732_9",0.3741909026796192
"9046_10",0.9378614592306748
"11086_8",0.8605596865645995
"1426_7",0.5428694566588785
"12174_10",0.27263476158205907
"5537_1",0.0024378577423634982
"11746_1",0.012276324273613226
"12203_10",0.9566917946172128
"11585_7",0.9698829801958964
"9765_1",0.0027988663185825307
"6295_8",0.7001803561495807
"3991_4",0.2219344317853527
"11134_10",0.9960387445688242
"12379_7",0.2257332954009664
"7316_2",0.48943729207360454
"6955_4",0.06193918015884365
"8092_7",0.9874639111487651
"9788_1",0.0007833770096532198
"9494_1",0.0006009522070661038
"721_10",0.9697983857847776
"1250_9",0.9989476773994147
"3204_2",0.3409471992313246
"6539_9",0.9816146353941919
"7944_1",0.004883172021884806
"8632_8",0.6672370277528573
"2787_10",0.9688330079951637
"11497_1",0.012999973683614005
"8577_9",0.9940415466818628
"2717_8",0.7759955546541432
"3251_8",0.9933337023508058
"11714_7",0.8924793018228607
"3868_7",0.9286597472434656
"7394_1",0.11138449479334553
"481_7",0.9568140154525727
"5237_2",0.00924135658892972
"11148_9",0.7019796913159673
"11946_7",0.8196851090524067
"7301_1",0.011566240903300285
"384_9",0.9558434696852987
"8535_2",0.0014632300514505702
"8067_8",0.8124833041082413
"8452_2",0.04093793166270825
"7361_1",0.0023487561769642605
"4017_3",0.11943112930136734
"6304_9",0.9897350470152154
"7326_10",0.999801306049023
"399_1",0.039636150245683704
"9003_1",0.0062946389510387165
"11314_8",0.31423848724934617
"4909_10",0.424960612694954
"10463_10",0.9771904315724039
"7355_2",0.059321319364419235
"3553_2",0.43711812335674194
"4404_10",0.9858469632597311
"9304_1",0.10915204462415605
"7903_1",0.0015287869876933029
"4429_3",0.5793694047312999
"6287_7",0.9343149278354936
"10461_1",0.0014629242661638876
"668_10",0.3742879022003473
"7560_10",0.9490089548753868
"2785_1",0.0003024400787572795
"2801_10",0.9552492129407723
"4318_9",0.8323733436158862
"244_9",0.997360184903516
"12435_2",0.00041949882168779666
"2788_9",0.9021196063592478
"2537_7",0.03248528628967461
"928_1",0.006326747788070575
"3312_7",0.9976937773906459
"12147_10",0.9994392792119597
"5414_9",0.9849534021861744
"9871_1",0.6064504103591292
"1308_8",0.9855416819793393
"7668_1",0.0004883209222221964
"5571_10",0.9797990281813399
"2052_10",0.9116385444183834
"7089_9",0.9537495545284144
"6411_2",0.0033070365449870062
"8514_1",0.01670657041159341
"5921_10",0.9379096282328603
"3264_1",0.004320235018392553
"319_1",0.15294516654822313
"3433_10",0.9523917040103108
"1610_8",0.9878750017726227
"8002_3",0.12776970451307987
"8099_9",0.6776673239189732
"5418_1",0.0035083438066997145
"6247_3",0.08362351050536515
"5153_8",0.9274230852844239
"12201_1",0.008559104723089494
"8900_1",0.006821524365720597
"10908_2",0.4037859936353219
"598_1",0.005693928119371779
"10590_9",0.7088033125856419
"6706_10",0.9287650924170519
"12299_9",0.8453747050755497
"2159_7",0.3532129457726964
"186_1",0.0015865825094764422
"3008_8",0.9623438801724004
"831_7",0.9008100094250264
"2717_3",0.038176505758935754
"5174_10",0.986230601751533
"3088_3",0.07618693128117204
"6262_8",0.9755868155353106
"12303_1",0.002986791793756055
"9904_8",0.99064433219244
"10097_10",0.9808362923230476
"6242_8",0.9871077970139943
"9653_10",0.9820762223037718
"12499_1",0.015139839286777262
"894_1",0.7589432263641116
"8935_7",0.9379461218610882
"3184_2",0.11071508999268652
"2226_4",0.09607706058386832
"592_10",0.9990413036980476
"2173_8",0.9990914620290487
"10967_2",0.0008542621134506884
"3332_3",0.08839683546762454
"1074_2",0.013775715144217451
"2396_4",0.04522818152512368
"2627_4",0.3406161563583463
"5982_9",0.9782817954573573
"1386_1",0.0347981245753214
"7325_4",0.4198598545086342
"112_2",0.0519671506615355
"8856_10",0.978315172322527
"1948_1",0.03208126086245963
"5791_4",0.12351848781450431
"1007_9",0.9792623914801507
"3758_3",0.02677596944861389
"6455_2",0.0022914749121665232
"6464_9",0.9998789427968416
"5403_10",0.9931657637805335
"7076_10",0.9915003902734122
"6123_3",0.005411395405615767
"2832_7",0.9827890374440783
"9287_10",0.99697135770355
"3665_10",0.9679532820171147
"4488_4",0.4533119088532698
"5861_1",0.031692654014744324
"2222_10",0.9804807052635357
"9608_1",0.07542792376987194
"6225_4",0.08791559363446858
"5643_3",0.009949988009370631
"8720_7",0.6338156065358728
"4955_7",0.9294719390979822
"6839_1",0.017918421346637466
"7396_1",0.003611509088699082
"6234_8",0.40668251821531887
"10423_1",0.36518202514297204
"2158_1",0.0008928539038076035
"6929_8",0.6657917941235976
"7593_3",0.19381438203153134
"636_1",0.04726752915033165
"2747_7",0.9789191205162583
"7398_10",0.9702081808096794
"6852_4",0.2821958753543763
"9938_3",0.013114632659765429
"3989_3",0.1229123718432015
"1104_9",0.7000014577709157
"5897_3",0.0028727701752197313
"5254_3",0.005804314135133373
"4824_1",0.48774154259193253
"10945_8",0.8681018330244141
"11486_8",0.9984933524575865
"2542_1",0.028788316566108283
"1824_10",0.9972297096642778
"10181_2",0.006767446352248524
"2492_9",0.8626076548831662
"8111_1",0.023291047960945485
"5844_9",0.9600323319596213
"1369_7",0.061028983711941154
"10775_4",0.2709795641398102
"9617_9",0.9515247871185212
"4709_1",0.0004368328296550874
"7043_2",0.7505135554770418
"5166_10",0.8752947259898276
"1604_8",0.9892151253925894
"8576_8",0.767150066114051
"1916_7",0.6982860343156038
"10286_10",0.47995542062086594
"10241_1",0.0030444378229268934
"12441_9",0.8125333911128957
"4529_1",0.005656590393011395
"1553_3",0.3975492286112809
"3985_4",0.749613398472218
"5542_8",0.9620958783779668
"10857_9",0.9878923702885061
"7600_1",0.5584100305850658
"12095_9",0.9299439392910046
"3134_10",0.9866830510613867
"9472_3",0.3630216705058903
"1058_10",0.9992165903522566
"7328_9",0.9973048993143265
"3865_3",0.2617931529069227
"7409_3",0.03512649143727096
"4795_1",0.000952241512431493
"11596_10",0.4727141208585461
"3758_8",0.8625798928636925
"5099_4",0.3035801381035955
"7707_10",0.8910834060143459
"1412_3",0.49975457856877536
"4720_10",0.9884929385644879
"978_7",0.7620389135744603
"6165_8",0.7663483859874511
"1307_1",0.004117303003199332
"2322_7",0.07267947027462714
"5328_10",0.8644777176647077
"11934_8",0.97653927153595
"1940_3",0.17086611143698247
"6270_10",0.08626573366763486
"5262_8",0.9917263389387188
"4068_9",0.9983400729647259
"1208_3",0.4470894558578621
"10220_3",0.050756098820955824
"5091_1",0.06589299201117206
"2738_1",0.009007256319474386
"8909_3",0.0235213292762584
"932_2",0.1662020903743262
"863_10",0.7227514750686729
"454_1",0.018514952644114503
"10525_4",0.0484898492401454
"175_4",0.4759822809126927
"4551_1",0.007296324260368664
"5666_1",0.024025290574809812
"4324_10",0.9665783567918783
"8189_1",0.012640487735391306
"12064_10",0.3147915416316379
"8622_10",0.9761401024237764
"1115_9",0.5277440684006857
"9593_1",0.01964791215351482
"5579_10",0.9960036480866825
"3467_1",0.12503957659484802
"11409_1",0.0011507156908960342
"8682_1",0.019403471388568214
"7866_1",0.008246796750266192
"6111_8",0.2684708636682152
"524_9",0.8777953760400302
"9837_7",0.8979200756195105
"2215_1",0.3924371918284601
"6840_10",0.9390235190163154
"7384_8",0.9979075249554024
"6353_7",0.5752987661169489
"8650_3",0.03817521870300924
"1890_10",0.5614556263357112
"10402_8",0.8217315186422307
"3770_4",0.23270602212969946
"3086_1",0.0003883927557403782
"1487_3",0.3062606495769251
"2995_10",0.9966322677262128
"2356_7",0.08678945373887131
"5320_10",0.9889148683740574
"3235_1",0.01167808994084522
"6802_1",0.01972146619851524
"11329_9",0.8182829830738895
"1143_8",0.7568625590984827
"5768_3",0.24489070087325832
"8004_1",0.07710131239490109
"5453_3",0.8014830445257599
"11288_10",0.23441337905468737
"3278_10",0.9989137568055351
"11856_7",0.9728390054641277
"12057_10",0.9843204071634498
"1825_4",0.00041814820185647253
"3319_10",0.9827607821940765
"5956_7",0.9404796098052824
"4875_10",0.9368089483833827
"562_1",0.10717211279292238
"11359_8",0.8323556836113866
"12454_10",0.8274912221973078
"10621_2",0.15134678665194173
"10407_2",0.21509804783258193
"3532_2",0.044594402927743
"10162_4",0.6811500037530533
"7084_4",0.7082573127579106
"167_10",0.9240062202908782
"3362_1",0.012464129440522305
"6370_10",0.9921919748959438
"2281_3",0.35959334451104424
"10454_1",0.029077936587692917
"12387_8",0.32322599781798506
"8375_8",0.8273492862155605
"9656_3",0.10309170094964332
"9387_1",0.08287842424263143
"4907_1",0.01095319440164694
"4697_9",0.8286503383203556
"4217_1",0.0011491231342351388
"8860_10",0.8665016898734635
"7312_3",0.0016201410317093232
"9326_10",0.9972032855847477
"3785_8",0.5688168509184345
"2255_1",0.01509374891789266
"9950_3",0.0011640787960713829
"558_2",0.0001365137147973725
"413_8",0.942172575450167
"7837_9",0.9889186794847475
"9192_1",0.07055970346923492
"7_1",0.05757243478336647
"9674_1",0.020881732669507738
"9771_4",0.025421731411932075
"3331_10",0.8677675570952509
"11444_8",0.19970404762017688
"3009_7",0.9844296862750154
"5584_1",0.020072136440564436
"12044_10",0.9858679055769262
"5952_9",0.9887948205963714
"4989_2",0.0009413880091692333
"5722_3",0.00026527437085177455
"6207_4",0.02932024110904724
"7646_1",0.0019464844981996838
"1811_3",0.14796762828273805
"1197_3",0.24609417463331593
"709_9",0.9990440948228013
"8554_9",0.9938760211876916
"1706_9",0.8185768004844511
"10060_10",0.9935413224871833
"6818_1",0.13603666792697494
"7255_9",0.8475036156649318
"3790_7",0.7258679523342196
"7833_9",0.32280201615395687
"7448_4",0.3371839829014128
"3456_1",0.6568626993922096
"3881_3",0.0013095083713306043
"11049_1",0.04516949587848469
"1269_1",0.22005366647044308
"7803_10",0.9859723264456521
"1413_9",0.303682483634338
"1289_8",0.9786397066693705
"3967_9",0.6021993719461552
"7533_10",0.9399165707346052
"5372_8",0.9291456064500504
"1518_1",0.005793455407008813
"10752_3",0.3322886400484198
"4863_3",0.02182049343409851
"699_1",5.874304366911152e-06
"11537_3",0.035897025363949245
"9241_7",0.5863833105866136
"876_3",0.45812311121795724
"11234_4",0.3805385758597894
"5942_4",0.896301907895739
"1778_10",0.6494235524671405
"2631_9",0.3509729659182675
"7425_9",0.9768578324119087
"3410_10",0.9759769055815277
"9155_10",0.879737939000887
"4396_10",0.9959904285963422
"8894_7",0.31187901446268834
"6034_10",0.9847637471270223
"12105_1",0.20026704799289194
"11645_7",0.6506059802036972
"1821_4",0.3080162982982443
"9028_7",0.8153671688312341
"4670_7",0.5754503126218112
"4720_3",0.010191937703433851
"10001_1",0.00126411133980568
"8363_2",0.012594417853673602
"5681_9",0.9562183415571327
"8165_10",0.9844195626240961
"11961_2",6.598334565842096e-05
"406_1",0.012957993437283025
"8313_1",0.009661737633389926
"11945_7",0.7718705083838404
"9454_9",0.8288306209665273
"9523_10",0.9978016788605886
"10516_10",0.8417390365949078
"6036_3",0.28028815521098843
"5046_1",0.00587649263689129
"9019_9",0.7027604555874557
"5471_10",0.999670968440972
"11862_7",0.09333122254563934
"651_1",0.16877468694563344
"3131_9",0.9768275470903457
"9912_1",0.0002471177960463375
"6231_2",0.23394515070455293
"5523_2",0.973674341596154
"1817_1",0.39462681822422263
"8880_7",0.9446285062974015
"6080_4",0.1751997540128136
"9940_1",0.9568768448349021
"3409_4",0.5476260462204365
"3713_4",0.48368141280992977
"3447_3",0.11676513902009034
"3460_8",0.9944128962461106
"9397_10",0.9161980406999533
"5528_8",0.8475951922946197
"7658_10",0.9350504184745682
"5893_10",0.8407943991151148
"1646_1",0.012262881753578484
"9620_7",0.6871153841878578
"66_3",0.3294653708033638
"1691_10",0.9966791332330546
"4311_7",0.3492610762066316
"12091_1",0.007343468461637902
"5391_1",0.0010234781333850367
"576_4",0.05113696578925817
"4734_9",0.611415890048545
"6008_10",0.9933948657611594
"8527_7",0.8690102900647112
"6048_10",0.7054788096955091
"5102_10",0.9827085524318988
"6794_10",0.9768497432081529
"3473_3",0.05501558793600044
"2025_9",0.961910455990465
"9728_2",0.006026298655912743
"10704_10",0.9212707750981911
"9094_4",0.9598340982889884
"7838_9",0.9530880184941963
"5779_1",0.005207548472163938
"5342_4",0.24718139403918477
"9291_10",0.9908470334582166
"7028_2",0.20956449687462736
"1331_9",0.28476203587300486
"9913_8",0.8845260652382824
"10250_10",0.9198265022994492
"9227_8",0.2581846092963759
"6278_4",0.3534497809902765
"2302_1",0.02349101730191599
"7000_2",0.02643375839998418
"416_2",0.14247501368918217
"6846_1",0.20981840444796496
"3253_9",0.9906500497128276
"1712_1",0.020215786871933344
"9720_10",0.9894504556631263
"769_9",0.9328055783823755
"6635_10",0.6502973563677714
"1421_10",0.47839555086679103
"6803_1",0.694888005448109
"4290_4",0.2768241375186535
"2465_7",0.724411733773916
"70_8",0.9976152251277541
"5176_10",0.9276060333007256
"305_2",0.005748973706153102
"11094_3",0.0006976925209011705
"1109_10",0.9982483858000724
"95_3",0.83215331834561
"2378_10",0.9805545229064696
"3270_3",0.0029557799275079753
"6999_4",0.7903897329351836
"7594_8",0.3361048138741351
"9549_10",0.681374221417785
"8263_4",0.7519333607632491
"10379_9",0.9976594113442266
"11187_1",0.11795053147371262
"2278_3",0.011899150542660615
"11180_4",0.4514418645980995
"745_10",0.8627227103708929
"9794_4",0.10377334224284081
"6565_1",0.00895653219510174
"9608_8",0.9477777982368482
"12222_1",0.06635798389596975
"9330_9",0.8482577970149446
"3611_9",0.9525726589853944
"1775_4",0.624405243197644
"3635_1",0.22641876827839746
"3893_1",0.0033914194679786997
"2802_1",0.011039872460930732
"2481_10",0.9258264462055364
"1540_3",0.036749909666743165
"2205_4",0.016991472587381925
"10970_7",0.9851126223054307
"8287_2",0.015567816208450321
"484_1",0.0037765679259098212
"249_2",0.21380197890199656
"12073_10",0.9997471618603024
"1443_7",0.37889723473935333
"4985_7",0.9225986038288136
"12247_1",0.2905560186359292
"3170_3",0.0042302834488563415
"2900_10",0.97545580218107
"1930_9",0.7532423712576236
"12309_10",0.9590455390546498
"10720_8",0.8045495258571401
"5260_4",0.21669345939202575
"5212_8",0.8089487964572333
"3872_10",0.7892594222325745
"9705_1",0.006536895858837386
"10367_8",0.975951977129305
"10063_10",0.9989231773417702
"9682_1",0.2647716730130601
"7356_8",0.5062094372981377
"6045_7",0.820245005805748
"3181_10",0.6987108140227248
"7212_9",0.33129777915321224
"8801_9",0.9843715996158251
"2910_3",0.4639910208059412
"5031_7",0.9960082413723849
"1416_1",0.048087303330508875
"8903_10",0.9857491342874632
"10620_4",0.15732189122617118
"8957_1",0.001379921714975607
"3374_1",0.043443960751561886
"9196_1",0.04951455426522244
"5167_10",0.939599819432316
"10900_1",0.07909557389611165
"5405_2",0.006005797634256965
"1546_1",0.38566300966452915
"12331_4",0.03716256688208624
"4733_9",0.976666611600341
"6682_10",0.9918466332119982
"1356_8",0.9751471741564477
"2301_2",0.013190294372495328
"11565_7",0.4482308955049424
"8731_7",0.7049382227940099
"1638_10",0.9914021126681303
"7280_3",0.12989764129263215
"51_4",0.028433421252014167
"355_4",0.3466600077230962
"485_10",0.9821807145752135
"554_4",0.06219618677672769
"8059_3",0.006100410865525108
"3645_4",0.5579192638977243
"7332_7",0.8728901361709631
"10877_2",0.005817948406320812
"10837_1",0.0016492337948768405
"6273_10",0.29543483456340996
"11773_2",0.05197087248451949
"744_1",0.546231172473598
"9762_8",0.9966665244076154
"831_4",0.10970640544618843
"4450_3",0.0009388167130693335
"5338_4",0.002065511482515693
"6741_2",0.03901903086159118
"5962_9",0.8333286853871791
"10363_3",0.16062506848970554
"9063_10",0.9810940902104291
"2739_1",0.05103370257279481
"5920_2",0.0004847633454032139
"5200_9",0.9882634093106745
"6498_10",0.9834726109866083
"591_1",0.006026250041229423
"8010_9",0.9934114312203678
"369_8",0.980811934009802
"9971_9",0.9819231741360074
"11735_8",0.8747723697889088
"11278_10",0.599301364435531
"1464_9",0.949822517755708
"3787_8",0.8950462495396757
"10097_2",0.033984729596015964
"3728_8",0.9998645411868671
"9996_2",0.03651871627369139
"8676_10",0.40603288723116887
"9718_4",0.007427539503286889
"9280_7",0.8791204022078206
"8343_4",0.5286506682222596
"3505_1",0.03328857698469292
"8863_10",0.9980261120375796
"5682_10",0.1989905968315101
"4704_2",0.1705316391965299
"11106_7",0.5819694729827747
"10541_2",0.09649224453893915
"6601_9",0.997636518165109
"11387_10",0.996171643635525
"8864_10",0.87320742037484
"7139_4",0.2990065759049114
"10068_8",0.9870747843644178
"2572_1",0.31201546744529046
"3819_10",0.9750429230899988
"11954_1",0.0009433053771070811
"2525_4",0.2792887344413268
"12440_7",0.8708902376450844
"1489_10",0.7473440901879992
"12422_7",0.24229052605264403
"5463_10",0.3868699257962069
"5684_1",0.00013289533850690898
"30_9",0.9860950729117599
"1255_8",0.9989874368501754
"3993_4",0.03206037011363141
"10386_7",0.6299651537036087
"10111_10",0.9925636017626899
"2915_9",0.4686496690898842
"4621_1",0.022848535728078267
"3671_9",0.9431713317805214
"1069_4",0.27383472585852237
"2060_10",0.4424039076850559
"3788_2",0.03777710452096084
"3_7",0.4614350783486707
"7722_1",0.03296877054192643
"9601_1",0.03486746737269992
"3294_3",0.6480979391439581
"4361_1",3.279600150736933e-05
"6626_7",0.6787585674463534
"5799_10",0.8700163927096015
"332_10",0.999931701425813
"4320_4",0.06118411349510025
"4545_9",0.8752721602119531
"6029_1",0.016648013576004605
"6329_1",0.06270408026967063
"5586_1",0.008134525779443303
"9401_1",0.035714263036890626
"7087_10",0.5332749109403938
"5200_1",0.06929697502728491
"9707_7",0.7485187601591091
"5006_10",0.531090647369719
"4702_4",0.28048115673274554
"11207_10",0.7782517913830959
"3593_1",0.5754866333689969
"3050_3",0.16326586872248502
"6036_7",0.8770705279007216
"2221_2",0.003900771461694597
"6895_1",0.17302482693078355
"5678_10",0.9718051944171995
"8395_10",0.9872624660811583
"8193_1",0.00872437190371369
"11689_4",0.0088081034399665
"10207_10",0.7794904126035204
"5028_4",0.0007483423486590476
"26_3",0.7268685333729389
"11774_10",0.9375237291712435
"59_3",0.021195025243424107
"7339_4",0.447063383533093
"2141_7",0.9199744953695829
"10647_10",0.990149335711221
"7703_8",0.2095562501143274
"5904_10",0.9162446606276873
"11952_7",0.8741079657711485
"6355_1",0.028537876512511818
"7465_1",0.015358943464419322
"1244_9",0.9974846930695599
"5129_9",0.9778621664922067
"4015_10",0.9981473097417544
"435_1",0.0086225109721351
"8974_3",0.5398178224109765
"2294_2",0.007674228149883792
"5028_8",0.825289194467881
"3850_1",1.2527785788010002e-05
"3162_10",0.9423605728621491
"7690_10",0.7432257284815315
"10957_1",0.007749323513088675
"8809_10",0.7605444859436076
"8509_2",0.8265914958791957
"2314_1",0.0006977119965024868
"2587_9",0.7336527949803229
"6823_8",0.9921972056316929
"9761_2",0.10675164170424277
"2699_4",0.09757128046434863
"10291_3",0.0029339328603101324
"3015_7",0.8224085623774251
"10059_10",0.9777088078367834
"8018_1",0.39583404814890777
"9487_1",0.5309408217517058
"12074_4",0.013508312755855519
"2051_1",0.006612249359128618
"3997_1",0.0020760637993814343
"9323_2",0.16021766957908132
"10231_9",0.9995970765998344
"10129_2",0.0002538595990434429
"1491_10",0.9882346606984014
"5601_10",0.5491406704748267
"6980_9",0.8182116181179193
"8952_1",0.027597444142951857
"12021_1",0.006231434298510519
"11719_1",0.00029139502611247813
"4620_8",0.5619959405748748
"9819_4",0.8132077724723021
"1682_2",0.842374202552671
"5635_4",0.07210729387558068
"4634_10",0.9533759652331861
"8725_8",0.9911879142400103
"9919_9",0.813927138246457
"5839_9",0.1205061828887692
"10643_1",0.3885723843626046
"4447_9",0.8913176837873747
"7614_7",0.9608293441049349
"441_4",0.6349464828805604
"1713_1",4.9080309423766195e-05
"507_7",0.7581281017487865
"6592_1",0.12798593835678695
"6378_9",0.9649266110156872
"10206_4",0.11348343652595347
"11627_8",0.6146050148239212
"11991_4",0.5064374296191765
"5759_3",0.002011489230788756
"2655_3",0.0834374174435413
"8628_7",0.9827819929642277
"12364_2",0.03219311746203832
"11107_7",0.8956040047325509
"3166_2",0.14527121255966077
"4168_1",0.025255193550937034
"10876_7",0.2874903812599377
"5609_10",0.8478149160141204
"600_8",0.7795300574657621
"7243_2",0.014320707051196192
"7300_9",0.3595299004616757
"9144_10",0.46970336092344644
"4539_3",0.31923062587454687
"8007_10",0.9954725934258356
"8486_1",0.0035538034702233905
"6213_2",0.3142607145835275
"4742_10",0.491376829831755
"1421_1",0.03550486927462628
"4061_9",0.6851872609870511
"10451_7",0.9695678037972271
"1062_8",0.785410777778472
"12281_1",0.022581124686844103
"5994_3",0.010538064602204914
"10055_10",0.8895308451359784
"2602_1",0.9059234641064263
"11107_4",0.05861223938827527
"4007_3",0.01563626731391961
"10444_9",0.9958709544249029
"1635_7",0.5702691933478811
"12049_8",0.9999702590788153
"3988_3",0.1839663786071623
"12414_8",0.8488501757682532
"7074_1",0.007601431909396149
"11854_7",0.9220868667623836
"2445_8",0.9854032755565868
"2187_9",0.9867875708103219
"11675_10",0.22719001128219027
"5648_1",0.0006096077310121721
"1614_4",0.27638760238686494
"9395_2",0.2565315450414357
"5372_1",0.023821791113298837
"12082_10",0.9949314652374289
"12029_10",0.7751070135037816
"983_4",0.7760965017780653
"11356_3",0.0108908293720147
"4254_10",0.5189000224675029
"6017_4",0.004742253271644731
"2330_10",0.22422871000852038
"1089_1",0.012336074338422183
"8017_3",0.043516883070354895
"5248_1",0.8135905025892253
"9041_8",0.9906904453716043
"3855_1",0.19267715837663113
"10976_1",0.08564427547200064
"7926_4",0.3840610570656075
"7758_4",0.33160304720072153
"8081_7",0.8905516267761804
"9267_4",0.8335676674910942
"6381_9",0.9242653288272898
"6172_4",0.0815327569504226
"12411_8",0.9589511143462639
"5216_10",0.9694305318513461
"10999_8",0.7512750120704436
"2460_1",0.028905971197293434
"7815_7",0.9922148407608927
"8586_7",0.9717460345314572
"21_1",0.012897667065464986
"2467_1",0.00014224113393349264
"7979_8",0.8775917031380944
"3744_7",0.9308948445220715
"7205_1",0.00040780821524317903
"6862_7",0.9274511523089325
"12031_10",0.9592270905957827
"12458_1",0.0003530561779105099
"10410_1",0.02106618085304066
"2624_10",0.9939590263971851
"12083_1",0.08426705180075623
"47_2",0.31262407727844027
"676_7",0.985292402044997
"5425_10",0.9731820356224081
"1899_2",0.06662891298948602
"9666_1",0.005554736878405861
"3151_10",0.9895032210506185
"1745_8",0.9312819332186205
"7646_8",0.050427707009739316
"10011_9",0.9873432161806159
"10061_10",0.9987124558721611
"6792_9",0.9997105414159064
"5150_3",0.042575101474478454
"593_10",0.9534768401628653
"6170_4",0.9987802019695899
"2029_2",0.014940535789232325
"3026_4",0.07321922453066149
"1086_10",0.8793607065779327
"1594_8",0.9652596677707006
"227_1",0.002809980224896855
"5932_7",0.5326068790758131
"2681_1",0.3202084031388642
"4270_10",0.9061805012595292
"10065_1",0.1716783249664161
"6640_9",0.7150331715228144
"1160_10",0.9241197372774625
"3078_1",0.06314031738886858
"1546_7",0.9559467312634338
"12315_1",0.00016742292261507779
"8699_1",0.013664840366871548
"11438_4",0.01592464155986507
"2034_7",0.7958998669135424
"7899_1",0.006207748935811716
"1006_3",0.0533007579350381
"3732_7",0.8136880957840926
"11094_7",0.7557523238435899
"1477_4",0.7591212693826972
"8912_10",0.8498893891819281
"8140_4",0.06747562743875582
"7542_9",0.9889856006804308
"2556_1",0.8524175415834109
"10075_10",0.9858282283046231
"12212_2",0.3872537222589857
"218_10",0.9848827187110937
"8385_1",0.14568599421603723
"5716_2",0.024167011265226978
"11655_10",0.995736942164901
"6235_1",0.0030003555302662104
"2823_10",0.4817782745527831
"7094_2",0.6230763452651394
"465_10",0.9898745858153293
"4968_4",0.01003105625827034
"222_10",0.9904108348812586
"464_4",0.11267941792711912
"2593_10",0.7163292297019374
"11946_3",0.08472514998075356
"6083_1",0.004965481562492029
"8158_3",0.06932338356703953
"2646_3",0.8551663446813806
"8282_4",0.023660819671099217
"12482_2",0.002438798340230148
"1020_7",0.7367486511144913
"7554_10",0.907701485777566
"4492_2",0.01894467439262922
"4468_4",0.23349862155430356
"7365_8",0.9518816400464837
"9777_9",0.9532220819079146
"9505_3",0.24188139584421975
"10546_1",0.134302773504006
"2179_7",0.8701841045005009
"9325_9",0.8397164598602138
"9042_10",0.9561952329979798
"7631_2",0.00690451904378893
"1583_2",0.0429938360914087
"10449_2",0.0030429195093225883
"8021_9",0.9552866717363
"9282_9",0.9935896749789327
"5261_9",0.6585186085432176
"9127_8",0.9983776083762118
"6408_2",0.0017856370207351257
"7306_1",0.05843165395000899
"2955_4",0.13723774853275758
"6401_10",0.9957884479240258
"278_10",0.8657121338367019
"1954_8",0.8679832370056136
"2592_8",0.9341791650820966
"2040_10",0.988548433582369
"4779_10",0.9254195742763023
"7274_8",0.9738253554610609
"8094_2",0.32434974495685975
"9359_9",0.9756795503022963
"10732_10",0.9405761563828235
"7824_7",0.9124961813182022
"493_7",0.930562377667296
"2458_2",0.0030283366141857144
"67_3",0.003961842582202623
"1495_1",0.0728499525200603
"2984_1",0.154688647996006
"9979_4",0.19350259870588407
"2790_1",0.16331840414604662
"8948_1",0.762175094289454
"4249_1",0.13451037004179942
"5994_10",0.996116344723889
"5119_2",0.056333664747822094
"6539_2",0.02067073035101317
"12006_2",0.008358627652432013
"555_4",0.24461917134313282
"9508_9",0.9980030857553559
"2282_2",0.4495704358534454
"4119_7",0.9967422382919077
"1224_8",0.9913653880167096
"492_10",0.9548772590775991
"7062_9",0.9988210666613552
"6663_10",0.9883872291626131
"9410_8",0.9808819193496333
"6033_8",0.964607532004526
"4704_9",0.9886878491868398
"1347_3",0.0006407273925128458
"6920_7",0.9964399150077248
"7736_1",0.7851050717807201
"2884_3",0.052506209824709674
"1870_2",0.18859418350933463
"4058_3",0.16159661268564404
"3089_8",0.9477443976679824
"932_9",0.9430305700275204
"5666_10",0.9296859919809977
"5770_1",0.03398892395055646
"10982_10",0.7738679928583443
"5977_1",0.4863942608702229
"7678_2",0.48576214052245015
"7788_10",0.9126415189322706
"6328_1",0.04382841939500451
"5806_10",0.9990585090834535
"595_1",0.017275020791624757
"8235_7",0.952568609078568
"10822_2",0.0003023247937737807
"12353_7",0.6165012990405351
"5381_1",0.6301067796407744
"504_8",0.388839554600293
"4876_10",0.9560892187192954
"5244_10",0.9961916010465446
"12010_8",0.7019098394904999
"7263_2",0.20544078142721428
"10315_10",0.997283135660318
"9967_1",0.003773779699052952
"126_10",0.7212636598985446
"3861_1",0.004516875961812203
"10221_8",0.9606991946537108
"7844_3",0.9510722902285637
"10976_8",0.6369597767048977
"9372_8",0.983384395946141
"5633_2",0.0008436282248973038
"3833_4",0.0012364074784477945
"5256_8",0.9572254817667157
"8840_1",0.20675432142605651
"2122_10",0.9925961277469583
"4607_4",0.018506240609188374
"12025_9",0.918480257561752
"10884_9",0.9654280408649893
"2473_10",0.02406496580314312
"12330_8",0.6254547125786316
"6997_3",0.07880734958363697
"4505_9",0.9962416004389494
"1302_8",0.7976115508970677
"4382_3",0.042724996103396355
"9645_8",0.7443364119485013
"4138_2",0.0013700381957802879
"2419_1",0.020159776947753453
"3059_8",0.5627979975536632
"8239_9",0.9964548593399931
"105_3",0.11406304511429145
"1129_9",0.9791751958570862
"9065_10",0.9672546861343048
"3249_1",0.005352214952338151
"4864_8",0.7787542474263692
"11748_8",0.9814575836806332
"561_10",0.9926974128520577
"1261_1",0.2959323640609488
"10944_1",0.03342575154827865
"11503_1",0.5183989579578748
"8089_9",0.7114230753758815
"3224_10",0.9759642235793783
"4550_3",0.07479766993770129
"8097_7",0.8393325616314237
"11042_1",0.4010518268282818
"4590_3",0.21008536427897856
"10838_8",0.8274654918175017
"5500_3",0.06147181010469093
"6779_10",0.9959876676322711
"7489_2",0.00034490755706504485
"4145_8",0.9844518387614924
"2477_2",0.22716896478920554
"11428_7",0.09114826425572431
"5178_8",0.4626800011086216
"1604_1",0.0018994721034870058
"2269_7",0.9831312395174658
"683_2",0.1697235419115315
"12373_10",0.995388420709849
"12362_10",0.9985720456832023
"1486_9",0.8388237511543138
"4922_1",4.336458791766548e-05
"5689_8",0.31105520845375056
"11287_9",0.6146093484688772
"4578_4",0.09341653711561443
"361_1",0.003792749972212585
"6750_4",0.7832328474018095
"10004_9",0.9733684545026288
"3649_9",0.42310057786598015
"12485_8",0.9170807072591677
"4867_10",0.8829802888876997
"10463_2",0.18715701188387507
"8449_9",0.9919289740927109
"10573_10",0.9976459576889618
"12488_3",0.177339836657033
"1649_2",0.1317324224491405
"12064_1",0.03436812928043956
"4892_10",0.9961114320030572
"8877_3",0.040054192699317016
"11816_9",0.9722030456718206
"10235_10",0.7129106933963282
"8204_7",0.4270893514485956
"8608_10",0.943948807285336
"475_10",0.9982504789813739
"10150_8",0.9966191493777008
"4661_10",0.7341444978462284
"434_8",0.9635739928067811
"10121_10",0.9822379397800193
"438_9",0.9817699161755005
"2866_1",0.10747715102140512
"10667_2",0.6288167021327365
"9575_8",0.9594380196366972
"910_10",0.9995625364513078
"1631_7",0.9759199823859417
"10585_3",0.13385166097998605
"1060_8",0.8735306520600845
"8817_1",0.0011453168831938657
"10511_10",0.9596026521059389
"11854_2",0.0642860618040106
"4429_7",0.853378633944259
"7462_4",0.013431934631933295
"7668_10",0.9874025769435567
"6258_8",0.8281457170208049
"12481_1",0.37287959088067035
"3948_7",0.9860646599871064
"624_10",0.8582152941041212
"6418_8",0.9943289102510207
"4211_7",0.9245489054358849
"10606_1",0.003235578959702492
"3052_1",0.0007962050677133336
"12091_8",0.9889198595968547
"5559_10",0.8308495235068039
"6462_8",0.9995524535800752
"6215_1",0.16340940375099053
"10996_1",0.020332021008170453
"1139_10",0.918470508813381
"11400_8",0.3563010759195873
"10075_3",0.007319975142893688
"9034_4",0.07130870755369076
"8963_7",0.7747171527678473
"622_10",0.9824203831676209
"4570_3",0.21943242092845008
"12242_2",0.006310813451410014
"10595_1",0.6870596861741972
"5524_1",0.06091078777186975
"10074_3",0.7361509127634317
"10761_4",0.29251699958026395
"5215_1",0.012186612842377298
"7480_8",0.4176022226811801
"3940_4",0.5931783739428359
"375_10",0.9013893146649894
"11998_3",0.007819762236366695
"11759_10",0.9756418088397906
"12180_7",0.6951401764576581
"9000_2",0.3384132487744599
"4251_3",0.14288117009397167
"7944_10",0.9280076198698647
"12444_1",0.011419311483630703
"7400_1",0.13741483263703544
"4122_8",0.9756690227169472
"8849_10",0.9977985688729749
"5656_4",0.10677381521837921
"4091_7",0.9176395255122753
"8699_10",0.9404647352907873
"8750_9",0.2659085822170361
"3813_10",0.9722112338867731
"1836_4",0.22523248992643888
"1644_9",0.9531620049212173
"5764_10",0.9734525742313586
"1328_1",0.7630897699978688
"2332_2",0.5109118278405318
"1851_1",0.001764401830728599
"9281_2",0.08152369919519739
"9870_1",0.4870942270181843
"3201_1",0.012351115126760953
"9589_10",0.6120329506564497
"3137_1",0.01077551043974426
"10655_10",0.8674816801233152
"10722_1",0.5189854535758909
"10338_9",0.278481795778643
"2561_4",0.6015864815450772
"8646_8",0.9511871784888724
"10077_7",0.9464272418411279
"2091_10",0.9941118197355203
"12110_7",0.6639306182740212
"8961_4",0.2968429410547892
"10497_1",0.0003739713860260178
"3909_3",0.359642711163812
"2535_3",0.5010637512771808
"8969_3",0.3311969550907368
"160_10",0.9659873622403383
"10280_4",0.32364438582480803
"5117_1",0.19900328347788765
"2371_4",0.10563793832641939
"12014_10",0.9194779992775264
"8665_8",0.8596340681987997
"5386_3",0.00016124794026587668
"1284_1",0.0007463906044371587
"6541_7",0.9488299083591846
"6919_4",0.058076196415417725
"7066_10",0.9940091947206805
"1189_3",0.038799866331887874
"247_8",0.9175334169379203
"4144_8",0.9843219730508306
"1788_10",0.932029569427565
"3875_9",0.9327966799621752
"9484_2",0.15052971390264588
"6650_1",0.12754791346526753
"526_3",0.006108114026363923
"10810_8",0.818860626997947
"3361_2",0.3535445895772303
"3721_1",0.04548572694123572
"8024_2",0.11716069814310877
"11882_10",0.05229725761343339
"6015_1",0.002734553847816697
"10950_8",0.9405697453307986
"10595_10",0.9917656279370415
"6215_8",0.8163720529517189
"7506_1",0.0010039928379850164
"9448_2",0.009148428566278243
"10267_4",0.8763781925141226
"1890_4",0.07831070605331084
"11388_1",0.009352668255805482
"4033_2",9.827117963961825e-05
"10188_1",0.6003592604093714
"3685_10",0.9750969257537758
"2329_10",0.46228411050730084
"2672_10",0.9889717933913215
"3356_10",0.9988917158894172
"7505_9",0.6980122687334458
"8789_7",0.9515726724419827
"4655_1",5.269910481205236e-05
"7490_7",0.9196745583550163
"10703_9",0.6457572583188602
"2088_9",0.9223135726170724
"5114_3",0.0036067149131256476
"3317_8",0.11538761417376678
"2826_2",0.6130714134573927
"8346_8",0.4644437260339925
"2036_1",0.006523776745492449
"11081_2",0.007024909404274972
"5313_7",0.8433731280948712
"266_4",0.4486990080475445
"7378_7",0.7184072169059175
"7420_2",0.07685264871944224
"9637_8",0.8982193758651599
"8788_2",0.007191298911850545
"4953_2",0.2974666984583473
"8212_9",0.9929402316992711
"10437_9",0.9702424063755023
"9397_1",0.0011916552597638305
"4598_10",0.6929732739897226
"2772_10",0.9180393991835198
"83_10",0.9865283929784133
"6217_1",0.004304053368216592
"11725_10",0.9717320483121252
"4380_9",0.9997932142947126
"2974_1",0.003071351013040078
"12363_7",0.995377084247481
"3246_1",0.11580769203074787
"6087_9",0.9353271076948164
"3419_9",0.9024834204598056
"6587_9",0.9375392138070766
"2450_1",0.0058579854124401936
"2475_10",0.9714211396379402
"11551_7",0.8791879267012357
"7614_4",0.31479663794241675
"10136_10",0.9562465975530913
"5844_3",0.07730615536381193
"7473_1",0.00418136541807338
"6772_4",0.14439584039382825
"6253_1",0.011431151134309423
"4036_10",0.08618212452300462
"11948_10",0.9873782397125611
"11435_9",0.43519313224768313
"6106_9",0.9988039969624559
"12271_1",0.01048777123148014
"12030_3",0.13233233415330503
"11640_3",0.14677189538919125
"5589_10",0.4690326787696422
"6352_1",0.27590104887875666
"2523_4",0.9158748071235951
"8198_8",0.8565778528239497
"7283_4",0.10394715939076309
"4330_3",0.15728537833105863
"7882_3",0.6141620711620585
"9815_8",0.7764835599468813
"1714_1",0.0021580949242581667
"3836_1",0.18795287699416116
"8618_7",0.49481734790485626
"1759_3",0.16568868548598786
"9317_2",0.07405751285201427
"6186_4",0.030402622376050677
"3779_1",0.0041437326439345305
"10096_9",0.9878434630939981
"3277_7",0.794507206868493
"6023_10",0.9690815908508684
"4863_7",0.9286222999415185
"11194_2",0.544947848261109
"11227_2",0.00039585799113548364
"11983_1",0.197075735587846
"337_9",0.9928921662421821
"11441_3",0.24751745205339157
"6668_1",0.07381205748228563
"4333_9",0.9620553044568845
"3773_8",0.9745820124812279
"5370_9",0.99550919105467
"4959_10",0.08670612705120108
"9431_3",0.32138089489401517
"6834_3",0.07580607551999369
"9952_3",0.019931475763021483
"9810_1",0.0590802287678998
"697_4",0.22764190379348181
"4528_3",0.001063734979172187
"5817_1",0.0006175710355190658
"9052_7",0.8358858613040948
"11494_8",0.9902049376883867
"4516_1",0.0023169953488426515
"2810_9",0.9992303638683168
"1105_10",0.8814552604922545
"6873_2",0.010485871931797312
"8171_10",0.7918651550535835
"9568_10",0.983349284332512
"879_10",0.9620396496343121
"8493_8",0.8424961640178104
"9437_10",0.7218674284297971
"3841_1",0.009498408122318312
"3852_7",0.7983831597788554
"7414_9",0.799871252167357
"6048_1",0.0001966748852771781
"2921_1",0.0005747667060291526
"6752_1",0.0075027580726415005
"7997_1",0.4295829521254683
"640_1",0.0008142034265286416
"9576_3",0.23913399440333105
"4110_4",0.3394013774673987
"11407_7",0.9319854308977081
"410_10",0.9961754838881702
"11167_10",0.9970408036394552
"8383_10",0.9122848816901953
"392_7",0.980494070676468
"1459_4",0.24016651682951087
"11929_10",0.9571686133295979
"12362_4",0.12358762854281037
"4046_2",0.0024619691916881055
"2597_10",0.49905400045397924
"11246_4",0.41667619720876087
"8692_8",0.950615360992775
"3986_9",0.44506961634080594
"391_1",0.360024670159896
"2504_7",0.9615258557471831
"11644_10",0.9937573820351896
"1788_1",0.032627402212010576
"5286_1",0.003996483356378387
"3486_1",0.9976138442334774
"4486_7",0.5783181075335908
"4614_3",0.6270320689593383
"11360_4",0.005477024952801488
"2315_10",0.9838602894891594
"3637_10",0.14757925448312303
"6479_3",0.900192826909467
"10306_8",0.9596378473030406
"2225_1",0.009735707818749353
"9688_3",0.38404755762597587
"8999_2",0.006840164219079264
"6793_1",0.004907792951081395
"1785_8",0.8515043984498364
"3902_1",0.035761701965603444
"3805_1",0.0007249540342676985
"6867_8",0.7850814361397075
"761_2",0.08753534235935058
"9493_4",0.04206452946483182
"4805_4",0.9801714922251916
"583_8",0.9731146859369606
"9470_9",0.9824950904407197
"9859_8",0.6658384178934498
"6633_8",0.8184784338315191
"518_10",0.7230618258715846
"10730_1",0.6299493986220537
"1855_4",0.13041585842455114
"5191_8",0.6988484005825862
"9191_1",0.013548987628295128
"1113_3",0.11178231121254174
"2973_8",0.9806302085421023
"10712_1",0.001606743454569534
"7729_1",0.0036331212651231535
"2730_1",0.006801038047096534
"10170_1",0.0001987595039455689
"8238_10",0.8318900744133415
"9495_10",0.9957228917388431
"11652_1",0.04664570023555555
"4911_2",0.03677890436453535
"7514_1",0.004067494632150734
"8164_2",0.02407721410634459
"10389_7",0.7298902613981755
"7557_10",0.541200626613119
"852_4",0.16441033625615442
"1584_1",0.014144804696093785
"2387_2",0.012179072499808478
"6073_4",0.0003940718888086834
"7047_10",0.9936869023444387
"6338_7",0.5547573193027694
"1741_4",0.10847716087719131
"3697_1",0.6335817309454637
"5444_2",0.010821941516016379
"10082_1",0.014512961408108227
"6135_4",0.6192389193354877
"9242_8",0.8499140869708188
"7864_8",0.9953737600017267
"3466_2",0.2584442045598074
"9852_9",0.9644732411913657
"12390_7",0.4327560935408979
"5189_9",0.9156443954849143
"6771_9",0.9118611384845323
"223_3",0.11174259840890939
"8322_4",0.0925582956836574
"4465_8",0.6071873425657612
"6597_2",0.19466874420502417
"3477_8",0.9994182272655778
"4736_8",0.7490837217696333
"4581_8",0.957128090759286
"5898_3",0.20991971286185124
"12335_7",0.639953000073123
"7321_7",0.8606611729345467
"128_4",0.053763609192735144
"9116_3",0.8457992567715132
"9152_8",0.9366411300928593
"3613_3",0.0029674675654910226
"1095_8",0.991130386359472
"225_10",0.7332689168228372
"12445_10",0.9833598025172039
"596_1",0.027107222096765204
"6693_1",0.1159193860365355
"7535_4",0.3486211160077265
"3135_4",0.14543688658081969
"7435_2",0.0018317674336890567
"758_3",0.001014367166933874
"11838_10",0.9847501949071388
"8539_2",0.013861981702159857
"671_8",0.9901099549136838
"53_4",0.2300625420843159
"8718_10",0.9970416258884998
"10447_7",0.7326034747066147
"86_10",0.43774468515300397
"7042_1",6.627111571421023e-05
"5821_3",0.005016714957303385
"4604_4",0.09074963442858978
"7906_2",0.0004496088462694736
"11449_2",0.010707893467098105
"6505_8",0.9949741517104339
"8160_3",0.010213010686083117
"1054_9",0.9515768073716085
"6300_7",0.9919604400864734
"10058_8",0.9182974776422748
"3990_10",0.998193731651987
"9233_4",0.03161109254852409
"9314_2",0.019115753972033134
"4213_10",0.712956604449997
"3407_10",0.92539310662861
"1982_1",0.21795529250707052
"9686_1",0.17238595202090168
"11246_10",0.6012955824837181
"617_4",0.4437332179006754
"12182_1",9.614425916957598e-05
"5687_1",0.09913538465752333
"1559_2",0.021064312521829078
"3596_7",0.9978589484654657
"4991_10",0.9980199929597814
"3315_8",0.8787663032536401
"1192_1",0.00021321630011083385
"1454_8",0.9835893434587831
"9836_3",0.8616824214112151
"8088_4",0.27596672121107757
"1651_2",0.04709107612508033
"4641_10",0.9783511813779615
"10624_1",0.027105477052397187
"2902_2",0.19007434599948644
"10435_7",0.47481821723679907
"11623_2",0.00792830711703602
"1609_1",0.010377507143237324
"2623_1",0.01503326075936716
"4444_8",0.9016886424370087
"12412_3",0.25575814864384433
"8496_1",0.005930204604086868
"4279_8",0.9327610778308806
"9053_10",0.3592564615504581
"11747_3",0.002130686932712817
"9754_4",0.740250291201592
"1795_2",0.42078072327326466
"6017_10",0.9915752192081864
"8964_7",0.9205610342891889
"1118_7",0.9278740518345283
"11564_7",0.9141255958803322
"9897_1",0.0075510443300675365
"7731_1",0.0022844497963664316
"7391_2",0.01557610084475976
"6670_7",0.9788053975017833
"8347_1",0.008756183925547093
"5000_4",0.0003676190884499053
"3513_1",0.0005279305233485355
"9427_4",0.15409960118612942
"6840_1",0.13795184484049647
"9217_9",0.9867867237611665
"5545_8",0.9945385902902086
"9858_10",0.9798890434289224
"1909_2",0.008157672358313928
"8416_10",0.49299121169380183
"11079_3",0.030580515167461624
"4638_4",0.8270536534640719
"324_10",0.9681841189070522
"9126_10",0.9971908458704845
"9069_7",0.7139320493245563
"10555_10",0.9293826086739899
"9626_8",0.3716116884888134
"6629_10",0.9340254893512075
"8419_10",0.9995922980659091
"5437_8",0.012689569485732924
"2463_10",0.9881320873025132
"10540_1",0.007087556920283408
"10579_1",0.05056515671058946
"11517_8",0.753840835102329
"5306_10",0.979432225460134
"4996_9",0.9917662416496142
"8251_7",0.89862853042475
"7382_1",0.004213343501767746
"4284_9",0.9597593380278435
"772_10",0.9681927280139524
"5394_1",0.0020617947140853916
"10576_9",0.813201932519961
"635_8",0.7840005382847939
"9315_2",0.19611035864497303
"9642_4",0.12580792026209003
"7225_10",0.895863830833378
"1806_3",0.3984622792542481
"4484_1",0.19096946825458816
"4912_10",0.6244630009650003
"4837_10",0.946500715565016
"11025_10",0.9242458614464683
"1419_10",0.9065943560862566
"8789_4",0.00016730478028607364
"1507_1",0.17637994131913917
"6478_1",0.000646856851511096
"7774_1",0.0042353380924459415
"7805_10",0.6791513106991768
"11142_10",0.7379144244949303
"3832_10",0.9620625200337375
"1830_3",0.007594643936521241
"2676_4",0.04560370656030416
"1595_1",0.005521063900637321
"8044_9",0.8016003903868929
"8476_1",0.00022439428731748861
"5190_8",0.6116280047336569
"4941_2",0.012233467652500545
"10114_8",0.9552027308587632
"11931_3",0.4176803676757619
"11970_10",0.9122388588941968
"5572_1",0.018331647453669265
"32_3",0.16157936694010916
"10026_10",0.9223146491398156
"10554_2",0.15716523145371114
"6440_7",0.9893581292539877
"7636_1",0.05537783558603309
"7973_9",0.9910817156846032
"2920_10",0.998367388280355
"9531_1",0.04011884074332039
"568_4",0.09415377281348852
"6091_3",0.27852757919167037
"5700_9",0.4643785593368926
"4934_7",0.9837454161226236
"5988_10",0.9977896410685365
"5162_1",0.06178030677678558
"1043_4",0.005508053979186114
"11574_2",0.04162226314713461
"2592_1",0.057151332056436605
"4881_3",0.6449493206673688
"447_10",0.9914987927614403
"6922_8",0.9795295289708392
"9314_10",0.9356403063277591
"10693_10",0.8362611506509678
"257_9",0.9868998764921426
"2090_10",0.9560130851869306
"7826_1",8.446427377232754e-05
"7851_4",0.7325664116227104
"1606_1",0.13735002194826124
"4446_1",0.0014007282333632002
"10655_2",0.1194645881918345
"11116_2",0.0004713173387541832
"1631_1",0.005071600002845243
"11696_10",0.9764840512993355
"2114_3",0.003769098557561099
"10728_8",0.9553922829256754
"8006_9",0.9992403726486857
"5963_10",0.9952619460793768
"2094_10",0.955807554052625
"10113_1",0.007932939491209889
"2832_4",0.0017907490513109508
"9600_1",0.00027353455481047493
"7776_1",0.05464789222346993
"567_9",0.16356424099129488
"4700_10",0.4364637641994693
"1143_1",0.01856476232848172
"7853_1",0.004368957991122937
"11178_1",0.2770918036041551
"7770_3",0.009702132622332294
"11696_2",0.003483545369542129
"6077_9",0.8820512932644659
"5952_1",0.0007357889530520354
"507_1",0.0014061900579483474
"11888_3",0.3926500200835138
"7857_3",0.36535618990814867
"1381_7",0.5397721701766006
"5080_2",0.0019232959226995385
"9831_10",0.7793307157971344
"7231_1",0.13730127476864581
"6012_3",0.0024762084825483916
"6843_4",0.464843344357362
"7120_1",0.002492392091825388
"9248_1",0.009505196011174335
"5313_4",0.028198040405477787
"8434_2",0.052242850448823014
"10224_2",0.03744655704481275
"7303_10",0.9252141767805832
"1796_8",0.7754011175671762
"9302_4",0.49214869214579104
"2232_4",0.051124815802826275
"5333_3",0.07033889727007364
"1340_3",0.15750410907880216
"5472_2",0.005413496985140009
"1768_3",0.001806148321853773
"3140_1",0.8663704121510369
"6264_3",0.21177036744160646
"6699_8",0.6066979543684956
"2085_7",0.807642045675204
"5319_4",0.11946683093135942
"7561_4",0.5440793234864516
"992_1",0.0008606392416730716
"193_4",0.15427493566030506
"19_10",0.9959195524340816
"6225_8",0.7566900152579208
"933_10",0.9639475205521938
"11245_10",0.7996539185270759
"6152_3",0.7577978084868816
"10163_7",0.9966819395586772
"9382_4",0.1203023662643327
"4655_8",0.9898926014622211
"5195_10",0.21864038429708177
"8989_4",0.007012023468117727
"5309_10",0.9812388743241773
"2183_2",0.033521797386465296
"7597_10",0.8851011710338997
"1272_8",0.4407868647135558
"10107_9",0.8786634452733433
"3067_1",0.0019964121387020545
"390_10",0.6285941911947992
"5746_4",0.016599250721230977
"7145_4",0.13705506734876538
"1612_8",0.9194790144362174
"7968_4",0.5284434035447637
"3793_9",0.9747969360460625
"2719_1",0.21962778785726567
"1645_10",0.9368376156090757
"9934_2",0.3029184340912292
"9288_4",0.05199384183163608
"937_4",0.11369499254885493
"10385_1",0.06432441455483641
"3726_1",0.0009827930095149073
"2700_10",0.949616098965734
"11824_1",0.0047567704557670044
"4133_10",0.8533671503424779
"9873_2",0.0033670646678139885
"8769_1",0.007236143175149473
"11806_10",0.9981346446205472
"903_4",0.026231806735701586
"727_3",0.21005850229324005
"2426_2",0.005794549447324942
"8663_1",0.2259115490966671
"11163_8",0.8215852914981047
"1505_7",0.43803987088210905
"4758_10",0.9861681465944795
"2119_4",0.053914381371654045
"7351_8",0.9575976746149927
"5638_10",0.9564787939454905
"11236_10",0.834810473367623
"9351_3",0.44101843403457547
"8732_4",0.17533132575162358
"4771_1",0.03373931245545386
"4094_10",0.9860738519766742
"8314_7",0.7992276146553148
"5273_10",0.24060574919788785
"1773_1",0.0039676907599352955
"7415_1",0.03752904747573995
"677_1",0.03182504255767429
"5585_1",0.003140874719052074
"1523_10",0.8439046729735623
"6855_1",0.022188755374933065
"6634_9",0.9715387707202241
"3866_2",0.004371921755412408
"7165_3",0.04414707459463748
"7516_7",0.16273776831978518
"2239_8",0.924467636442675
"1248_8",0.9993496461653377
"6839_8",0.8621326488637182
"2648_10",0.9528870782064601
"5246_9",0.8291900056139333
"9445_1",0.007632514200517054
"4323_4",0.06328768613003266
"4356_10",0.8295775770720063
"9447_4",0.9407072288426249
"4022_3",0.2631441047232359
"6239_3",0.005079850806888841
"447_4",0.013128622483869333
"6717_8",0.3466775106380705
"2470_9",0.9997705790644726
"4816_1",0.07413922281411851
"1682_10",0.8851473645981696
"67_10",0.9266517093427346
"724_10",0.9570270472450096
"7678_9",0.9864667388870905
"2889_4",0.1349209888559915
"7487_9",0.9776163442139284
"1411_4",0.20347906251203834
"7447_8",0.9991454674875277
"3856_1",0.009963741938459794
"4412_10",0.7861714351139264
"8939_2",0.0003367991506628859
"3314_9",0.9592986620871876
"2776_1",0.17258681431525402
"7986_8",0.9940258334161828
"12084_10",0.9966020837492566
"9529_10",0.904027235874589
"11599_7",0.7604303534664024
"11688_3",0.03533369683878571
"11559_1",0.0002001079492360443
"5838_2",0.22128206762951974
"6397_4",0.44517257340879907
"3551_4",0.6910554717445294
"5646_10",0.88529823300816
"7760_2",0.0013208008478033974
"4983_7",0.9819101212955876
"3870_1",0.6948612732392135
"5621_9",0.9170748755008171
"8716_9",0.9293277644755141
"2017_10",0.9499549050045243
"579_10",0.9997541952447446
"2659_1",0.0005339520072215729
"10364_2",0.45925747299453323
"837_8",0.12878715775497313
"226_4",0.13316817503724818
"4836_1",0.0019481578823017155
"11389_3",0.4671207894494462
"5284_2",0.0001320615435831148
"4277_4",0.40716261956450783
"3821_10",0.4019116895525848
"6593_8",0.9820984817674656
"5060_7",0.21351047290832645
"5121_8",0.9873249228405933
"3810_7",0.7188340018886821
"3941_8",0.5092641132731123
"12291_1",0.02300957182298778
"1082_1",0.01646032100666342
"931_9",0.9282713098010934
"10202_4",0.22114624441269845
"11004_9",0.990556777070278
"5243_7",0.8878350048090708
"2861_1",0.003794632450343745
"11992_10",0.6468988133982356
"11358_9",0.9986853018565672
"3996_10",0.9910529191317853
"12434_8",0.7561345855520999
"8310_7",0.9742051514842706
"3894_9",0.9983293425065196
"3021_1",0.050086314360198426
"1652_10",0.7859786805390792
"90_2",0.10684855605573636
"283_1",0.0360320799546282
"9809_8",0.9806339422155754
"2693_2",0.009630882141328245
"5717_1",0.014925702093083434
"6051_9",0.9926552465115749
"4542_1",0.00041092995926432556
"5104_8",0.986611864154871
"10139_10",0.30540338883384627
"6129_1",0.0036189606590693035
"859_8",0.7031351756646735
"3107_1",0.003810569127483358
"2595_2",0.019440028328659494
"2676_10",0.9556712892608742
"3634_2",0.2660495210191069
"6953_1",0.1885046865086956
"4430_4",0.44183290085900406
"79_8",0.9502785220093758
"7318_2",0.05312594252729054
"863_4",0.08421981571866007
"6393_3",0.5128920022645794
"6910_3",0.8612471355650794
"4438_9",0.9836367393653204
"4242_9",0.8635868115510189
"5813_4",0.3679027608846498
"203_3",0.06252822104455463
"7333_10",0.9955991879339056
"11658_8",0.9540654008113093
"11206_4",0.007506161527403479
"6208_7",0.6468581418745882
"7273_8",0.9948731907114519
"5518_10",0.9656360282957304
"7092_1",0.4110268359971425
"10508_7",0.9617435968548123
"1196_9",0.8396106259808487
"10037_7",0.9832276485843873
"6468_8",0.9896993058062302
"8502_4",0.5391231620655594
"1017_1",0.002022438675010747
"4_10",0.9073598516921566
"8439_1",0.00033279061513991786
"7048_3",0.09470150939574322
"3238_1",0.046501009653992446
"11610_1",0.01832266988740508
"3468_10",0.9983751674150612
"184_3",0.08176011573299374
"12227_7",0.9367226049733554
"4872_3",0.6373962390654301
"11139_10",0.9964662289432789
"4316_7",0.8686234846514309
"3071_1",0.6492034302874331
"335_2",0.056138606872781535
"10847_1",0.002380580631177631
"4646_10",0.9856089896989342
"9382_10",0.9965668577365553
"6577_1",0.09130075487241136
"4549_1",0.00013412985154799507
"2459_9",0.7962826990574636
"102_8",0.4013589866300417
"1581_1",0.010588229938176286
"2439_10",0.9696029400611346
"6988_9",0.7794899406529489
"2024_1",0.005871670648461059
"12375_1",0.00843289356825233
"6084_4",0.005290001671649457
"6617_3",0.32986091098840337
"815_3",0.04253881568465304
"1857_1",0.06072548566631023
"7428_1",0.03949966830523958
"5943_8",0.6002613685318823
"11811_10",0.9903148825116119
"10844_1",0.0014367637299612733
"1275_7",0.952213275620055
"1910_1",0.002317109793620507
"3306_8",0.9698638465747446
"4735_1",0.0049944867659472165
"10819_1",0.07799660822128034
"9571_2",0.016110567345243514
"1037_10",0.9774827955333348
"7177_4",0.6183186423330519
"5066_10",0.9328641028920884
"4888_2",0.08028840827790988
"10646_2",0.011741773751803344
"7929_1",0.007734991580012687
"5181_1",0.0031614814207555192
"1387_1",0.0029646145683076106
"1304_8",0.4046391127281447
"2108_1",0.044656010882412105
"9875_10",0.9995149065964763
"10200_1",0.004528711380259901
"11665_9",0.9317361316716041
"6685_1",0.0016573461984826102
"10234_9",0.9991655085982769
"6622_9",0.7714557845539282
"9703_7",0.9821590088540619
"7504_8",0.15908958702867962
"1267_3",0.20002007122676066
"902_3",0.07185585145117787
"10674_2",0.09235323012993944
"5237_10",0.9565883402240304
"5270_10",0.04202251916977666
"1701_7",0.4562254819009841
"3222_2",0.29645552956307897
"6116_10",0.6006009364771906
"11543_10",0.42995398164579507
"8189_7",0.21265740010147263
"8737_8",0.9819249721260519
"6856_7",0.09229386107961449
"2035_8",0.9780173699601011
"5011_10",0.9784478476504176
"6135_9",0.9941108157204579
"9172_1",9.807450982562811e-05
"5822_1",0.011376904247158278
"8816_3",0.4090050028770103
"1124_1",0.005693871170339094
"5422_4",0.35900246370926214
"3275_2",0.35925135684699405
"2076_2",0.031169055635968286
"5223_8",0.740504484305582
"1814_3",0.25841827380057775
"6171_2",0.3132649364125235
"3228_1",0.044969558444119186
"3693_3",0.1500690112551645
"8891_2",0.04606088273463696
"1171_8",0.9973985517582447
"9496_1",0.706086345628941
"8702_10",0.7891404981491528
"11287_4",0.009627541492258973
"2157_10",0.9943565747277929
"6058_8",0.6129667070140524
"4025_2",0.0002174701549764828
"5097_8",0.8878018583504798
"2335_1",0.002067292304643797
"6945_1",0.00013117245441812253
"2970_4",0.19442639914414195
"10473_10",0.9557843754407835
"10139_1",0.004722405219759732
"7680_10",0.9502105190188331
"10705_1",0.0033529961211961543
"9883_10",0.9906374386919453
"2808_10",0.28139523682083334
"6543_2",0.036263607000966695
"3482_3",0.4294913894912104
"2547_7",0.6185815287003904
"8378_4",0.0009478749978129921
"7746_10",0.9998006607195294
"5007_4",0.028648947405771993
"1623_8",0.994696787130987
"10762_9",0.992975176596694
"8604_1",0.31733719206047345
"868_7",0.17419180166500176
"7902_1",0.0002720328785607
"3644_1",0.23614346304739256
"330_1",0.013262481782736615
"2519_7",0.8740965559409125
"716_2",0.055709705235233796
"9908_1",0.0033662817767108016
"1410_2",0.5368266942203187
"1154_4",0.05439344595030673
"589_10",0.9961464139440649
"10182_3",0.003656862653755364
"6872_8",0.9319618498181935
"7232_8",0.8553211438562305
"4339_8",0.622815065987182
"6652_2",0.002106119321636321
"8692_1",0.0012335276674165312
"4585_2",0.16813573103801593
"5846_4",0.1260658334895934
"4401_1",0.031609569700419934
"4848_10",0.3365593112061578
"1727_1",0.008662101852039038
"8038_2",0.2709898987764254
"2532_1",0.044112499822008544
"11010_9",0.7511816441809036
"4915_10",0.8523804777556779
"6047_4",0.01436275366427092
"10358_3",0.4000883021654584
"697_10",0.9852450978630576
"7648_7",0.9941348709770826
"5495_4",0.07547765670871438
"6611_2",0.27527807836284635
"12099_8",0.9644869291375018
"1109_1",0.00025970122678234045
"6874_1",0.021805734973408132
"8072_4",0.7750335927384866
"11231_10",0.9964660703415431
"10871_7",0.9352661945209505
"9990_10",0.9777797653817869
"645_10",0.9974778267761175
"9345_1",0.1013028584585485
"5298_1",0.020545984928602653
"5971_10",0.3774026922965715
"5079_8",0.9895209277337242
"6022_3",0.0017491382982447884
"4954_7",0.7143139252981259
"5063_8",0.740947794078869
"843_10",0.9754125091716713
"556_7",0.4026860914480212
"1498_1",0.0008610649553530856
"9374_7",0.23980606464314697
"8728_1",0.22365798589384314
"8297_10",0.9236250418122496
"5760_10",0.15251417832507005
"7403_10",0.22014626456062336
"964_3",0.018281736081134082
"8842_9",0.9891297591124416
"11552_10",0.9385050197956083
"5592_2",0.0030413653060723934
"3531_9",0.6915856387680959
"9383_3",0.04420781490912309
"6576_1",0.0014221664256706104
"125_3",0.09212045733043991
"8382_2",0.009245761114757426
"3786_9",0.819587447827212
"8636_9",0.9863125950553614
"12225_10",0.6525105385061395
"8958_8",0.9954883666806709
"5981_10",0.7122966554124722
"9594_10",0.887801491760724
"9802_3",0.0028737123570138938
"4353_3",0.07065283198199852
"10567_8",0.9786803910801423
"3982_7",0.5492726703038177
"3292_7",0.8002400514868768
"1739_3",0.0007261082350118716
"3356_3",0.023972959007471692
"5253_4",0.03831528363876707
"1186_10",0.6504275720393012
"12218_8",0.9226793440254356
"1361_9",0.8883337364240754
"11423_4",0.02961488845152216
"5649_1",0.005700214557500393
"11988_10",0.43249015128019613
"393_7",0.9953582369308862
"8081_2",0.012567002673645893
"10290_1",0.0054512510509443415
"5548_1",0.012226759983437654
"2266_3",0.5502489725374416
"341_1",1.0022312635269703e-05
"2081_10",0.9883526000003466
"6268_1",0.1271776983026126
"2267_9",0.9993768874683906
"82_3",0.035011766457699205
"11259_10",0.9945797320620221
"6760_7",0.5628841838436325
"6352_9",0.905063136064547
"10733_3",0.2611137909479961
"7418_2",0.0006533497324546083
"11562_8",0.9892820064148921
"8895_9",0.9682079113343715
"7911_7",0.29321541176300936
"4885_10",0.9980001111156895
"542_4",0.8870507417494867
"6099_7",0.8829242267543866
"5355_1",0.016756340623808548
"3969_1",0.0011251848578429293
"11541_4",0.5911865238153422
"6413_1",0.15899703555526337
"3725_7",0.8294063265027884
"11757_1",0.030426831640828145
"7663_1",0.3202720890560443
"3161_3",0.043737989526837176
"9119_10",0.9848665506103023
"7726_3",0.11912209315316184
"1764_8",0.9670649317322317
"7211_7",0.14272078283975234
"8069_4",0.4414336342054791
"7119_2",0.12440991722575266
"1163_10",0.9733008516977848
"5836_2",0.0008562121465020144
"1921_8",0.9917370933444014
"892_1",0.13421362510302665
"7629_8",0.9839854176218943
"5605_1",0.03111885828582799
"3955_10",0.998478789754667
"5093_4",0.014087706290247758
"6366_4",0.6260278320325395
"11267_2",0.0021755778911446335
"522_2",0.011687191183892966
"7659_10",0.6258784267637498
"11779_4",0.8766090696322154
"5226_1",0.2511239224077389
"8767_10",0.7824372056032664
"1315_4",0.014339025006974291
"8179_8",0.9966365860374559
"10270_10",0.9679259535117166
"8218_1",0.04378834808184012
"4363_10",0.8494411798824721
"9701_9",0.8745604721461238
"9774_10",0.9961018056843377
"8326_10",0.9963224151255087
"1529_10",0.9693946829349885
"9090_8",0.9985838226437599
"8596_7",0.4979161952124408
"3508_1",0.055485947370100853
"2272_8",0.9347866051110812
"1226_7",0.9744458925735736
"40_8",0.98508542034989
"1159_1",0.009163061668234143
"11508_1",0.0004926733139711034
"2869_8",0.9551661869406559
"4068_1",0.008253294982418323
"7510_1",0.0029139662038206345
"2967_3",0.3032968635869709
"8307_10",0.9664688858017049
"9920_8",0.9919404634881984
"9102_1",0.34015048831787703
"3586_4",0.3787671539002642
"2278_10",0.9949521786776602
"9459_9",0.9988609355208111
"3080_10",0.998636133237545
"8960_1",0.00011807911160913768
"11294_8",0.673426990764082
"5241_1",0.010220815017033346
"4515_10",0.9983903092761527
"5855_7",0.7862444212684948
"12107_2",0.0012501247672002096
"6435_2",0.033895320092506204
"5813_10",0.9991852082429749
"12008_1",0.00038327798202063577
"1613_10",0.9237686599636591
"9381_9",0.82517900630245
"4467_10",0.6713789373024083
"1439_8",0.8410864144391006
"1021_2",0.00641693628084535
"2718_1",0.025263456231072703
"11439_8",0.9277775046085522
"10931_10",0.91723718719553
"4326_10",0.8053307169169158
"6216_1",0.034348646649672014
"10369_4",0.28437672412503495
"1586_7",0.5012682016804866
"1310_2",0.05066779770704257
"293_1",0.002925055886792256
"5968_1",0.02950564513593846
"9338_10",0.5724588395156828
"418_4",0.13134941576533363
"4522_1",0.002153319766708602
"3925_8",0.760339568354116
"9748_1",0.01285083455956201
"7142_8",0.996768416981163
"8862_1",0.8070313535131272
"10812_2",0.031547878454905795
"3262_7",0.9293485364023713
"11540_10",0.19006697546261764
"1236_2",0.024241378331091263
"10321_10",0.7964907000015469
"5782_1",0.009485684266299069
"11765_8",0.8670430629371373
"6365_7",0.06846961308347625
"6265_2",0.06892248700210094
"5426_1",0.005868278585458963
"5312_7",0.990767132531428
"1786_3",0.016181806839254534
"10137_2",0.6364347183800967
"9816_3",0.03972924113005838
"11925_10",0.44645651625802285
"3041_3",0.003989900531542737
"6742_1",0.0254573739784337
"10786_7",0.7660758294933631
"10687_4",0.2218708343378006
"7057_7",0.05826619515103959
"7532_9",0.6348966976224918
"4162_8",0.9961965114465808
"9911_10",0.9794109428857539
"2369_3",0.18698978056216004
"2967_9",0.836777343717999
"9515_7",0.9391897058178245
"12035_9",0.842223679091758
"9088_4",0.4708060958696671
"3037_8",0.6538686658856007
"1198_10",0.9130640387573196
"8186_8",0.30907354648017515
"3455_8",0.9831533424062082
"6676_3",0.5047612058341688
"4071_8",0.9958838055635408
"2244_7",0.8954845673678778
"1252_7",0.6950276808296303
"12178_3",0.002769652412071301
"5623_4",0.10004660188086006
"10938_1",0.00027858519035452726
"2265_4",0.74726882116393
"7442_7",0.16142835716410164
"7676_9",0.9973616837650052
"10666_1",0.005539808186748741
"9430_3",0.15332211401786128
"8329_2",0.0035481264247721076
"11933_10",0.9660316968031877
"7868_1",0.00010051940742532231
"6471_7",0.9766369605688175
"2191_1",0.03665899479073232
"3918_1",0.04317611526342553
"9767_10",0.9396479441255385
"11297_8",0.9728965540010341
"6763_8",0.7921359435022068
"2621_9",0.13177597536746874
"4056_4",0.02348400996748482
"8584_4",0.0020154790564727867
"4541_9",0.9965131722817792
"1474_4",0.20656938091598173
"3748_7",0.9635684815188093
"1314_1",0.0020661794850507084
"6195_10",0.9913324928520617
"3485_1",0.05560937343469774
"5448_7",0.8605416737162731
"12392_10",0.7268639410578401
"5807_10",0.9765664766986261
"11783_4",0.8905721894131119
"5693_1",0.01247303149667129
"5031_3",0.016746317468605307
"9684_1",0.08811886602050902
"924_10",0.6786754347247393
"12254_3",0.5049058052673981
"277_1",0.012652844125216701
"4384_10",0.9938098081739408
"8288_4",0.17671978966328047
"3056_3",0.020436372655662487
"4683_9",0.9210466876304505
"907_7",0.9964366536407261
"6720_7",0.517403174159309
"12192_1",0.029337549219902233
"11090_8",0.8395326900762965
"4682_7",0.9495782033897193
"11698_10",0.06226429261400664
"1530_1",0.0319866135397215
"3017_9",0.9731342443055097
"9702_1",0.0031313337526654716
"5761_3",0.10679183116861739
"9920_2",0.8340706790911371
"8250_1",0.8818234020603648
"11900_3",0.04084648074547931
"6128_10",0.12773033581652254
"8667_10",0.9197865784156422
"8304_3",0.002718818777343813
"1049_9",0.8913460673745119
"10262_4",0.0975358051938252
"7315_3",0.0024268673641047694
"4935_10",0.8741036723754932
"2453_1",0.0025925279266750434
"4820_10",0.6536461244689499
"3111_10",0.9139545788842292
"10351_8",0.9720609659547954
"146_1",0.03152513429310967
"6093_9",0.9987928022387509
"7215_10",0.9738949969208969
"6098_9",0.8864692693238394
"2873_10",0.9533002694925632
"2683_10",0.9342893330602031
"6886_9",0.9686602970946382
"4992_8",0.7478064314120496
"1038_1",0.4467782238168027
"988_3",0.0018531970991157794
"212_7",0.4147589267458765
"6838_1",0.058592480932233224
"4865_8",0.9189688514148342
"6908_9",0.9947500198625663
"8548_10",0.8795286394287873
"2297_4",0.22347189483796379
"3455_4",0.008946751320509221
"5743_2",0.0029601351216899966
"5820_1",0.49049870542268104
"4636_3",0.45304211056890076
"8184_4",0.005653157220539573
"7413_7",0.9428304587062744
"10750_7",0.9561157865453204
"10064_10",0.9954625407127679
"408_3",0.009052780993308097
"10388_10",0.881772698792585
"8380_4",0.046110658563261256
"8904_2",0.02121649195528253
"10854_10",0.539580861613752
"11511_10",0.8781750398966907
"259_10",0.985494689800063
"1580_1",0.10278354309061974
"11775_1",0.006134903779928684
"8674_1",0.04783940717142085
"9540_10",0.9992580285481631
"6177_4",0.0020888440366354693
"11074_8",0.9609805969590108
"7191_7",0.929498195582397
"7496_1",0.010086598187017034
"4424_9",0.3398292099630149
"5733_9",0.21091356818294305
"2887_2",0.0014675544404470773
"239_2",0.0031623473836851906
"10920_1",0.029361924526423597
"10342_9",0.9720755312909867
"12321_1",0.0020305866467527295
"1833_3",0.004872834900581866
"5494_7",0.937779678632688
"8687_8",0.9952054258382551
"1076_8",0.7855551748419154
"7638_3",0.5140250104127925
"1361_3",0.38527775869636155
"1884_4",0.32929064888952875
"2056_10",0.9685043615313919
"5_4",0.8177389105235626
"1034_10",0.7104128791471803
"4008_8",0.9737501321729711
"4239_4",0.1860125088752021
"7257_4",0.19995165992772765
"9541_8",0.9738259495834994
"5869_1",0.0005413903571274826
"1326_4",0.020290069870646982
"936_2",0.03991586749033157
"10473_4",0.013740368984779894
"12413_2",0.011571738902123652
"5934_9",0.990632912880445
"2419_7",0.9190809817370467
"49_4",0.40175040922327604
"2129_9",0.7662256446652992
"12356_1",0.0005581300204463643
"9268_2",0.04527749189666279
"7915_7",0.6991787764146717
"11405_3",0.6120188802138142
"7526_9",0.9673334136314049
"6639_2",0.2844928589628533
"7939_1",0.0003153332424829745
"8934_1",0.2571002262593851
"2422_1",0.0011181667172608981
"3885_4",0.2244616734906287
"1703_3",0.021639504200158657
"7530_9",0.9984741588098566
"5833_1",0.0005077145662126388
"9858_4",0.4134570360806132
"12307_3",0.0013768955713248463
"9341_10",0.9642427506322137
"4490_10",0.9768620609376244
"9292_10",0.9608484494303147
"7830_1",0.00029275803718639394
"5329_1",0.00035569077890421037
"5205_10",0.25834303576715
"2172_1",0.063217188145389
"8857_4",0.038788898522571
"7933_1",0.019031492562512187
"12277_4",0.4263818035948796
"9853_10",0.9664937856730882
"5927_8",0.9978875848857411
"4453_4",0.00777622077011123
"3034_1",0.0045643304315815415
"3469_1",0.07614699734359476
"12014_2",0.13354752417232707
"3802_3",0.14850573812744658
"10911_8",0.6982733610724706
"7519_1",3.4017730543488425e-05
"4155_1",0.33328998531233905
"7873_1",0.0016867361138703514
"7002_10",0.9469057350359069
"11597_1",0.10545276595359693
"9043_3",0.024246083059916684
"7623_3",0.2714953314300797
"6615_9",0.999962694084208
"5982_1",0.007559336391273917
"492_1",0.0035704007622222897
"7105_1",1.6309942724385215e-05
"7072_8",0.8591187000904886
"7585_3",0.4450842733870209
"114_2",0.016429021542820242
"675_2",0.14112871620774967
"5141_1",0.30149700366695376
"11299_1",0.006201630926586271
"7008_4",0.5586391421274068
"4963_4",0.39020577608356805
"9363_8",0.48483959094375234
"12419_8",0.4673095649625681
"499_2",0.021213224873692624
"4741_1",0.004050814712642048
"3160_10",0.49095742954152494
"4605_7",0.790591731696738
"7181_4",0.3637974277596436
"2620_3",0.01673850945114965
"7101_7",0.1630497772015065
"3358_8",0.5166976939845783
"11150_3",0.47305411582750806
"11555_3",0.18512871595901653
"11975_2",0.47495439764304537
"44_8",0.9763364230073746
"4699_10",0.9936952326522517
"6042_2",0.03084485592300277
"10368_3",0.21562032970377662
"2409_8",0.41458395610689464
"5933_1",0.12302963736321579
"7460_1",0.00048332307065065543
"11653_3",0.9845706803089816
"1699_4",0.8619431035017293
"6189_4",0.23004515445528476
"12263_10",0.9967599292957143
"700_7",0.9005549487131616
"1974_9",0.2945799704704117
"4664_1",0.10817820299154109
"2083_3",0.24081140249990213
"3454_1",0.0025587960032469313
"3196_4",0.8557990227165799
"7920_2",0.3590132989029219
"10257_10",0.999192999689484
"12344_10",0.9648011519487713
"130_9",0.23696258745195603
"315_4",0.3143333860140355
"5923_10",0.9851191884091322
"1234_10",0.9936068839164326
"7402_2",0.014420331092040007
"4634_1",0.6013825057082413
"2558_10",0.7126408225363855
"11220_10",0.18615516130424584
"7652_10",0.6955812732177483
"1070_1",0.31353326998688275
"3018_1",0.15471651269738718
"6365_1",0.014983094492129836
"6081_4",0.0842122545742476
"1015_4",0.5711414187345557
"7071_10",0.8368973710329852
"4682_1",0.0059572846868904865
"5242_1",0.6342166204010024
"5125_9",0.6311562395469633
"11299_7",0.983242866542525
"7445_1",0.01098986551461746
"8206_10",0.979180506221602
"7878_7",0.8768838754886193
"11630_4",0.05206718695110412
"9391_8",0.48632764760090785
"4755_2",0.0008766497150987993
"36_8",0.9202419085025637
"617_9",0.5498316810349295
"987_7",0.9396288379077725
"1185_1",0.0011859272116061083
"11135_1",0.0020637887977243033
"6457_2",0.038480178499424145
"8337_7",0.7336325903932804
"9931_9",0.9934768693224904
"6932_10",0.9844293684215497
"9504_3",0.11622513981017407
"2333_2",0.38602401875510495
"10397_10",0.9855749423929392
"6200_4",0.09250999946957125
"8004_10",0.9815728720497006
"10818_10",0.9853730490563907
"164_7",0.2831766552528144
"6945_9",0.4712546498647785
"2551_10",0.8629320254422793
"10887_3",0.0008458714059395859
"8942_8",0.8759222540600821
"6779_1",0.19780170177611364
"9818_10",0.8981930087329585
"11352_4",0.001083288259609793
"1035_9",0.9919848048757486
"9212_2",0.0004030930779438704
"8530_3",0.49696496834205167
"7858_3",0.046235926812742155
"1777_4",0.01314799137831176
"6976_10",0.9907499402611423
"9426_2",0.006554865544102719
"2154_1",0.1419301217000667
"7037_9",0.9890449165940828
"1501_1",0.0056511636610637375
"12448_2",0.00169957872850995
"1005_2",0.018183312406909465
"8031_1",0.1582591399049991
"8084_8",0.970175181889651
"11933_3",0.007697878770959029
"3206_10",0.989589707868626
"10197_2",0.005780289833440196
"8838_9",0.8224803476157891
"7720_1",0.0023804473625948595
"9739_3",0.1755584641452238
"8312_4",0.1736675435105117
"3492_9",0.2334059155244512
"1133_8",0.9961902765155484
"3255_9",0.8853369768774763
"10625_8",0.9551389345428969
"12307_9",0.8881362983757372
"325_10",0.999644434916832
"4393_10",0.7752654938525047
"8755_2",0.0004894374016996692
"2645_4",0.15337765653586063
"10712_8",0.9523829875290063
"10358_7",0.26375291996861894
"10913_1",0.5942838580978904
"8406_7",0.9245496733107168
"12131_8",0.9041335339721861
"8306_7",0.8217566447662812
"8722_9",0.9989282977206017
"6363_3",9.130442083202261e-05
"6876_10",0.8308673102896502
"10802_8",0.26455626122396075
"6078_2",0.03899085881677512
"4558_8",0.985912068439319
"643_4",0.01031089642391346
"9956_10",0.5620624200351941
"7267_8",0.9811262917115041
"10491_7",0.7970681686411106
"5105_8",0.9942507673609006
"7213_10",0.929761959043486
"8442_2",0.10234190238551497
"11035_10",0.9822461635858307
"9961_3",0.28136706968678
"2616_1",0.009239885622559587
"7666_4",0.07437453009928534
"548_4",0.6314697233592872
"2425_10",0.994369732729539
"4173_1",0.0021979603661346136
"3558_10",0.9855110014838386
"4117_3",0.06366037855445456
"9803_3",0.30846970375481875
"1545_1",0.02209401281056397
"6564_7",0.9934775098469136
"1306_1",0.0007969196592041127
"632_1",0.02216982379101027
"3132_8",0.9765583379510107
"5755_2",0.0018944505053626276
"5282_1",0.003534029775238666
"5891_10",0.9996192414162136
"3961_7",0.9862377777297219
"4107_1",0.3481623061611984
"2370_8",0.8818700489368174
"1363_1",0.001726115514758776
"5359_9",0.9986366352628383
"759_10",0.9962528938080389
"727_8",0.9842056965258175
"1875_1",0.030645630465189415
"10586_1",0.012995300411527268
"4906_1",0.08601802148614807
"11685_4",0.020180038821131677
"1632_1",0.10906479093633646
"4913_10",0.9560052590854898
"11375_1",0.11593404150844948
"423_10",0.9594530684623181
"5957_9",0.9289478461603585
"9389_1",0.0005824636050346073
"10450_7",0.9889982580297657
"4205_1",0.28138451726167263
"2983_1",0.0008520415577553472
"7895_1",0.0001023401699789537
"2761_4",0.019106554261384787
"3359_1",3.257459366717076e-05
"687_9",0.9780782699434231
"8150_1",0.029399776595708006
"1647_10",0.9849636560337496
"10920_8",0.9746578708898755
"4813_8",0.8331683256600076
"4628_10",0.7106830857209457
"5738_4",0.0014220004555151864
"11255_3",0.028748367654897324
"7801_10",0.9741664774371359
"3258_2",0.0018662559701780343
"10513_7",0.7480928452364115
"9358_8",0.9926050847692522
"6864_2",0.005564351025911452
"3038_8",0.6013832743702429
"6928_1",0.7111130862110867
"10277_10",0.9895888462448271
"9231_1",0.006552057794748688
"8098_7",0.6053897957068055
"11550_10",0.8319152924199924
"10233_7",0.372147695500216
"180_3",0.08273920880855161
"538_8",0.982674748537587
"4977_9",0.3049370176437542
"11386_3",0.12024877162639767
"1045_3",0.7620221643590845
"61_1",0.17586011174414293
"6907_8",0.9058457825851458
"11368_10",0.9540156819894882
"10_3",0.052281498265038105
"7034_3",0.200425088920674
"3051_10",0.9757895194636662
"362_9",0.943418734854052
"8037_7",0.9248350082012916
"11408_4",0.12355412275921604
"8783_7",0.8997112322809746
"1755_10",0.985730548181984
"3610_3",0.08175269595013643
"1376_3",0.11302771833745584
"4970_9",0.23282201101453456
"7802_9",0.9391360637328331
"4169_1",4.81548808542724e-06
"2063_4",0.8430492768263644
"2825_10",0.9900101348806262
"10758_10",0.9999133879733691
"10778_2",0.0008094023091911849
"979_10",0.9389483117369074
"11700_4",0.971708819263918
"7848_10",0.821982356138355
"1294_7",0.983088289214698
"4806_4",0.6789874785195872
"10159_4",0.8219070098838321
"3461_4",0.8488269255518132
"10312_1",0.6799850230951753
"4297_1",0.009612390630050961
"5081_2",0.1486572001857983
"2156_1",0.038558227274679044
"8417_1",0.03329105876813167
"10182_10",0.9853833320491691
"11732_2",0.0009031541053421541
"10078_3",0.08898590378242688
"4772_1",0.008564599122541193
"6187_4",0.20624057738663443
"4219_10",0.9955571321203786
"5208_8",0.9603972469646148
"4935_2",0.0010029177056245333
"6528_10",0.9060948049227721
"4080_1",0.020649631831052742
"6147_10",0.5954696906554021
"1352_2",0.0921749971146793
"5675_9",0.5746802999557283
"3024_4",0.02760326986845595
"6930_3",0.0007398976275252102
"7005_1",0.13835430706148952
"380_9",0.2965812570067024
"5923_3",0.42452381690446955
"1246_9",0.923268190290197
"3081_8",0.9963995520941729
"11913_3",0.31960408992364736
"4112_8",0.9328921577627974
"1440_8",0.909184249620599
"12123_7",0.31619585706739084
"3731_1",0.0052358825805147915
"420_10",0.898529436867846
"5862_1",0.003874284485362583
"10864_7",0.9688421240653672
"3484_1",0.039352300563991104
"9438_4",0.07866706463219993
"7032_10",0.9988011586106881
"7670_2",0.6681456609149059
"5251_9",0.8673064558660588
"5296_7",0.7506361564858891
"9161_7",0.07839220359433471
"6446_4",0.010023906599961616
"11694_8",0.8740150577964362
"1674_9",0.969389505994547
"8831_10",0.39234110649281584
"11813_10",0.9987092574947631
"3380_1",0.003109214652219692
"8653_10",0.9960061518094186
"10485_1",0.09908926773431895
"3771_9",0.8472543285754218
"5534_1",0.004610581453348226
"2_7",0.8635940076176454
"2334_9",0.998988650237894
"8327_4",0.1409228963238878
"8552_9",0.8871372218953218
"9117_10",0.9884726593679247
"11953_10",0.927830784785942
"7015_4",0.5875255564836704
"9649_10",0.9864526704918753
"1701_1",0.0719633726901467
"1946_3",0.02231900780316876
"1536_10",0.9573710710888479
"6419_7",0.9631111261663204
"6619_10",0.9058500830641795
"3715_10",0.9996739690182718
"6001_9",0.9984239941875611
"4555_9",0.9668587803583498
"6367_4",0.02135808051050507
"8350_10",0.77375201591462
"8376_7",0.9743926307492231
"8231_1",0.01716371854933397
"11595_9",0.9979173417786238
"10372_4",0.7884515849369317
"2711_8",0.9691392010000256
"407_4",0.007254710934238613
"10798_10",0.40821906371298966
"5358_1",0.0007330607870625997
"158_1",0.01284126187987229
"6578_7",0.993283491268859
"217_8",0.9374009983497092
"4535_10",0.9097095691418968
"4887_10",0.6482588757367341
"5595_4",0.27181041291797636
"1837_9",0.9932746085472145
"7723_1",0.0003471115744475839
"1935_7",0.4713173042783667
"7357_4",0.022277784186351825
"3293_3",0.04616138263994107
"5176_1",0.004885857383477437
"10930_7",0.8782796530940514
"4618_1",0.29094032610581216
"15_2",0.026956137192153586
"4009_1",0.899542245177658
"3854_1",0.0036891243613253414
"2889_10",0.9993595257108505
"2737_1",0.8063600926969099
"9811_3",0.11754254367860364
"12016_2",0.08453013256359634
"8470_10",0.5042127704286138
"2965_7",0.10149758768690643
"6620_1",0.061664535310885865
"7447_3",0.028737162742302296
"1197_9",0.9963196133527632
"9750_9",0.886537938650726
"3001_1",0.015189300836061077
"8068_2",0.04858436800051738
"5660_1",0.17285031459030822
"5595_10",0.48979871748152776
"4377_4",0.07797311978762049
"7354_8",0.5504980125134726
"11858_1",0.0009083871154910576
"7611_2",0.22348190869542478
"6855_7",0.2589125649177966
"11522_1",0.006816524822912358
"21_9",0.9070880510281218
"3423_9",0.9780690497119838
"2061_8",0.9942549230963428
"5594_10",0.9398833944902528
"6106_3",0.23033660785122764
"9222_1",0.0181264343892991
"2305_3",0.002626362742692371
"12493_4",0.8163356870338552
"8841_9",0.9203368470876441
"3824_8",0.9854447712477838
"703_8",0.7867464123434619
"1638_1",0.02766070375261297
"11339_4",0.09499404754638069
"10173_1",0.16183925290836676
"6481_2",0.2524212082876453
"9468_2",0.21432301906055612
"1830_9",0.9984695999359005
"9940_8",0.8459424938185879
"7768_1",0.05737855582724528
"414_2",0.017513910376774598
"9554_3",0.005253344394033327
"2894_4",0.008547782727735046
"2509_7",0.9681134759934981
"2430_2",0.06958168088029967
"10244_7",0.9728070359665992
"2874_9",0.04008853586264795
"4615_4",0.8406066095505687
"9011_10",0.9569809595110514
"8977_9",0.986169825524127
"6709_9",0.15709917728786413
"7963_3",0.1996783358995166
"7531_10",0.904346255899854
"5058_3",0.16490668424610566
"2875_2",0.156313675965434
"9191_8",0.9552657635157159
"2596_10",0.8654968132629633
"9660_8",0.9510122997536272
"3682_1",0.02833650719715607
"4189_1",0.010797280803114075
"739_10",0.9939456207749378
"836_4",0.037968446056465016
"2422_7",0.5689294451064983
"4318_1",0.05725333499130472
"1443_2",0.0023134934398537873
"2782_8",0.9754786790601666
"10260_1",0.33945853077533533
"10624_10",0.9972811356694666
"3288_8",0.9534854762925168
"155_2",0.0016872834505506828
"4941_9",0.8716470608342017
"1449_8",0.9984881823980617
"10575_1",0.0011404645850871717
"3568_4",0.8474852105504038
"261_9",0.8679157196359907
"10420_9",0.9958620793768455
"4008_1",0.5024445884844161
"4263_9",0.7785675624592192
"11924_4",0.13665547070612427
"11488_7",0.8531509200792068
"1599_1",0.012629087725925817
"11383_10",0.9998227662603167
"1800_9",0.9506409255789603
"9705_10",0.9473724558727658
"10044_8",0.8649902450863328
"471_3",0.04231799411539541
"3494_9",0.3295863996096633
"11492_10",0.387931102546206
"257_3",0.2535932091748667
"10745_1",0.010198892113105592
"7305_1",0.010949465131672113
"6239_8",0.7132775321480985
"3068_10",0.7721649203109947
"2862_1",0.005761165154134188
"11217_4",0.4357467613457297
"10650_9",0.9795133070367926
"3588_10",0.9740005772631526
"8345_10",0.6470675263848218
"9980_2",0.16240635834183903
"8901_1",0.11388300194570157
"5438_8",0.9754995744479658
"10879_10",0.9975186110465538
"9064_3",0.46565923877148724
"193_9",0.3771384341236676
"470_4",0.09400982781599108
"5128_7",0.9407094777871983
"10542_10",0.37723886711607396
"205_10",0.9939700363875147
"8091_7",0.9863627375915759
"11383_3",0.011249864839980514
"10274_2",0.003149021490177482
"7865_7",0.9876360795358914
"7525_1",0.062423021755340195
"2168_2",0.0019319001810350137
"11082_8",0.9549509774265024
"1991_2",0.0235714828621556
"10524_10",0.9909431220802196
"4628_3",0.7409477439175137
"4269_7",0.9743174616195557
"7367_2",0.014187875632049202
"1390_1",0.14708950383751612
"7158_1",0.31122940366802365
"12442_10",0.8153995926370353
"8388_1",0.01710889319626809
"7980_7",0.881615882556775
"3054_1",0.09632785644854755
"11143_2",0.12190266434231378
"2238_1",0.23759610611252438
"949_3",0.015553768875005657
"42_4",0.49732513485801216
"4093_7",0.9735582783098616
"3657_3",0.718325308792904
"9812_10",0.9980017111760493
"6879_3",0.30781155376114405
"2189_8",0.9645185329994028
"11804_1",0.006835845950959159
"5280_10",0.9928387379420338
"411_8",0.6587886190515566
"5673_1",0.0007324736832865302
"11633_2",0.002242717491999127
"10389_1",0.0005274610717832221
"9516_10",0.8336871338132801
"12169_8",0.9382142092127344
"232_7",0.8741909492073593
"6061_4",0.0035322855058071492
"6755_8",0.5912193732929288
"2880_10",0.1995950475106071
"4187_7",0.8868424012809467
"4175_7",0.9245081907874448
"11674_3",0.5733457836981611
"10397_1",0.010596576798375976
"4334_10",0.9804642876187828
"7654_10",0.9110724133784484
"1657_9",0.9963200496965449
"2025_2",0.009548891649420244
"2276_4",0.014303792679063135
"1957_10",0.9224855875468069
"11627_4",0.04665584364721466
"11799_4",0.046129998056483226
"10251_10",0.9929186411512771
"1231_4",0.0677443473152893
"8302_8",0.9075555668316454
"12342_7",0.06726643392450475
"8105_3",0.8228150505018047
"3892_4",0.03246312663561589
"8473_9",0.9665687110325999
"448_8",0.9532324573484046
"7317_2",0.09362345375108237
"2074_1",0.11144884671399871
"12249_7",0.9678617793129038
"5467_2",0.051593553180617875
"12109_1",0.7107569503512194
"11511_1",0.0006963537353879229
"9476_3",0.7016053828900389
"1170_10",0.9941999747070841
"8970_9",0.08650685661351523
"12308_1",0.026582205369644743
"3101_8",0.958866541710176
"3066_1",0.0003075011080342123
"11519_7",0.8032947047716668
"5314_2",0.00031436637722585993
"9160_4",0.12634587775480488
"6512_3",0.04358585985755745
"7836_4",0.14859829066498909
"11429_1",0.29946571021053764
"12043_9",0.9477983052687368
"270_1",0.00497389055539981
"821_1",0.3361439078737634
"4572_10",0.9085449882429275
"11437_1",0.01944357816936356
"4899_3",0.13214658245866592
"8226_9",0.9626332799174429
"5445_9",0.9993621646021968
"2459_2",0.15296591334815732
"12192_7",0.44697564967928505
"5459_9",0.7134482718150039
"7308_7",0.9779138207598084
"11308_1",0.0198938621588542
"4122_3",0.006143331483682959
"144_9",0.876884878288676
"12145_4",0.3476131455367795
"8511_8",0.7884617456124262
"11319_7",0.946672617428256
"9257_10",0.9341778490843892
"6737_3",0.0027826250180908274
"9327_9",0.982145317510213
"1246_1",0.0028328919982603274
"11239_10",0.9764901590816335
"2915_1",0.06644851491193772
"6019_10",0.9919620890507763
"1151_9",0.9352215542237949
"11796_2",0.15917986151072622
"10400_9",0.29510898491722254
"9599_10",0.9471035181677236
"2283_3",0.02106371023235016
"5474_3",0.02366185242543872
"2670_3",0.001392579666712156
"6_3",0.41363275299129776
"69_4",0.11937852451348539
"11234_10",0.4058456478068946
"6575_10",0.9990131384264905
"9391_1",0.003102854113913503
"12053_1",0.02940260250283603
"1387_8",0.9533106771679757
"2649_9",0.923498080490418
"9004_4",0.14472831898266625
"8723_1",0.021829608141107962
"11609_1",0.018055080288892727
"9585_2",0.03032588620098447
"2736_1",0.0005558057822543237
"6607_2",0.05657462864425025
"11939_2",4.943109157397569e-05
"2024_8",0.9774943716612312
"1503_8",0.2069469170614188
"10177_10",0.9981381284804498
"10266_1",0.0031819432108858474
"547_7",0.3390468323799442
"5272_10",0.8104046797453062
"5204_9",0.7480704162224049
"9369_2",0.019155287627591413
"6273_1",0.001653567717085504
"10825_7",0.8613635068184644
"644_8",0.2698401046361426
"347_1",0.046679767499853794
"12309_1",0.04058612028455918
"5502_10",0.7713634893568365
"7203_1",0.0015944200261718197
"8714_2",0.05667600496339373
"713_8",0.8547135831085882
"10289_1",0.6927009764465749
"7666_8",0.3054107233858924
"6753_1",0.108836800715332
"6350_1",0.0002312843139971314
"11232_8",0.5420562072738531
"10551_1",0.00654417522818081
"5967_7",0.8460155086868986
"1049_3",0.008902537244204058
"11238_10",0.139170600920304
"8043_9",0.9702328620693921
"8751_4",0.19193412687863518
"6514_2",0.09108671318086482
"1461_3",0.10170710904467993
"12137_8",0.8033841096347543
"9884_1",0.0028903222971220187
"4652_10",0.9864075448905886
"3169_4",0.4566221921289991
"4138_8",0.9838069163892645
"6125_7",0.7946512134907529
"7298_8",0.9336664905648558
"4602_8",0.15249444774478998
"3523_1",0.08305914622276071
"10990_1",0.1078840838062256
"9278_1",0.04407524354731968
"2614_3",0.011245056476810044
"4762_3",0.0038476286655834803
"2557_9",0.9934929927743147
"9390_1",0.00022135577979126995
"7144_10",0.9888933784882696
"6655_7",0.6049279086126242
"9806_3",0.005170015838522686
"986_10",0.9440198753674435
"9969_10",0.2819142263996872
"8915_1",0.08435971484836224
"3888_2",0.014657230270355245
"1963_1",0.022127116322860182
"10523_9",0.9036651795600678
"9995_2",0.8099970684363983
"4491_1",0.42295783185294317
"926_10",0.9977325399383593
"5679_7",0.32039464133347884
"5201_8",0.09380538600428455
"9785_3",0.02178069835677116
"337_1",0.0030028714901703863
"4129_3",0.03596502208874526
"9231_8",0.728910703521519
"2058_2",0.00016629698785919876
"4801_10",0.9955264877779515
"2116_1",0.014933407285062613
"11539_10",0.9534639221499285
"200_4",0.31417231632427767
"8271_10",0.9924254899318488
"10088_8",0.8245778340218548
"10816_10",0.9566640325778918
"80_7",0.39886653866897126
"9331_7",0.9547507476932282
"3866_9",0.9995107584885915
"4534_3",0.6255621971104861
"8981_9",0.8646869187218199
"510_7",0.7223214659570454
"4980_1",0.1307294043152748
"3336_1",0.44248862539359984
"1934_7",0.8387764365888726
"2815_4",0.9841179975907662
"6606_4",0.746069377625166
"11802_1",0.013966742749721013
"6312_9",0.9875153176189145
"1914_2",0.020966844811803196
"1970_8",0.9898485696531473
"9791_10",0.2492664090819203
"3721_10",0.2961179292650596
"7947_10",0.9461497917250832
"8009_10",0.8919817372623298
"3370_7",0.9538482447057377
"8943_3",0.503439772170059
"5873_10",0.6461482652074677
"7379_1",9.996392564857633e-05
"3585_10",0.9997140034656108
"6934_10",0.8956238480881905
"5841_1",0.011759075011247407
"1354_7",0.8167956515218648
"9215_10",0.8028292786843696
"2668_4",0.0018584037884050429
"8441_8",0.9866920544156599
"5255_7",0.014124961508084254
"3649_1",0.002283041460707118
"1169_10",0.9985665124591342
"2366_7",0.6690918418868201
"4229_1",0.0058511585708348295
"29_3",0.6596488768949575
"6109_2",0.17075113165056388
"11174_4",0.008914084777773645
"12477_7",0.6957818712590598
"11713_1",0.00038711543389178697
"2231_2",0.00715314804762633
"7598_8",0.9975934967822263
"5095_3",0.12523762447638517
"3062_10",0.988844425077107
"11451_7",0.9976842661930293
"7100_3",0.002930470455039094
"11005_1",0.002549121285462032
"9902_8",0.9716902975621645
"8850_10",0.9963744900436842
"5542_2",0.1049081443150604
"9371_1",0.04755331984975448
"8042_7",0.9308568312005995
"1757_1",0.13146523150814174
"2256_1",0.04185892902205771
"9793_3",0.04945813040592799
"11791_2",0.8333159176661309
"4814_2",0.04765403567323054
"630_7",0.881356389492016
"10622_10",0.9650516622690296
"5781_1",0.2565254972939773
"7422_10",0.9672103828018044
"10084_10",0.988286568207896
"9550_9",0.9619392333615182
"11646_8",0.6130503635200495
"110_1",0.1325768314438277
"4811_1",0.004058691827443854
"9559_4",0.007898260340506058
"2755_10",0.8780680614085044
"698_1",0.020136933339815078
"8437_1",0.36524679412942346
"1470_8",0.8477064613377722
"11449_8",0.16241283974607723
"8078_8",0.8531095420725395
"238_1",0.0003412972963339815
"4950_10",0.9941563628930309
"10793_7",0.9197940518606749
"8497_10",0.9996228048447933
"9160_9",0.5245832508343798
"8472_1",0.3254701756878591
"1583_8",0.838874713153795
"2923_3",0.04775260721445598
"9770_4",0.7390525207448316
"10706_2",0.03550265235420416
"4573_2",0.45647733055953443
"11176_10",0.9597629043869786
"616_1",0.0019654232006747715
"4574_8",0.9620284956920657
"8465_10",0.8830504915324421
"4049_9",0.9896056776590048
"3707_3",0.0002360951344969438
"4398_10",0.9202498194767427
"11727_1",0.012898581079875649
"7244_8",0.998299642663589
"549_3",0.7995747041330363
"9461_1",0.3074273668696834
"6748_3",0.04940630842299367
"7093_10",0.8159051829331322
"9115_10",0.9977572623550284
"8284_9",0.9991202149384403
"469_8",0.2878518702376251
"1281_9",0.9898344275289054
"2816_3",0.05700991593710052
"11001_7",0.9721790500322446
"6987_2",0.015042925069597498
"5428_3",0.0009628831344274617
"5992_10",0.9974012315905088
"2315_1",0.018492725245406513
"7329_7",0.9209836264916059
"3956_1",0.03206460119828288
"11453_1",0.027722220215988386
"726_1",0.0025264861115173913
"10517_1",0.31614504146795486
"4494_8",0.7433558961290381
"11980_10",0.9976755260061726
"2926_1",0.7909920195743099
"1671_2",0.34499565838710805
"8291_4",0.035538687888563056
"948_8",0.5689000219042135
"8122_1",0.5726673402090389
"9343_10",0.9458358839811158
"6011_10",0.8884286579003614
"7156_4",0.2544054852231186
"9596_2",0.009910679177802563
"10583_10",0.9963875637752467
"3190_10",0.9431705274861334
"10841_10",0.9875324697322857
"6122_8",0.3697515848112094
"1315_10",0.8326170909070343
"3667_1",0.008981310819445119
"4225_2",0.00017048477351544835
"11268_8",0.9167378985861939
"412_7",0.9598756787674793
"4891_10",0.9956059494222208
"4791_10",0.9779755138145075
"4463_2",0.0011743008601063916
"3173_7",0.5003204634087407
"2937_8",0.7877667483816702
"9438_10",0.29157680763601806
"9900_9",0.7051115763964869
"424_10",0.9294380589841513
"955_10",0.9577545902059247
"10060_3",0.006787169996797683
"6063_9",0.9956369453057106
"1960_1",0.002308009717237104
"1456_8",0.9324538742316478
"1859_2",0.06950144868561392
"1262_8",0.9907396730717349
"5325_4",0.07118464213714669
"5944_4",0.1609348002524828
"2805_4",0.41302348410556283
"11591_1",1.2480599252995493e-05
"3257_1",0.025312494252540403
"11444_3",0.01665406957328555
"5446_3",0.3322936799893537
"11801_1",0.22505931215901628
"8653_2",0.0011999314435785957
"10939_1",0.007464749166430628
"10079_10",0.8631877179620308
"8188_1",0.07715846487448694
"3825_3",0.005873191733635159
"6659_2",0.07908367047507178
"9779_2",0.07830735924054144
"2852_2",0.026256541086028325
"11117_7",0.9966506434120088
"4367_3",0.8407733505038782
"7538_4",0.20140864793434782
"9183_3",0.5943580393227319
"1910_8",0.8667343436311205
"4563_4",0.3207147892692103
"7743_7",0.9570106739316117
"6770_1",0.011280319111218034
"10133_4",0.08723609364572892
"6279_8",0.6765381939814594
"7907_1",0.004296977937030965
"1458_2",0.1518100459440764
"12427_1",0.08911378177072868
"3221_10",0.9612559141380581
"1614_10",0.9935278009779396
"2761_10",0.9697330604432907
"5151_4",0.06690563047197146
"8803_8",0.9461866255885709
"10726_1",0.0026989651647973986
"824_8",0.44193080492480136
"12377_10",0.8054373408382659
"3401_3",0.0036303578928592716
"3603_7",0.5135584656838342
"3655_4",0.028104957480734154
"9963_3",0.19232958259420282
"4266_1",0.0003600797115057262
"1176_4",0.19197820074046337
"959_4",0.08383571818735326
"4494_1",0.26688198740232005
"12381_10",0.9702081808096794
"4603_8",0.7551550426331464
"625_2",0.8272448208059374
"7597_3",0.06592256211111587
"594_9",0.9484420153652267
"10998_10",0.9951428579543163
"5122_10",0.9793236326751336
"9820_10",0.7568698298980882
"2428_1",0.00043897938796715643
"10928_1",0.001112290222958022
"9083_2",0.06061306778589718
"8669_1",0.032870654714865756
"9159_9",0.9527901356321775
"4171_10",0.7899936726633456
"7985_8",0.9880330863970348
"4181_1",0.1387379477991702
"4577_8",0.3377857676494993
"910_4",0.06679475689363114
"10673_4",0.480380158156486
"1530_10",0.9139073152828503
"2436_4",0.45068043882744746
"3934_10",0.9214854813516509
"9273_1",0.006376075160353095
"3188_9",0.99622552702835
"1826_4",0.014766222258049017
"4777_1",0.014027515996875914
"7449_10",0.9988878480636469
"490_2",0.9815421000169827
"1351_1",0.0002495928675330678
"9172_7",0.9635473257584054
"6211_8",0.9543163172264356
"7114_8",0.3048767854165998
"1316_2",0.00029872591261612103
"6531_10",0.953411717802274
"4381_3",0.0024461065086933066
"10347_1",0.0035557313501286794
"5497_8",0.9947329348209608
"7041_10",0.9769049730314232
"4466_4",0.014223733159363084
"1690_1",0.002044914417278524
"912_1",0.06233183028526706
"10342_1",0.0031922700754926712
"6323_4",0.08984644795848198
"3243_1",0.04853286731733557
"9143_1",0.066037149904119
"7175_3",0.04392885948004873
"1962_7",0.8949489432847684
"11135_7",0.8586391584441971
"8524_1",0.19516767663253154
"10026_3",0.25588266534315496
"3031_4",0.9492960984212683
"1766_2",0.06042337855867846
"6042_10",0.6597292846049604
"3357_7",0.9906963970280697
"11065_10",0.7320870886543089
"11641_9",0.7529637950531263
"4389_2",0.0036953881177719515
"10946_1",0.0003048296086366768
"6385_10",0.9920188655740602
"5520_4",0.952809549725119
"8036_8",0.97119947307019
"4726_4",0.5830049275759255
"1510_8",0.03191802954743459
"11016_8",0.9819632479369858
"893_1",0.04724366800984487
"655_3",0.09547073744543662
"12226_7",0.10231485477459117
"3878_10",0.9608929209181052
"8589_8",0.8884133594006798
"4108_10",0.7615215783651743
"8586_3",0.06660102147431471
"2326_9",0.9776356070995954
"155_8",0.1939990378500247
"11073_7",0.1728426430064175
"1672_10",0.9535529239679187
"1715_8",0.35003431262247436
"10443_7",0.9776454420705664
"9673_1",0.3006730199195287
"10731_9",0.3626721086921899
"4427_3",0.6509574422693816
"422_3",0.13998954722388626
"7121_3",0.17180871554073968
"4415_4",0.2734941126896107
"11599_1",0.7843467202299348
"6015_9",0.5057516613413607
"3470_1",0.0033098528564067804
"3951_10",0.9559839531387764
"2665_10",0.9979141747524838
"10295_10",0.889620243451722
"3220_10",0.998958022137622
"4748_1",0.00015126845308641577
"189_9",0.9988925027828983
"3502_9",0.7166559040210149
"10561_9",0.9973393956473374
"5051_4",0.8427732315312904
"7644_7",0.468684912292648
"559_4",0.6631951326749773
"3236_1",0.04316765599879132
"9985_9",0.9768941092049788
"3512_7",0.941944835135205
"10318_1",0.05824788750060491
"3509_1",0.07182786103113867
"7686_10",0.9241361545936715
"8947_8",0.9387813929753109
"6783_10",0.9631065195960783
"9836_10",0.9911940284552699
"971_3",0.06718196757617301
"1127_1",0.0012084726310926791
"8953_7",0.6703804000309891
"5763_10",0.7303118601594903
"9147_10",0.5008041764709911
"10688_1",0.00501480330383747
"2148_7",0.9794633699506742
"8997_10",0.9792758938306212
"3094_10",0.9698426591340104
"1152_3",0.14204925087372924
"1907_10",0.9900717036391408
"1845_10",0.9971293331427811
"6852_7",0.844742637109334
"5573_10",0.9945466798844359
"8709_2",0.2262557971901565
"2882_10",0.8241168428107759
"11230_8",0.6875395677131307
"10124_3",0.15143038497734748
"12361_1",0.3287432573732669
"8117_4",0.1479519808618943
"1192_10",0.979156954193456
"1657_4",0.3434519225725055
"10319_8",0.37107084986085487
"10954_1",0.2344635903979216
"2048_10",0.440917914027175
"5763_4",0.05708019962878913
"9491_10",0.995768263714169
"4081_3",0.4561102634897052
"4877_9",0.16331770633824505
"10981_9",0.9998573681610986
"11440_1",0.17464114719430887
"7608_2",0.017510793493274147
"194_1",0.012300176433209565
"7116_7",0.005994368505496452
"2118_10",0.7405599396187067
"9997_10",0.9889463714352731
"3880_1",0.00938360940516766
"4197_10",0.8951242133797946
"1166_10",0.26171420384671723
"3504_8",0.5557126736791891
"3170_10",0.9117058177147577
"1477_8",0.9666257509287489
"881_8",0.9890129724999384
"10229_2",0.16220376352488577
"9515_1",0.0009718481032475233
"6714_7",0.6601229733905315
"8570_8",0.07753228490301937
"6892_10",0.9972182741064926
"8710_10",0.997340878514282
"9135_10",0.4049615960426543
"10924_10",0.9955730166576366
"5252_4",0.35642601741370805
"6581_10",0.991142388905132
"8837_10",0.9677251769566392
"3820_1",0.0014604584065203098
"9914_3",0.0014242091390349039
"3141_1",0.005531431028156202
"7893_1",0.0003493546131170372
"306_1",0.007615344576484037
"2527_3",0.1973963054196408
"8148_2",0.009905967001614103
"9778_10",0.9969398478359175
"10438_9",0.9935097092037964
"5230_4",0.061494227630833856
"1691_1",0.06609102827642907
"6124_10",0.7746144220464158
"5256_3",0.38004845625180866
"4294_7",0.991758749510558
"10575_10",0.9952019853944581
"9610_9",0.7825329961639028
"563_10",0.8309342857540344
"6328_10",0.9962117661463727
"6903_2",0.00035986351973139223
"6899_4",0.23931890684052873
"7166_4",0.31590887048342325
"2993_4",0.16547743977937568
"10771_8",0.8674212655067802
"11298_1",3.614715596341374e-05
"9101_2",0.04370989978972667
"7716_3",0.040458114626687275
"2722_1",0.031256087431045035
"5227_8",0.9734171439402863
"241_1",0.0017313296945874594
"192_2",0.02142060211940333
"9006_10",0.9997448142725485
"5505_7",0.19644186797369484
"10822_8",0.996789665686262
"1046_1",0.007273249732591038
"1865_3",0.005280846722052564
"11845_7",0.9715437371296151
"6675_7",0.9876723365101521
"6240_1",0.0010881768657791731
"10392_8",0.9453519838596668
"3405_10",0.984762044083917
"11919_10",0.9494215346461484
"2294_9",0.9929555648714327
"1097_3",0.2811205150069654
"6888_10",0.9929280744337347
"12373_1",0.004141291748067789
"11785_10",0.5384431282514945
"11805_1",0.011801188068090829
"2328_9",0.9785999493727072
"2636_1",0.0007027493939168998
"12359_7",0.8675110746032991
"7733_8",0.6519217786882476
"9877_1",0.022265519335798657
"12266_7",0.9262152421227106
"8274_1",0.11258706789830522
"11727_8",0.989578759803232
"12389_8",0.6667696479458003
"2464_4",0.5209902951342099
"4930_1",0.02420172388969974
"11304_9",0.9940477406165111
"2140_1",0.02442055704490045
"11168_9",0.8380860572665008
"1772_9",0.9332139681508212
"3857_8",0.9894284818783484
"4559_3",0.0006015159779157384
"6986_8",0.3759892121371637
"9647_1",0.021670632995650415
"11714_1",0.02457883367442747
"5436_2",0.07039338963963504
"2736_9",0.8949592726159785
"4499_8",0.9455690546535827
"2701_10",0.9942923185677065
"11604_8",0.9958631458581388
"6133_1",0.01383253471379026
"4151_3",0.9833710097970941
"3978_3",0.0016291286414038086
"1973_9",0.8445194892660851
"11752_10",0.9916482926019449
"10192_10",0.9504485522700964
"8318_4",0.057932393551905166
"5685_1",0.005664258027615501
"8978_4",0.31846998973546115
"12289_10",0.8212132393033689
"5603_9",0.9072778938628002
"5209_10",0.8656086380201357
"8360_7",0.920795657128031
"5690_2",0.0027120754489775127
"8463_10",0.42888746016400364
"5304_10",0.975941358060347
"720_10",0.9892239190756539
"9301_3",0.00816802522303061
"1392_1",0.033919606593446644
"10893_4",0.832878667737061
"1299_9",0.9843987432958761
"5552_2",0.002731814282245072
"4348_4",0.4580145488158561
"12384_4",0.05509642025628432
"11947_2",0.3943142106795785
"1740_3",0.007549249867332456
"7869_10",0.9225886064312944
"5959_7",0.739988629808896
"2301_8",0.9956209612380482
"5572_7",0.7153286678785434
"3716_1",0.07911637242405928
"8558_7",0.42815863770881935
"12210_1",0.003082433675134701
"3744_4",0.042241582905580666
"12487_2",0.16015243843120364
"5348_7",0.8700075796384324
"1065_1",0.037830709051771036
"1414_10",0.934132576793319
"2672_4",0.2505413778815358
"1014_8",0.06832377790855482
"2248_10",0.9220079942031583
"2221_8",0.839382111586898
"4576_1",0.55369147159382
"10578_10",0.8651811793521756
"8525_2",0.02201393470084722
"5332_8",0.1387257284662682
"12007_2",0.0021527214862099757
"1107_2",0.06896834629515593
"8295_10",0.9980501328727429
"10093_1",0.0010498663854897556
"6441_1",0.03650280119429917
"10422_3",0.03008939090906414
"11034_3",0.053520552116087236
"3379_9",0.9750863891293773
"7512_1",0.00039593441478353745
"12165_1",0.046313632788686256
"11634_10",0.14494834496154038
"4567_10",0.7367440964059557
"6971_8",0.9751116066594829
"2145_3",0.6170516283992923
"5639_1",7.657357522779702e-05
"8049_7",0.6605129845174443
"7953_1",0.07223876534352132
"12440_4",0.022594885256124984
"9134_8",0.9990997191428018
"5720_10",0.9336322362746069
"1851_10",0.9735629672812462
"3673_10",0.9024118948273511
"9037_3",0.8815487262074052
"8547_10",0.9997742954015965
"111_10",0.5194883980423357
"5279_9",0.9915057102319815
"2379_9",0.9414211208459389
"6000_10",0.9311685215563794
"990_7",0.3360057614412943
"1519_9",0.651082430067643
"5987_7",0.5100971126941284
"2959_7",0.9075900062496061
"8898_2",0.01583729337699344
"5746_10",0.9864811178380781
"6268_8",0.0966679763598759
"5449_7",0.009709998150866678
"5561_1",0.018873768433924645
"11470_3",0.00171220156038725
"11837_1",0.08240328951384754
"6761_10",0.9987685973360692
"1590_1",0.045323641896893134
"927_10",0.997817822868478
"1495_9",0.9966930473530157
"10529_7",0.7987388920568865
"7704_2",0.09374350008871588
"10707_3",0.027845722730233596
"3862_1",0.006724088480089845
"3612_7",0.9858682545924551
"8212_2",0.0027966858163708374
"10649_10",0.9647381455335321
"9767_1",0.16775933783059746
"4054_3",0.0275978104021253
"9783_3",0.014000671413369994
"3116_2",0.7473560545219796
"4631_10",0.9552135257958234
"7228_1",0.06929697502728491
"2744_8",0.33791155413655516
"6028_10",0.9930345443841274
"10812_9",0.889289615534171
"417_10",0.9558976290335783
"11876_10",0.9933666004664365
"946_7",0.5320176603968342
"8265_10",0.989977339625099
"6833_10",0.6361769047807774
"4150_4",0.41951041927257865
"899_9",0.931327885698291
"223_10",0.9510439302477259
"7369_3",0.05131049409019798
"5075_8",0.8098366787302695
"6634_1",0.0022834641455368814
"3486_8",0.753118138986927
"11473_1",0.3859504688335532
"3276_10",0.9989137568055351
"3272_2",0.1883128383876927
"2727_3",0.09166248237078028
"4134_7",0.5388531417330512
"5744_3",0.022242286745675677
"8715_1",0.0004504747459275153
"4812_1",0.003648013863488664
"6841_1",0.01324771713654403
"6822_1",0.5530686969034635
"3211_4",0.8635928013287812
"5489_2",0.039356502242225616
"1168_1",0.04712520057965006
"3056_9",0.7767015413421505
"4516_10",0.9920888760706172
"9542_1",0.018595764410518585
"4400_10",0.9994809741220205
"2766_10",0.9863663054432734
"6470_8",0.6818561666650396
"5434_1",0.07713526385898144
"1406_4",0.1969719333321945
"11479_8",0.8449128575505915
"9881_10",0.8766217069960699
"10276_1",4.2108342497430025e-06
"2875_8",0.8975042480646552
"1254_2",0.34519245603363885
"8017_10",0.8810286664087925
"9694_10",0.6649182519516816
"9522_1",0.007907355655848955
"11379_2",0.1001450057059691
"7357_10",0.309781246923712
"6080_9",0.12443045396712293
"2039_10",0.9998650255087291
"7086_8",0.9888781482409739
"4757_10",0.9184899345329509
"2472_10",0.38617392076040435
"9442_1",0.00334129286675687
"12438_10",0.5461295462812525
"747_8",0.8088704937049698
"6786_4",0.1387415129614396
"11942_8",0.7715829424726663
"8611_9",0.9207014522095425
"9240_8",0.9624472313392679
"7411_4",0.013100960464377684
"5196_4",0.0013906219784312521
"5709_3",0.3371122835792644
"6758_3",0.0025981742577457895
"1933_9",0.9732651382216473
"4464_8",0.9732231481472505
"11100_9",0.973672433050228
"3636_10",0.6344534505719075
"12328_1",0.04772183176408001
"6783_4",0.22181678581846662
"11381_10",0.98956110951819
"4509_3",0.07114978560168621
"4775_7",0.8842834237536241
"10633_8",0.9712070872646185
"9161_1",0.011615090860746743
"2277_8",0.9991732815329203
"7402_10",0.4361384443873238
"2713_1",0.27284575525440774
"1312_1",7.478586986660901e-05
"3633_1",0.11571130742023022
"8943_10",0.9847114886740946
"11734_3",0.8802890932869553
"12120_7",0.5930024143096484
"6285_1",0.81769394875615
"9296_1",5.215345943158784e-06
"8696_9",0.8723524362627655
"7243_10",0.9043803833849537
"10135_8",0.966546303107648
"6094_10",0.9841332056326486
"6962_4",0.015607067676853284
"3916_1",0.003718855982214034
"3650_10",0.7577493919498701
"58_8",0.9997469418732098
"10858_1",0.002800709636633033
"11894_8",0.8978707626563895
"759_1",0.16060098243271614
"10311_1",0.818916573627214
"1127_10",0.7080341967274495
"6723_7",0.985084232069122
"4966_7",0.9821751483736922
"7196_4",0.025866421331811076
"6244_1",0.02213403856798292
"9510_10",0.9810033124882787
"3471_10",0.9411369206547624
"9840_2",0.9064112657675224
"11886_9",0.9447619020317555
"7880_10",0.905593163479281
"6358_10",0.9240959603907123
"6280_2",0.5261742011357554
"2580_3",0.08755920013467544
"122_4",0.031086592942692306
"5713_2",0.15275188424626343
"7187_7",0.6897664310797816
"8601_8",0.9627116700620104
"52_10",0.9913455178711483
"2447_7",0.6720026088590872
"4828_4",0.0013476997098210912
"5371_1",0.15079149636870817
"5066_1",0.0007045820998276746
"12184_2",0.30491740872547424
"85_2",0.037141845202395864
"10067_7",0.9723120695630537
"3999_9",0.981824125009733
"11623_10",0.9905263141734519
"10826_4",0.003866440232583661
"3780_1",0.0062181859800521586
"10195_1",0.001023092685380456
"7875_4",0.07441536257348942
"8510_4",0.7293110302737635
"9916_2",0.0030621511957049973
"10023_4",0.44157148090061193
"6870_8",0.9172741858703095
"4753_9",0.9970495751725401
"11120_7",0.3100093114677215
"2516_10",0.2887123031935422
"1719_10",0.9012158892844249
"4426_4",0.26675419636029535
"7835_7",0.17848214025902684
"5148_7",0.7661939660640695
"2997_7",0.7328514228791361
"2211_7",0.5150949465562562
"626_4",0.7747430560662304
"779_1",0.04160841004446074
"9712_10",0.6488353103482746
"1504_9",0.9706221868994934
"8903_3",0.12178291654640543
"359_7",0.9172916695024138
"7465_7",0.8994037534348236
"10966_2",0.012928428856099121
"8227_2",0.15551447943054458
"10746_2",0.013132088690402395
"10356_1",0.22461286533010066
"12286_1",0.0020230038668588306
"11128_7",0.9904840906372145
"12489_3",0.24774388628553293
"1264_1",0.0033724044977093996
"3871_10",0.9948660897132934
"9248_10",0.8002428076014761
"3094_4",0.43137835314752454
"7472_9",0.7190343323929913
"3537_2",0.04397580244332021
"9727_2",0.005622720920435135
"5453_8",0.5621792701703568
"2283_10",0.9956440787875199
"7533_2",0.0047406796801500155
"6468_1",0.0033897857985646126
"12274_9",0.9787360061629736
"10713_3",0.002941197039567947
"8518_7",0.9855816884049138
"1838_10",0.9189630759082639
"5304_1",0.31579316122012385
"4227_1",0.6406029465587336
"5342_9",0.87446443996829
"1754_8",0.880407611974407
"4800_1",0.029162605229814422
"10717_3",0.6086579636290844
"1919_1",0.05358941189771239
"6851_7",0.49988177498291386
"322_8",0.335818677521223
"3028_4",0.03399977870372517
"7463_2",0.030448546743723208
"7999_1",0.025905915194120603
"3036_1",0.009065929010484355
"11154_7",0.9835898464522502
"10501_1",0.017805286127753527
"12272_8",0.9901712183300243
"1738_8",0.9908243479853185
"3242_1",0.0014356079132505637
"6178_4",0.6766558708444016
"3405_4",0.035421452458230335
"4663_7",0.9613583389447329
"11348_1",0.0005997486319675812
"7304_1",0.09298740940037709
"2962_1",0.12406504790950858
"11701_8",0.49049224287590104
"9354_9",0.989187022053738
"9846_7",0.42582498162968485
"12496_10",0.6536406774894358
"5652_1",0.015835385009598198
"7371_9",0.4475214341901838
"10131_3",0.13133570687866153
"9826_4",0.0467387761767468
"6141_10",0.994954535659597
"7472_3",0.1244086489369787
"2622_8",0.3489012493058392
"10281_9",0.9994120707034665
"8668_2",0.0036005989095796815
"2348_9",0.966779470093272
"12047_2",0.03003876593132409
"11373_10",0.33292369131800187
"4254_1",0.006683854336903184
"524_1",0.19957880199750155
"5808_1",0.002335550403236504
"515_1",0.0020789123530347334
"6414_9",0.5072818642209708
"8938_8",0.6631133456222627
"12391_8",0.9613939496060654
"776_8",0.9456913925179136
"12197_7",0.8607329384917972
"4582_1",0.8016682272582508
"3638_10",0.9979513763259569
"6338_3",0.013918652525198506
"1165_2",0.03911409983914769
"5574_1",0.007176543302310421
"7319_2",0.015202874459559364
"595_10",0.9979758972949024
"6694_1",0.035213115387322885
"12209_3",0.10725674481454532
"3268_10",0.17097673484233092
"12492_4",0.37772722472820947
"4738_10",0.9678840519453762
"947_3",0.12031390154465035
"7726_10",0.9797344300112751
"94_10",0.7253980580889611
"11760_1",0.7940972548442923
"10978_10",0.9946293478190005
"10072_1",0.0032177965282856606
"2346_10",0.9932682936406059
"5008_9",0.9963387994659645
"5135_2",0.007144118312253449
"7979_3",0.947895220072357
"10863_10",0.7029679877783237
"2862_9",0.7180463903436709
"7562_9",0.9703880396183878
"8023_4",0.2566454946436464
"341_9",0.9696249988579881
"6321_4",0.12287840842659892
"9936_1",0.0004406647761465509
"9581_10",0.9966849268082021
"3750_2",0.09180127439894953
"8298_2",0.12845923164935313
"5900_10",0.9991881176858652
"6308_1",0.01351895676000695
"1609_10",0.9970641296727615
"11054_1",0.0014919539597020776
"7031_3",0.0039085351816499254
"9507_9",0.9891037846639206
"3121_1",0.013551376065740016
"7521_1",0.04183933032291367
"4830_1",0.0609845974922715
"6686_2",0.007929231237506286
"1618_10",0.16588880566739694
"2190_10",0.9829684524695678
"6943_8",0.9515867117242959
"1385_7",0.9923911253925022
"544_8",0.7653956014673943
"3225_10",0.8319849344563818
"1044_3",0.023764863992423117
"11691_7",0.6118062309591734
"6124_3",0.004374282626363643
"7326_1",0.0011357098103694492
"1471_10",0.9023154905415791
"5010_1",0.03467907217733198
"2695_9",0.870965095063484
"1222_2",0.0019327742166068659
"1012_8",0.09798432229703345
"5459_1",0.37478165371549504
"4734_1",0.00015430979582835088
"3138_8",0.974755260708678
"5674_7",0.3454917527225584
"6815_1",0.011203040766696216
"8285_10",0.9928029951101863
"5504_10",0.8093091639731258
"6800_4",0.03357965391288262
"5292_10",0.9847084582347069
"5121_1",0.00731817480297834
"9861_1",0.1146983408817514
"2645_10",0.9974518844941268
"9422_7",0.7087348212032433
"5144_1",0.0012659616002421846
"3877_9",0.4414816970132705
"7822_8",0.9994174153474676
"3324_2",0.0850678684079389
"5559_3",0.047575424584259535
"9969_3",0.06555951418149095
"2296_2",0.09449086837239645
"10021_9",0.9716956567884812
"11111_1",0.0004428399697272865
"1371_1",0.04109511590378342
"4321_9",0.09699041051918364
"9706_7",0.20648699361688438
"11782_1",0.0005079892806682234
"141_1",0.31918499010868395
"3106_7",0.9015412488049109
"1817_10",0.8449292391567677
"4508_10",0.8017301999679984
"10922_3",0.11731832016735018
"2304_7",0.4366508203530263
"2229_4",0.015303549545945695
"4283_9",0.16146733361517865
"9087_2",0.19341401244478254
"6003_9",0.9660352078646057
"12126_8",0.9985047086680984
"6067_10",0.9844055260582689
"8714_9",0.9348410561166566
"11932_1",0.0382657149410655
"2293_8",0.7921631269807233
"6184_8",0.6963816022575543
"8448_2",0.011107229111048169
"8269_3",0.015189831474363782
"7495_7",0.7165978985090685
"8282_10",0.9991809823355152
"2351_7",0.7040411407269871
"11688_7",0.9817398825575552
"3805_8",0.801413027696649
"5158_1",0.003003710140443513
"12476_8",0.9096176483078049
"8265_1",0.015561287546345021
"2194_10",0.9972962551264624
"3465_3",0.01805412311244412
"5234_10",0.9985374818012299
"6903_10",0.9819770458309638
"8085_1",0.024673958512066548
"869_7",0.9713720052805889
"12034_1",0.002622768284766892
"6297_10",0.8726626728724812
"3194_1",0.0006145114376344642
"8725_1",0.13750634707676843
"9563_10",0.8601473388539034
"11075_1",0.0015106232251824653
"5734_10",0.9831435995941938
"5357_2",0.02504877577716782
"6453_10",0.981636347793636
"3263_3",0.10868133162819223
"12360_7",0.818874085070345
"6477_1",0.08299239713117226
"11863_8",0.6022599111926483
"8459_3",0.010810988350373937
"10594_10",0.9587154100905564
"2237_1",0.05783933696995159
"7511_7",0.9162105776204648
"3626_3",0.1711640422039123
"6288_2",0.0032826516834441057
"125_7",0.7148158301951055
"3318_7",0.9106658622734044
"5525_7",0.41167756093696933
"9695_1",0.0006664027651908152
"5917_8",0.7726281017215995
"8486_7",0.3018447635937188
"6032_3",0.01088708251260803
"7759_9",0.9351875844968492
"3456_10",0.9506619212199428
"1692_3",0.2670455663011373
"2107_3",0.00205393650547525
"11215_2",0.017133505183848485
"1309_7",0.873917916403003
"6650_8",0.9584341614144412
"5722_9",0.9889284876937555
"4479_4",0.36352409027928423
"347_7",0.9796557922954648
"9399_10",0.9996466969593377
"2475_1",0.19246821921094945
"8229_3",0.11604853229105586
"4869_2",0.00807684465377854
"9691_1",0.20492246739203585
"1227_3",0.07979330284072284
"360_3",0.25048843441335505
"10047_1",0.004421720112755102
"1607_3",0.251138424348914
"797_1",0.0006441421555698617
"9489_2",0.8110250650332338
"1742_7",0.8434499039836902
"10531_3",0.26122861838607797
"4947_1",0.07153984124246633
"10873_8",0.7607610917358223
"1429_7",0.5083592440674704
"10962_3",0.001640544701624516
"3305_4",0.30805678439511575
"12160_8",0.39738517092777187
"9236_1",0.000679795156874847
"3718_1",0.0002216314545154827
"3434_8",0.9709359163039426
"10933_8",0.7941052980398348
"798_10",0.9916722013520629
"9879_9",0.6564468401030741
"6644_10",0.6125325323681297
"10978_1",0.004010339261049406
"7867_2",0.013977912179950001
"4369_2",0.005627429441588795
"1251_4",0.354822127144364
"1500_2",0.05139501582282556
"7574_10",0.9922347783017643
"5470_1",0.023027089057314903
"2407_10",0.5320308003486957
"3451_3",0.38782608735250906
"9385_1",0.4243326725895495
"4078_8",0.8804526648601886
"3229_1",0.004135413625167088
"1786_8",0.8970205803312457
"5173_2",0.2592780428785844
"1211_8",0.5263813081124062
"4303_1",0.007746572726980239
"6011_3",0.07423426554418085
"4513_4",0.7022693051370266
"11745_9",0.9849801221273649
"9675_9",0.9577289753725622
"11981_3",0.4280459817513702
"5977_10",0.6392951292088277
"5023_4",0.2708744650960867
"8704_9",0.35135356453051386
"8644_10",0.7328893161260993
"10557_3",0.01008584295759629
"6549_7",0.9903130081429764
"5557_3",0.008703553375766613
"6402_2",0.11585798691269245
"2642_4",0.042910361277326003
"11796_10",0.13884407542645066
"7102_1",0.013500760437753416
"7968_8",0.9676699042168898
"11764_7",0.566182956344684
"9415_9",0.9149146543873644
"4817_8",0.7216068232259841
"1007_4",0.16334232367636345
"10943_9",0.9238908054766584
"7280_10",0.9989194217501285
"6068_2",0.16248572205504352
"845_10",0.4616385293525947
"8377_3",0.0001516445454838397
"8445_9",0.9934349078247134
"563_4",0.9842309917360366
"8761_9",0.526795603924224
"1552_1",0.0038075834156778908
"9630_1",0.0008394012414820589
"6444_7",0.932329144927152
"3188_1",0.014656564203893255
"2142_4",0.012593966024617258
"2045_10",0.9193246607454076
"2477_10",0.9752069134391618
"2597_1",0.0177994236480297
"3137_8",0.857190488716251
"1345_1",0.34540082340039413
"8498_7",0.8731618125175136
"6550_4",0.09641052625568994
"9583_9",0.9035793733560095
"7506_7",0.7000081348473077
"9316_7",0.2914973414069047
"11473_10",0.974341910648027
"3003_10",0.4466730417774126
"8532_7",0.43533932254447283
"5654_1",0.4978979941590059
"822_10",0.15040091820486323
"1312_10",0.9987598046441062
"9665_4",0.5825608012352351
"4442_10",0.9864572307994752
"11758_7",0.9819292699375745
"11185_1",0.7769513218973336
"11588_3",0.0290481956503788
"3366_10",0.8891302502020477
"7050_8",0.5290190282118612
"4778_4",0.0025725595940105815
"1_3",0.02583924605998366
"2838_2",0.011637710266668525
"6910_8",0.9197698492452798
"3257_8",0.9991372691721812
"9111_7",0.9716574293918995
"6458_7",0.7943435743483631
"5622_8",0.6962880005606668
"12469_7",0.9739023134374627
"9670_10",0.9978528768088188
"8092_4",0.01334003210686204
"1683_9",0.22185443967850454
"6181_4",0.42851299589521724
"8965_8",0.8356102221076123
"5186_1",0.0004533788011023553
"1250_2",0.008029556597542684
"4705_10",0.8035830037047724
"10261_8",0.7870412363512834
"350_4",0.8013515309496502
"12302_3",0.025508657606952326
"776_1",0.8438276883649283
"7424_10",0.9974474288754902
"10383_8",0.9707864637993348
"360_9",0.9889639841606622
"5798_10",0.8214953044936637
"10720_4",0.060521316704241754
"6009_8",0.9902627321130085
"2319_8",0.950524233247181
"7053_10",0.7101435302720691
"11210_8",0.9171482880369369
"1985_10",0.6606748189726112
"6056_1",0.40027007662703856
"10315_1",0.6250524270296687
"9_4",0.9455911245749355
"6530_4",0.036669437908334455
"1367_10",0.6086704694725765
"4564_2",0.08260908075300796
"4343_10",0.08489644715610487
"654_3",0.025938086335668943
"4857_1",0.0026797219319482884
"1377_10",0.8157123074297449
"8072_10",0.9995455844054266
"11433_7",0.9939649371030094
"6586_1",0.08894472163243723
"10255_1",0.8885592864729686
"350_10",0.5804440108131711
"6853_8",0.9461892945821261
"3693_10",0.9939187146644703
"2589_10",0.7685977588406293
"895_1",0.004553563403104737
"6854_7",0.9668248275624555
"1274_2",0.09944399602060455
"9179_8",0.594007051904607
"10141_8",0.26261396233606366
"10727_9",0.9965824465717752
"1158_7",0.9829663461103416
"9949_3",0.30396621440357674
"7798_10",0.9375878639471881
"5964_7",0.9521428133824432
"11221_10",0.9936340308347803
"3053_3",0.061977268498114586
"8817_9",0.9802891764011075
"5850_2",0.0077019675205847295
"9635_3",0.04839831349409477
"5000_10",0.9973077821319153
"10040_2",0.13157324136527715
"3065_1",0.21819932085465357
"2196_1",0.39196268924133654
"12428_7",0.9049011224768376
"8454_1",0.18386403107299965
"11456_10",0.9900463787947259
"5918_4",0.059349780063658486
"10687_7",0.9766895904912742
"10507_7",0.6319146845735598
"9051_8",0.9398922048123926
"6315_4",0.073229228091193
"11266_10",0.8890975765205409
"5890_3",0.3066710890398587
"6257_8",0.6594677500909166
"2923_8",0.9987999153201935
"2952_1",0.00158813648803133
"7269_8",0.9193042673343268
"1116_1",0.008588769758616208
"11084_1",0.03062877410399156
"10287_1",0.01994506853416266
"5704_9",0.9939457445118037
"11218_8",0.9519773527375106
"12275_2",0.5827831605032181
"1414_4",0.3594975819516833
"7998_4",0.24895904832456953
"3286_1",0.013566547714100114
"2515_1",0.35333553742474066
"851_1",0.2778635901124211
"5181_10",0.9762361170789214
"5358_9",0.9997468526543515
"2677_10",0.978510972920561
"34_8",0.8843130031966034
"9232_8",0.9001673813786983
"5835_10",0.8707628585658529
"10796_4",0.07237805807024247
"5553_8",0.9882116603836963
"666_4",0.6001978681919841
"9450_1",0.0002717783944415845
"10820_8",0.978094202321548
"7994_10",0.9712302068495442
"8948_9",0.9285960646063057
"3301_2",0.21637006475305207
"2801_1",0.021798535710496284
"4934_2",0.0013747621624946946
"1539_10",0.9783372621615484
"10949_4",0.02434913126468509
"4394_10",0.9883087831141434
"4098_8",0.3360538536787653
"1617_7",0.10997389091427072
"9569_3",0.16710787751756045
"8593_1",0.007041946684146122
"3449_1",0.20304163190012248
"8372_1",0.021301726372287253
"815_7",0.9917468514813417
"348_7",0.5060005816809867
"7220_1",0.08682982826669376
"2633_1",0.006746755555363378
"1752_3",0.722463247712608
"3347_2",0.10799874314755749
"4967_7",0.938455796271454
"10910_8",0.9770535804245704
"3147_1",0.4055074499400593
"7791_4",0.010626294440259023
"1588_7",0.9907766603067663
"8405_2",0.2861106844596268
"3826_10",0.4838676497902324
"3178_2",0.07473630093470025
"4420_4",0.7708558673256463
"246_2",0.00824286084360025
"8462_7",0.9796786617843259
"8264_3",0.049285083343455965
"2695_3",0.04647795933176914
"7258_4",0.5180690116393627
"5787_8",0.7184611280252335
"11668_2",0.1587953001747194
"5529_4",0.9798308614039306
"8923_2",0.00024007666292450038
"4784_1",0.009164968649373688
"7730_1",0.03652416572839342
"4455_4",0.07502362659333024
"6416_1",0.005337850881456558
"87_1",0.04382697829819051
"9548_8",0.9907934519382056
"1285_1",0.0017824983523404292
"7695_10",0.99442362200107
"4364_10",0.9567685082499012
"9394_8",0.7305117041978576
"1253_1",0.4311623949734401
"2481_1",0.1024291980892446
"6790_1",0.11094280949495612
"9989_10",0.9952074599798955
"1483_8",0.928493676282139
"8772_1",0.011567264521761806
"2993_10",0.9908805867312519
"1801_1",0.004166464005280748
"9434_1",0.008373159431123255
"7938_10",0.9570964044187216
"2262_1",0.0011491231342351388
"5076_1",0.0004338185533845947
"10994_2",0.00041893276016693066
"4749_7",0.5850261032798688
"8309_8",0.29079200782688136
"7031_10",0.9968725389636551
"2711_3",0.09939098860607995
"8655_7",0.9923787909774283
"11329_4",0.8344564426987298
"9076_3",0.05100641204489088
"11647_10",0.9067103319065539
"7934_1",0.0499974197554687
"9114_1",0.005033509444305145
"6510_7",0.03481042637350548
"11487_1",0.0018979015219820778
"2348_3",0.4603680762867024
"12325_1",0.011227204356282902
"6405_10",0.6244911821920127
"357_7",0.9662179331625012
"12253_10",0.9659922505004638
"4927_10",0.9955515436958335
"8636_1",0.0049976990011614125
"11184_10",0.9995965462471272
"9974_3",0.7074614363498821
"6516_1",0.7936278739071574
"2167_9",0.823618446937289
"10794_10",0.9912572696265628
"966_4",0.19883774751926592
"10040_10",0.975872876153002
"5940_9",0.8937273575867936
"9181_8",0.9852418660192283
"2196_8",0.9969948755577959
"6361_4",0.10717656745385785
"4243_9",0.9314075484351562
"581_9",0.9982018211659837
"7195_1",0.03209543728110166
"2986_10",0.8207895094304756
"4344_1",0.021647798219481602
"7176_10",0.7137694054107667
"7857_10",0.720200345176104
"6487_1",0.0022206990478478433
"3692_10",0.99432920507762
"12198_10",0.9286987596670417
"10569_7",0.7023854413352982
"9850_2",0.2345739265429446
"6415_1",0.002349153885226833
"6373_10",0.6708521159553136
"5103_1",0.40077571755359315
"11048_8",0.986857057864238
"2055_1",0.03166950834327679
"2920_1",0.021860133049000176
"8667_3",0.47386134350296555
"7059_3",0.06645605560794726
"3887_2",0.04848178363836599
"12356_10",0.06067856110746249
"5402_2",0.39717538782466666
"10274_8",0.8520421043036908
"11831_4",0.06168387882201851
"5375_7",0.7704168703911022
"7875_7",0.08351165148509293
"2733_8",0.5086532341704917
"6420_8",0.9302526440952751
"2240_10",0.9272388840477307
"10627_9",0.931484592294821
"7319_8",0.7653718453485278
"7782_1",3.491066246947468e-05
"857_1",0.020319767546331715
"351_4",0.1521910812107275
"9260_10",0.7504355617210955
"6891_10",0.9618155986437258
"8205_10",0.3446189497763781
"1179_3",0.0028885568296886733
"9061_4",0.02101411648551499
"3571_9",0.9991142979123507
"11352_9",0.9979214033307341
"11770_10",0.8214913781457684
"10714_2",0.3079952857936313
"5397_3",0.0666694234485051
"2360_1",0.0940743085895833
"9459_4",0.8899332820716824
"7493_1",0.07484166072726582
"6799_10",0.9967056100881172
"2313_8",0.2906551952143801
"7602_10",0.9964844933041608
"1731_10",0.9016634413770312
"8502_10",0.9786752166212647
"5632_1",0.0003845218127259874
"3723_10",0.9846472129501365
"6473_3",0.19457709321406097
"3596_3",0.014872224303559766
"8583_7",0.4685491536354119
"10902_1",0.024070321210767784
"1032_1",0.2193462368662458
"2931_1",0.010205343011295043
"9930_3",0.2619200041121728
"11825_10",0.9922273600049422
"5384_10",0.3936730334046683
"2492_4",0.2278013825298647
"5008_4",0.02314970368204374
"7334_4",0.14534869463901304
"10082_8",0.8152529620787652
"1395_1",0.01316692127144375
"8140_7",0.32976955532397384
"2400_8",0.9991605475223062
"11462_2",0.0027252504554384827
"6632_10",0.734690418673184
"11499_3",0.8083172046949648
"5576_1",0.005495297279239036
"1172_7",0.9905966493457462
"3053_8",0.9720958072829887
"4119_1",0.014225976022350236
"8165_2",0.1136921592578625
"8333_8",0.6826942334802641
"2242_1",0.0014783224462614226
"6132_1",0.09000747188887155
"12270_9",0.9792008737590102
"11456_4",0.42850212569277374
"6898_1",0.07852293993315825
"2512_2",0.0232871443485845
"7045_7",0.4549141674475457
"2808_4",0.0006887066072214752
"6257_4",5.048189344523552e-05
"1971_7",0.18984446009427403
"10565_10",0.9955958595713327
"930_10",0.9990788866555337
"196_9",0.9898293215697942
"6535_1",0.0682766015174255
"5257_1",0.002110152318081913
"6759_4",0.03825455914749563
"5016_2",0.0003080686966062225
"10959_1",0.001311279576563123
"4450_10",0.9973298054650385
"6678_10",0.989366125194051
"11286_8",0.6617341335111555
"7200_8",0.9983622331912554
"6660_7",0.5836006967066331
"12481_10",0.989589302784853
"10278_4",0.05571190371695482
"6233_8",0.6125107744365679
"579_1",0.1277835747099363
"8519_3",0.01794316638966756
"1220_10",0.9904835779191005
"2342_10",0.9979797084570373
"1860_1",0.0021319333027905764
"7273_3",0.11834788626774001
"4653_2",0.03596760909020413
"6878_4",0.08186139693015552
"502_7",0.5731057933736188
"2406_2",0.05768059229151953
"2021_1",0.0016149177113547767
"874_8",0.9475621395598393
"4949_2",0.8473998045563929
"5054_3",0.05273162748045684
"689_7",0.9815263940918191
"9643_7",0.9732227044082953
"6445_3",0.145642589935448
"2377_9",0.9333305383442805
"6107_8",0.6761309339778706
"10368_8",0.9924243931427525
"10444_1",5.8283470020391366e-05
"5498_1",0.10789474552361374
"1018_7",0.9811878907435156
"2718_9",0.327954621885809
"2418_2",0.6923174748368152
"7412_7",0.30063905952124387
"213_10",0.9296217669521059
"9417_2",0.00031828214467871814
"1194_2",0.062039096424864264
"9366_8",0.9971254926388332
"4769_1",0.0007732248530433348
"6667_9",0.967444951753365
"9361_2",0.09191225343595832
"2182_8",0.8919614028390899
"10677_4",0.06248275864031959
"3931_10",0.8605712243587614
"120_9",0.8061694008934693
"10837_10",0.9745030953823095
"10830_1",0.0008228315988856121
"3679_2",0.0859681398622374
"9094_9",0.8489728222340053
"7880_2",0.0926486797044811
"4969_9",0.9914836741699297
"3418_3",0.009110980873531358
"5490_4",0.3073782486459783
"264_10",0.9996680840832181
"1602_10",0.9723986323784727
"5019_9",0.8114012091917457
"12000_9",0.9840226207186089
"10794_4",0.08082870950206474
"2504_3",0.9919029581747659
"12340_4",0.26204626516993434
"7732_2",0.11053126145231434
"2028_1",0.000631563023815279
"3986_4",0.2613460575039115
"5100_10",0.9547119648253714
"2135_1",0.0013868802990816794
"10227_7",0.5239493618923031
"4413_1",0.4804362347651655
"5205_2",0.000777540129381763
"45_9",0.9879273335825053
"12151_10",0.9190482965909105
"11055_1",0.0007932848257524534
"2632_9",0.9949789540489831
"7047_3",0.020637497706397428
"1915_1",0.0031442583463331007
"9666_10",0.9886652236402032
"10027_1",0.045535865292556855
"11024_2",0.02536265808166312
"6482_7",0.9389088659938326
"8060_3",0.004191141806494996
"9876_8",0.36458600033178445
"3839_1",0.0602593712457273
"3682_9",0.6964242825601363
"5962_3",0.0023829330502027533
"222_3",0.014294939688969598
"10460_10",0.9959032270262541
"8543_1",0.08828311661170087
"9443_1",0.004536830196130773
"10201_1",0.9475930500402929
"5046_9",0.9994872743048462
"5899_1",0.012510002954116525
"10140_1",0.005749699740501522
"5009_1",0.06146709716113029
"4626_8",0.9344468010401689
"9033_10",0.9779034991931671
"3243_9",0.9369930018941015
"6379_1",0.16327636059655304
"4949_8",0.9935632759430926
"6119_10",0.9754079643886824
"10336_7",0.9876398438233708
"7344_1",0.0019320180648642717
"3294_7",0.8211882863497105
"4385_2",0.5295696977659665
"2172_9",0.9748042245117682
"8295_3",0.0009777594769874783
"1031_10",0.9426439108795109
"7577_10",0.9870397081495825
"6778_4",0.2668797205105602
"3154_2",0.2734991795790082
"9585_7",0.8598045218652678
"3445_2",0.0743826301305201
"7416_3",0.14366288384973078
"9780_10",0.9941878094806236
"480_10",0.9487123154902791
"837_4",0.11267164329006685
"10166_8",0.9503754421261278
"3695_7",0.17937100169794035
"12417_9",0.01753420701649192
"3932_3",0.0181849497296176
"11790_3",0.010754149586101842
"6917_9",0.9854112691433646
"1975_4",0.08916430374457074
"11249_10",0.8842631022622401
"7366_7",0.9843850523157519
"4579_8",0.9434603054207216
"8415_10",0.9931714323182887
"2004_1",0.1762390786332081
"7599_3",0.01573132589702799
"12259_8",0.8823102003456099
"11005_7",0.9567285965889779
"11914_7",0.04849847451944613
"8498_1",0.03975318192408626
"944_2",0.0030481592909022905
"7183_10",0.9749020354491222
"4422_10",0.9919059025897261
"6791_10",0.7835979112397911
"9286_1",0.020018600705618898
"3325_10",0.9904908115048875
"5599_2",0.002152535723501501
"3064_1",0.0074998581781494135
"209_4",0.0014443686746260856
"1904_10",0.09475426074512766
"10699_3",0.6589397220664233
"577_3",0.2835463941205606
"3157_1",0.02735507888258486
"1582_2",0.4668217287887597
"8044_2",0.3040376022663628
"11208_1",0.10297497028178514
"4708_3",0.4635085623300045
"10439_8",0.9677450902248703
"11083_7",0.759078695167816
"8066_3",0.4227427658956725
"11327_8",0.9865950924987572
"9224_1",0.13592959757237105
"2165_8",0.992140079266812
"9892_10",0.9983729981255605
"4402_1",0.0022355446665188045
"11804_10",0.9769863905517937
"1296_8",0.8333238000848763
"10562_1",0.1017492943932857
"5003_10",0.3027026827551241
"10448_1",8.180250376531223e-05
"3274_7",0.7421820680214233
"6344_4",0.07837438466215751
"8129_4",0.026647250448146382
"9525_2",4.2405942324782486e-05
"661_1",0.0004173386774057742
"9398_3",0.04888135659375432
"3639_7",0.9681062810942708
"5527_7",0.8552814365121364
"7790_3",0.603661091780497
"9550_1",0.21080954160309576
"2042_3",0.2645804751470064
"366_1",0.02139978356930878
"8446_3",0.48133682098827335
"7859_1",0.2623714196392497
"5587_3",0.24853803587391718
"10604_3",0.0798224792014777
"5245_1",0.0032004451136258996
"804_8",0.7912737143472421
"9098_3",0.4578909646929401
"6240_10",0.9932480262031477
"3960_10",0.681485589796151
"10536_8",0.992661076288449
"8793_1",0.012273987252579836
"1586_1",0.003675559779971071
"7131_9",0.8343624666913468
"11338_9",0.07259866705638116
"1053_4",0.07504288983628678
"11170_4",0.018083759241218755
"6806_1",0.6658679051638478
"3741_4",0.1380119717933547
"1231_7",0.6049954848810087
"5499_8",0.9511642024012138
"12452_3",0.6182716949823999
"5331_9",0.9791774594511735
"3302_7",0.8948927696074851
"6214_8",0.8934202463764402
"6908_1",0.12792972429847924
"8510_8",0.6355841223520452
"10522_10",0.9956034161039827
"2844_2",0.18933703459890022
"11797_3",0.05535245750268623
"11237_10",0.8614702197977843
"6762_3",0.009638499969108316
"897_1",0.0070948309970950444
"10312_9",0.96331876029833
"10272_1",0.0032641500042862575
"10814_9",0.9601639097877379
"4504_1",0.005755106862138279
"9389_9",0.15802532508855235
"9035_1",0.038109960956805765
"11306_1",0.11871355202989736
"6309_4",0.2311971286370685
"5179_10",0.9562026576678389
"6099_4",0.31083000584022047
"887_8",0.9755042216673953
"10220_10",0.953012767648189
"286_10",0.8957433587698748
"5809_10",0.9058555124269381
"7725_3",0.003983095477509158
"9722_7",0.8889793316184181
"9104_7",0.16528227984945373
"7313_7",0.705720090246053
"1706_1",0.05261173194658981
"11737_4",0.14120916822741805
"11203_10",0.9775588444529048
"7767_4",0.07654436538727138
"1822_1",0.0035767454839626405
"5113_8",0.8307373696503924
"5456_9",0.8957923507593496
"6005_1",0.11020901261489395
"2026_2",0.0005676227673068392
"1379_1",0.07140038763953016
"3048_10",0.9932319212134019
"5070_10",0.9177142615493012
"8985_1",0.001203440890008169
"1643_1",0.04479893322605291
"400_1",0.0019244901976983063
"7546_10",0.9258761965314299
"3438_4",0.0280697605113902
"12136_8",0.6736871062828943
"6850_2",0.0975756621735831
"9054_8",0.986552090068255
"1555_10",0.9997466229043174
"7103_1",0.01901077051849568
"6218_1",0.045124602638836935
"1619_3",0.02687166185304521
"5187_8",0.6930301392920705
"8575_2",0.004497252986511952
"1593_10",0.5774884441391072
"3910_1",0.0710052453497435
"5743_10",0.7240200511679118
"3061_8",0.9287638100164355
"9633_8",0.9207277597285791
"2488_9",0.7077540568249303
"11711_4",0.12275579091455395
"11282_10",0.809909757847977
"8919_10",0.9673921008472216
"6139_10",0.9987348679342047
"8032_1",0.00662670840345319
"4287_4",0.21099021637171847
"11044_1",0.014474537381243872
"11123_8",0.976573315431804
"1828_9",0.990897150161772
"4232_3",0.015451504470236558
"7258_9",0.9859023115174532
"1078_4",0.02382573862696702
"9967_10",0.8545383910083372
"4975_3",0.5614909710624261
"9974_8",0.8460162609111693
"424_2",0.0003233678163742818
"7181_9",0.9426927718168002
"10703_3",0.40579978616618595
"3157_10",0.9841490520731734
"11096_10",0.48674319709408026
"2185_10",0.993373184321683
"2779_4",0.28863399507686605
"9342_1",0.007430789952507162
"3615_8",0.9360372006139079
"6777_10",0.8569158741147481
"5440_8",0.8890041073184484
"706_1",0.8961857333078165
"5909_8",0.9154603579936887
"9578_3",0.05625429914453649
"3393_4",0.1293127958734451
"428_3",0.0809049909091496
"651_9",0.9874778843707273
"12433_8",0.988682397883899
"8643_4",0.003735732868490632
"5826_10",0.9900915765519448
"4060_1",0.03664030851929223
"3310_8",0.7902321541547747
"8941_3",0.2578357678429015
"11493_7",0.9353319061939038
"7896_8",0.7235703995867683
"541_7",0.8284925474770689
"10614_1",0.17905077365591784
"3751_1",0.008733535036914531
"7851_8",0.8904649565406939
"5940_1",0.0459540898016041
"911_1",0.0017997972273148457
"1233_1",0.07165563450275754
"4995_1",0.1617736639180985
"2771_9",0.8856055937045992
"5085_8",0.722879118013836
"6521_8",0.9817760583954153
"8106_3",0.025885081442642566
"2962_7",0.07378186692715405
"1621_9",0.5730179815301111
"4981_8",0.3813746070737635
"11884_2",0.07617038585884806
"6038_10",0.998478041263022
"7118_10",0.8946604662319293
"10365_1",0.004944024803382195
"677_9",0.9048576936175018
"95_10",0.980833014029779
"8211_3",0.24475794112736485
"11906_8",0.9498139876141753
"3038_2",0.002675538459189799
"10503_1",0.00024498726444662205
"11260_4",0.022254279914014845
"11333_3",0.04590046875171855
"6954_10",0.9519954692776303
"143_8",0.5520590193154552
"6458_3",0.04922564364464358
"8784_2",0.003690642756030346
"2604_1",0.00943547234693327
"4374_9",0.9929067597285651
"1323_3",0.5254948689072868
"2647_2",0.027168824025217572
"363_3",0.2522559697900956
"7556_1",0.6192682718359914
"11101_4",0.4597286601686232
"8945_7",0.7901861191753444
"10630_4",0.02749609468544255
"11174_8",0.8582373247788259
"7927_3",0.01026328839799578
"8433_1",0.0008331972035018534
"8814_1",0.0006320160944605789
"11746_8",0.9873743348602456
"2462_10",0.8105538342713073
"10036_1",0.000303022856756492
"10628_1",0.04944762607572881
"4782_1",0.030381855550167765
"11244_8",0.5729751515033004
"4815_1",0.11253923546242439
"6974_7",0.8586811681485408
"10180_1",0.0011625726258313947
"3538_1",0.016045419936713528
"9319_9",0.7578111648893798
"3542_2",0.0880967991435757
"5583_1",0.003481036213773144
"215_8",0.8633266169891572
"6949_1",0.0010366238273846898
"11401_10",0.9913983653431637
"3468_4",0.4319971310069041
"9478_7",0.8380278693313239
"12368_2",0.00640864228483432
"7534_4",0.014814206145970824
"9256_2",0.011729025784636696
"2192_10",0.8442048192718193
"10617_3",0.015803761063205187
"1464_1",0.0025308917060993725
"969_4",0.1269255955917807
"702_7",0.8935271273073945
"470_10",0.9859433969813755
"2575_1",0.0017275644685726395
"3059_2",0.05045468882253445
"7229_3",0.03818541184323089
"7437_3",0.0041837031755441526
"2560_7",0.8597602959021922
"8444_4",0.02577509626341671
"1900_4",0.9700413125946586
"9057_4",0.9744907876233785
"10101_4",0.018887366725405173
"4914_2",0.0009404030951836583
"11896_4",0.6603340492674237
"10430_1",0.034473389671270935
"786_3",0.0030059411642899695
"9834_1",0.36171347341579246
"2040_1",0.0009372613712671551
"1435_3",0.004717157967526309
"168_8",0.9203839254912325
"6504_9",0.9853637342430203
"3677_1",0.013108163490788407
"3652_10",0.9851022363621752
"9821_10",0.9996668856346711
"8695_8",0.976150443433842
"5728_10",0.7956786163336581
"2856_8",0.9143546086018359
"11548_3",0.09229795290672925
"9435_7",0.8475207848896132
"7910_2",0.0014720235722759233
"4658_7",0.46430438936588897
"10111_1",0.001922695655819947
"12306_1",0.1606033704046322
"6380_9",0.5188441415813808
"3507_10",0.8156613939941186
"11085_7",0.8666719821560743
"4268_8",0.8426707179491507
"1702_2",0.025425886766731052
"3045_9",0.9831941809864835
"3338_2",0.48529345116840455
"9288_8",0.9866802558122679
"1580_8",0.30268837388934267
"11976_10",0.56964205533649
"9216_1",0.0010703755692990779
"2015_10",0.9815412102298003
"7665_2",0.3831919119813349
"10545_2",0.014438136271259611
"3819_4",0.0071849598221637384
"8005_10",0.9814220689969445
"772_1",0.001967450688546189
"3882_3",0.034080539471555316
"9001_8",0.9961340251727341
"3000_1",0.007992566441864095
"3357_4",0.0970622927527764
"2559_4",0.11965849419496205
"2178_4",0.32065345460328437
"2249_9",0.9993873424717248
"9616_10",0.9949660449318753
"11797_9",0.9457239611227797
"9061_10",0.8977197288004626
"10994_10",0.9867666102729925
"1076_3",0.06286341249531989
"10774_2",0.06975295157992288
"10983_10",0.9369011579165384
"9271_10",0.8842421876356118
"3205_9",0.7900924002240204
"4987_4",0.3977798795012389
"10926_1",0.031191686835756557
"9150_8",0.9118726709515064
"614_2",0.07285804124997884
"12332_4",0.7629715939962307
"9100_2",0.04502789057529169
"10499_8",0.4934523245274994
"6143_9",0.9381402953958345
"4113_8",0.9774042690609848
"4705_4",0.016762512109800107
"3115_1",0.010439404812364515
"1041_2",0.004032239302759426
"11601_9",0.596149516990546
"11045_8",0.517496512264356
"10615_8",0.27118054217737836
"7631_7",0.9505058279382389
"11829_3",0.04601464052912911
"6941_1",0.0205329091838581
"112_10",0.9952452671400946
"4220_8",0.027227573085703456
"2812_10",0.5823860282895276
"10221_2",0.11843921716267165
"1944_9",0.9924936329682097
"5866_8",0.853732003538585
"11615_1",0.18545086394301324
"3066_10",0.9858432360895648
"5757_3",0.014515913993551207
"10569_1",0.00038809917301648074
"10633_3",0.007962737593357838
"58_3",0.002487607966168299
"1126_10",0.9802428889605926
"4357_10",0.8226618949895713
"6768_4",0.15977815248122584
"11354_10",0.9854903183347219
"6412_10",0.9418469903020084
"7547_1",0.005793455407008813
"5198_10",0.9764282979560354
"5697_3",0.02051310496857496
"9757_3",0.0030695499794949274
"8034_3",0.0017583987872436403
"8612_8",0.24405113702044512
"8691_7",0.9189282655864695
"6731_3",0.10955488502886561
"12190_1",0.34047981172915537
"3180_1",0.00624912695968578
"11068_10",0.9962206241099192
"3752_4",0.022320697848437668
"1995_3",0.38632777150201153
"5517_10",0.8957512062229274
"6532_9",0.9798888475901018
"4435_1",0.5203016713583132
"5527_4",0.057342343683454006
"5059_4",0.10194729036053121
"12044_4",0.41503057363188534
"3479_3",0.8232460634286566
"8399_8",0.8248997802339777
"8897_7",0.9826991656813485
"8342_9",0.5745787152874625
"7018_3",0.004012940591785752
"2497_7",0.9577692173578398
"10152_1",0.011365650626271375
"11583_4",0.07740052191353586
"3156_10",0.8925296852290036
"5259_4",0.2218501684175932
"2581_1",0.04484844143107937
"5224_7",0.7730353471900354
"9024_3",0.44710080214081444
"8026_10",0.8239650122240908
"9588_3",0.10015880206272848
"11001_1",0.045247434466275584
"6432_9",0.994077107107038
"8524_9",0.9934546478960928
"12457_3",0.08456493144183187
"8426_8",0.7412130094780993
"11355_10",0.9968490545882698
"10337_1",0.0034093519987808533
"11911_3",0.13442790308853836
"2655_10",0.9933640162144535
"4265_3",0.34993346990406154
"6542_3",0.33694564321279924
"9681_1",0.0038993190725943507
"287_8",0.9373218280644291
"1864_1",0.00011009004679233918
"7655_4",0.31833913967302024
"3613_7",0.9666323423071559
"11041_1",0.18563432293471444
"12070_8",0.7406562276537256
"10856_10",0.977419918134117
"7365_4",0.020256583910211245
"10025_8",0.9769599192926406
"4693_10",0.9804662804412725
"9580_7",0.8719008033425117
"4669_2",0.25656104455891826
"274_9",0.9935712744131541
"1570_2",0.12925505827054487
"11040_8",0.9818934371893311
"2243_7",0.6772666229668423
"7043_10",0.2456339740195312
"3719_2",0.003953915207430175
"7635_7",0.0719318211894394
"2327_2",0.0006790056133735528
"4229_9",0.3902365075629462
"4121_3",0.33963339907747997
"6064_1",0.04567139322501346
"364_10",0.7845434993833995
"1161_10",0.9714446921874912
"463_1",0.00525527177417205
"9291_4",0.27557646437083627
"8827_1",0.0076021081536809055
"2292_1",0.001652602256989737
"6935_9",0.8924411476568348
"9226_1",0.00016896728787589528
"7612_4",0.1740841834448227
"8575_7",0.5562341487886683
"3475_1",0.0368376811645128
"1880_7",0.20075603081481622
"7265_7",0.9662447259178594
"8626_1",0.0021910571508772458
"733_1",0.000944501297561495
"12100_10",0.9920749238696505
"1069_10",0.9937968261455721
"11364_10",0.9884123326765442
"5496_1",0.04755548055906576
"7253_1",0.004198774960951845
"3159_1",0.41134672123031824
"9131_10",0.9995980743175761
"413_4",0.06822143679723468
"10818_1",0.0017568380733589768
"479_3",0.6369783664489488
"173_7",0.9310759797860767
"9522_10",0.995735076203164
"333_10",0.988561993025544
"2819_1",0.0002449940700224913
"5723_8",0.8207137235975481
"99_10",0.9397936060873272
"7247_4",0.32214722566360543
"4711_9",0.9932747803028771
"8555_3",0.013464801676504143
"6330_10",0.9869519758760711
"8921_1",0.00672662077371861
"803_10",0.6762138798731744
"6219_1",0.008091658560392354
"10077_3",0.0641738078863301
"1274_7",0.9436421426112102
"2307_3",0.04157769282434113
"8114_8",0.9290690031339509
"1503_1",0.010872743065811291
"2004_10",0.7379435871303597
"712_3",0.7420217386146415
"557_4",0.04026272234960703
"9651_8",0.2138975584442545
"11701_4",0.0763173192692534
"6325_9",0.4424740548635943
"1684_1",0.004815481879712389
"1435_10",0.9883493473417401
"5754_10",0.6743333053243664
"12098_10",0.5242824677707589
"3707_10",0.8452780443213347
"2521_1",0.018795295543412815
"1793_1",0.012199751107831093
"2725_3",0.0097234809475073
"5051_8",0.993956917840178
"2691_7",0.9357854864940324
"4111_10",0.9757564934688117
"3239_3",0.006370237424824659
"8124_8",0.8506714243101657
"4990_4",0.020141978410687315
"9565_9",0.9968377155687184
"6657_3",0.0358814747012333
"5882_4",0.013442672956041596
"8571_1",0.006586534839388529
"6815_10",0.9939147152963099
"487_10",0.7022180388868352
"11567_9",0.9709124469542499
"10631_1",0.05695794591815516
"7070_2",0.06114864807287232
"8708_10",0.9794487529705885
"1889_4",0.6625562476840782
"1838_3",0.047210530486769174
"6383_3",0.2313624221255584
"4735_9",0.04378535278380978
"11430_7",0.9192988012411741
"11590_1",0.0009642219821794214
"11023_3",0.24765159307694018
"10870_8",0.9424328345342692
"6734_10",0.7943781176548192
"10174_1",0.014470494532790788
"7905_10",0.9883878972090817
"9555_4",0.14968137372593004
"6303_9",0.9651787277820634
"1426_1",0.13161593475094174
"5482_8",0.7320910079629258
"7605_2",0.004626944788575247
"10249_1",0.01652185182231178
"2466_1",0.22145445871403197
"4055_1",0.11709491474161005
"9839_8",0.6934033769251093
"3953_9",0.9735019264107633
"6563_4",0.7319702460168501
"10776_4",0.4799843815804018
"7596_2",0.008493315794601117
"10490_9",0.9922800998977312
"3800_1",0.01716635317643418
"10669_1",0.20551228384335948
"6276_8",0.6192510837736259
"3110_1",0.037318161060750116
"12434_1",0.0005660400735752197
"10189_1",0.006325426370054195
"10639_4",0.020380289037096263
"7734_1",0.06668765441460088
"8763_4",0.16396485291261187
"2702_1",0.12103158262837947
"10179_1",0.0075612341271061685
"2317_7",0.14684388446068875
"4677_8",0.9966723664950696
"11805_7",0.9263214323203997
"1339_2",0.30075729028984877
"9919_4",0.12647029278622832
"1425_8",0.7491677746978412
"3926_7",0.7127219169229164
"12395_10",0.990544905621226
"6284_4",0.04456167240017805
"11069_1",0.1302681200813435
"4998_10",0.9860124058190509
"8055_2",0.03833889946925155
"9179_3",0.1588491726098276
"11577_10",0.2990391395807655
"1480_1",0.005100954101555946
"4561_10",0.9058042965774784
"4698_10",0.999285755228764
"9312_1",0.000267744978985872
"6561_4",0.09661203411257561
"8353_10",0.9999481781591426
"11580_3",0.014263607204222341
"10536_2",0.4221491983652046
"957_10",0.9829150988554489
"1768_8",0.9901699752133488
"12197_1",0.00042749120613187465
"11459_10",0.7973505763072698
"2271_3",0.29614800961257076
"6973_1",0.14133571937664177
"4199_8",0.9819370170419086
"6582_8",0.2891565143520855
"5843_1",9.200719387733788e-05
"4140_9",0.5286709765963523
"11105_3",0.02808874076745141
"2395_3",0.45787597976876954
"10715_9",0.7365211670149467
"6611_7",0.9990391862491931
"2043_7",0.9706911119807001
"2884_9",0.8508872486805511
"4946_8",0.9440419574930119
"9642_7",0.7811672541685115
"5211_1",0.20312883359156275
"10661_9",0.9655614478596289
"4368_10",0.6122811197508703
"12086_4",0.04089655307396974
"6465_8",0.9945456867877036
"4706_1",0.024823041742693303
"4694_10",0.5523078396251725
"12150_10",0.9320281871098035
"208_3",0.039781507504666865
"2587_3",0.004750179081088595
"2804_3",0.02665089803257257
"2837_3",0.4637587465475778
"11070_1",0.0028822697693415937
"11909_4",0.09301452549371406
"9945_10",0.9191551279435272
"9281_9",0.8890861562720233
"8458_2",0.03732211171721119
"9882_2",0.004878625545372409
"172_7",0.7523720200715192
"7632_2",0.11920636681022856
"12246_9",0.9847888461523916
"3889_1",0.004887128673034085
"11140_4",0.3224520081316358
"5240_9",0.8772294826589617
"7965_4",0.32990555711122505
"3387_3",0.007217518134037735
"10817_4",0.0007722697302511623
"3332_10",0.6863212635009298
"1156_9",0.9967945413908929
"6585_1",0.002641019935627204
"7931_3",0.04318466094309796
"8268_4",0.0016985893163900154
"6443_10",0.45261037744954424
"373_10",0.8752482297777495
"5912_4",0.0365438331742114
"11475_7",0.37495532471442183
"10738_4",0.3028380142303663
"11175_10",0.9889247240939979
"9008_2",0.048006962665680546
"2218_3",0.07057025071686701
"585_10",0.9464019251009567
"3448_2",0.40194719712833393
"3860_8",0.8965155840267002
"8335_7",0.9755951306336796
"1907_1",4.017222649571202e-05
"9169_9",0.34151732729693574
"10375_8",0.9808884528297499
"10432_4",0.565589123270455
"11399_1",0.04637362129246478
"3430_7",0.9588203142320244
"2859_4",0.28186230511562793
"3899_10",0.9726548407688888
"9648_8",0.9786722141851193
"9233_8",0.9082483297225106
"10574_10",0.838791593778056
"3489_4",0.943562559465778
"8115_8",0.916021249358643
"11495_8",0.97459787502827
"6885_7",0.27845987415704737
"1534_10",0.8838691468099499
"11721_9",0.9309656336094707
"11610_10",0.8939176346223465
"2712_8",0.9779265446782702
"3140_10",0.821218702087991
"4880_10",0.864554400965848
"1592_10",0.9994925728466648
"425_10",0.6844963996775871
"5798_1",0.000131089742043052
"2212_8",0.9125325681084906
"2685_3",0.00020311292440570365
"9625_2",0.0015549350690963132
"8492_7",0.8464813286465417
"4932_3",0.5763394917040543
"1704_3",0.04110068990261325
"301_4",0.05066357694073097
"2599_10",0.7789509972607401
"2364_4",0.0346428975256679
"2323_3",0.015842342776339367
"1885_8",0.02647547271824752
"1232_1",0.003295153083172332
"12055_1",0.0006945793709014261
"2894_10",0.9989430028900297
"5347_3",0.4491703823220404
"1799_4",0.33512999157548523
"7460_9",0.7228471520632082
"8798_10",0.9800840384461372
"2134_4",0.12308907564063469
"2964_2",0.187915733411905
"345_3",0.08433956051230967
"2670_8",0.9333443864368209
"10282_10",0.9527657276771521
"5587_8",0.9191746026966855
"6115_2",0.033352779163575465
"6974_1",0.00901760516548737
"8500_10",0.8600382794406023
"5073_8",0.930055427207093
"5291_8",0.9473636181128807
"11728_7",0.8682636827705843
"3207_4",0.036483756907627035
"2553_8",0.6067728997152694
"10896_10",0.9774034619837921
"9321_2",0.02627695517397885
"1484_4",0.008911576546918628
"2106_2",0.2920938967216501
"5487_4",0.00725985411376483
"4835_10",0.2521077857815829
"1023_3",0.27301162216034347
"11524_10",0.9913167452997546
"10672_7",0.6105625338894789
"9769_3",0.0015709061542285676
"590_7",0.8043977807829075
"11530_3",0.0014119870071996924
"349_2",0.10077636464162269
"2165_4",0.06652426082446689
"1574_9",0.9263891331395195
"2792_1",0.003357505950977469
"980_2",0.0026493272298113665
"5745_7",0.21277579878836556
"4323_7",0.8519046707127713
"11569_7",0.7857878447191798
"3637_1",0.013004979765634785
"4511_1",0.08714317258814894
"8404_10",0.9888888463200599
"8947_4",0.3873508733337446
"12317_10",0.9888074773920653
"3927_4",0.4899345444345333
"461_8",0.9375585028511568
"11651_2",0.0004020403313298994
"7697_4",0.06892630312250908
"7799_10",0.926207943645088
"2111_8",0.957993991862412
"9745_7",0.9924225787995913
"4419_4",0.08590470423490576
"9337_4",0.17126781777053712
"3908_10",0.9882489749950905
"9211_3",0.2507507868277951
"489_1",0.03723842409688801
"9229_8",0.4115176883303205
"381_1",0.01809176284174631
"1355_7",0.9114850774954547
"12100_1",0.0010481780913687171
"6126_4",0.10513236135504177
"8315_8",0.997197328994509
"7513_10",0.5051553835513005
"5547_1",0.24273183131234255
"8050_1",0.0533897706669811
"7332_1",0.042701029303117366
"9044_8",0.9993702908710989
"8491_1",0.482597562688364
"1919_8",0.9994630450395849
"4076_7",0.9518119104574442
"9251_2",0.21040438478597392
"7325_10",0.9938932099228422
"177_8",0.9505511157738639
"8104_4",0.04344419789861956
"919_4",0.06249685059263116
"9417_8",0.9978168628019158
"9440_9",0.9782648764245495
"11105_9",0.771942456389016
"7670_10",0.8310205600372726
"7404_8",0.993790889297791
"5120_2",0.08023209711086551
"10153_1",0.21133498982587204
"1763_10",0.9493296380065307
"9316_4",0.36146185535000463
"6396_8",0.9438405186758422
"8865_10",0.995868679702474
"4552_8",0.18528627230770722
"874_4",0.13325111380165974
"6690_2",0.013672083806343625
"11970_3",0.02395746199066468
"1202_4",0.09464453645870773
"6024_1",0.12473448391979464
"10117_9",0.9879144511154632
"9511_1",0.6591989486222775
"2314_10",0.5379103481576958
"6053_3",5.6631785268555836e-05
"10165_2",0.343014621063154
"8410_2",0.47966469168907966
"1457_1",0.3327762809571451
"9651_3",0.12590536984329878
"537_2",0.005133857278630241
"7191_3",0.6896084366731731
"10258_8",0.9137214507021717
"4774_8",0.5778293573119461
"3560_8",0.1468792327297241
"5960_1",0.010751866041417348
"881_4",0.04190666079554674
"2420_1",0.06494785078506386
"4959_4",0.0031670227464558713
"7138_1",0.01194657900687188
"9317_10",0.8785611819754265
"5454_4",0.00039745557401415214
"7450_9",0.47136222061677213
"9679_10",0.769307648995056
"10988_3",0.2018250030011489
"2932_3",0.04926942009226438
"10110_1",0.04604646253974534
"9165_2",0.190043440465109
"11712_2",0.010771473124670208
"8979_1",0.5969482855542602
"12426_3",0.1685538482862932
"1630_7",0.8300395958218935
"11990_10",0.7180891287619092
"5395_10",0.9949514619233852
"896_1",0.0011828337658649746
"11463_9",0.8629032428444029
"7096_1",0.04632507792717671
"6198_10",0.8966231257761432
"8141_10",0.9950865714016327
"2650_10",0.9480210299056971
"12337_9",0.9698137325125256
"1995_10",0.6337105693783294
"6349_1",0.2584063455858778
"12270_2",0.0022685561196362
"12494_2",0.0812711572196376
"7081_4",0.6775639944756924
"3010_7",0.45560806325653974
"2924_2",0.20570919934035045
"3185_10",0.8536476551363935
"1377_2",0.9500360000195329
"4858_3",0.052864927522844524
"4351_3",0.005262290442829745
"6865_2",0.06334008618453318
"9527_3",0.28165382146216117
"6223_7",0.8753203093310147
"11598_4",0.14487734573526836
"10605_1",0.0047863748536941765
"4609_2",0.014505258577518118
"3736_7",0.9088032712903946
"5615_1",0.007965504476677387
"11109_7",0.8317335121880102
"3924_3",0.03423961976152525
"7452_1",0.9705390697840787
"4288_8",0.7205328164359971
"8825_2",0.027562247152067395
"3168_7",0.9864394874911645
"6407_1",0.0014240065458956746
"7016_3",0.2620998165071072
"129_1",0.06046524816385251
"9808_3",0.06577710675000574
"5620_10",0.9095955057233273
"6404_10",0.8286876073472205
"10781_1",0.5214469683059063
"2446_1",0.012247028989278376
"2191_10",0.9580433332977049
"10848_1",0.006366446209287086
"11201_10",0.7708585309720187
"6818_9",0.9797974064202986
"4607_7",0.9465324339822835
"2410_7",0.8323743873953101
"9656_9",0.9982868765601499
"7841_7",0.9348130684331594
"11422_7",0.7921742059642136
"7376_8",0.48725113041386364
"10804_8",0.958026678838012
"11793_7",0.7102093869443304
"509_7",0.7930467071360896
"12459_10",0.8366354953365794
"354_10",0.9987719325154322
"2740_10",0.4753770994283195
"1469_1",0.002461845896908061
"9219_10",0.9524256946696941
"7248_7",0.9663827370314472
"5620_1",0.022301945978384637
"12160_1",0.031050771129166464
"6037_10",0.9624600295949244
"8338_1",0.0003071952146297262
"1954_1",0.012464129440522305
"6996_9",0.6426173995636018
"9888_8",0.9956099855131458
"5470_7",0.8904291703992911
"11915_4",0.7070706418962016
"7057_4",0.8563195510327862
"10320_10",0.9417096299105612
"4447_3",0.02275014808876983
"9711_9",0.971474514079416
"5077_3",0.006613635349510488
"10912_4",0.2790904831192903
"3224_3",0.38065385824941195
"9946_7",0.8664794438333131
"10650_4",0.5063577376133497
"9613_1",0.44594287906240215
"4909_3",0.0033728861846537023
"5607_8",0.8707104563395388
"3315_1",0.00024740508994023
"9271_1",0.03151279514396983
"4248_4",0.2892780212937366
"5849_4",0.557627549758534
"3944_1",0.007630435526745301
"3580_10",0.9795476503947499
"4592_1",0.012372132276373715
"6375_10",0.996337201040417
"5955_9",0.763677517159402
"11613_7",0.9901092182129402
"8278_10",0.9540146563980987
"11339_9",0.9891505530873534
"6813_2",0.3974986866081435
"3747_3",0.1805028788871178
"5916_1",0.0006933014885977842
"3298_1",0.02607132116187357
"11303_1",0.10386980734459401
"5758_7",0.9257337816952353
"11652_9",0.9923551087745023
"8748_2",0.6394939991835201
"11092_2",0.002824667277430199
"8729_8",0.9730071277265999
"6332_4",0.00414075412048883
"3700_10",0.9750652735183472
"10507_2",0.0009738779837076839
"2287_4",0.0052387854842128045
"10549_10",0.9986310650882347
"3005_10",0.985522666566059
"5657_1",0.011390755020619654
"873_8",0.9952667196429282
"2274_1",0.009215423897444912
"3208_4",0.08057863792076415
"2663_10",0.7994255897763018
"8134_7",0.00898446984703642
"7443_1",0.5724795171066196
"7507_8",0.9323652297398763
"1423_1",0.002136233023872333
"4014_1",0.08314196490011566
"9662_1",0.000638448539693987
"2512_9",0.9774528525759526
"8415_2",0.07074729356564687
"7672_3",0.012612769685023364
"5925_1",0.001029839093028086
"2654_2",0.008847312112566879
"1780_10",0.6063803452149509
"8813_9",0.961389032794879
"9378_7",0.5534997092349109
"12120_3",0.021067879953013874
"8985_7",0.9637994798774061
"5771_3",7.126860423169579e-05
"7305_10",0.9899292762657192
"8681_4",0.013513329734138256
"7415_10",0.8970563857442222
"9346_8",0.8715988421548838
"9750_3",0.15527468352982313
"9083_9",0.9972971301019237
"12255_2",0.0013110500377103943
"5035_1",0.3033720375837474
"12384_10",0.058798723997181786
"8381_4",0.00013811167407471684
"825_1",0.0028747633126374895
"2034_1",0.000519617281994202
"439_10",0.9982760887526096
"5753_10",0.6615988609359712
"10370_10",0.915170104453211
"3395_2",0.006733091387841556
"8101_2",0.0450343314165764
"7885_1",0.0038539576848826236
"3266_2",0.3042548185394875
"4623_4",0.12261925900731811
"8123_9",0.2518119304729148
"1787_1",0.0008396289777604839
"4001_4",0.17983602888578223
"3530_2",0.0017987853596722644
"684_1",0.00010865226629697575
"744_10",0.5546622786606151
"8439_7",0.8592900416058786
"8678_9",0.661735944465522
"11851_8",0.9046574793618951
"1237_2",0.3833596587220351
"4557_3",0.0018909073656419996
"1847_10",0.989601320509922
"4002_1",0.0033040081074770396
"1620_1",0.6951669739676983
"549_10",0.9581772623996744
"4984_4",0.7007788797220202
"4673_8",0.011228303476455702
"1373_1",0.02511263909820411
"6927_1",0.6458782114556222
"9201_2",0.31219503821329353
"4293_7",0.9529525981500019
"826_3",0.04363266955970063
"6337_1",0.04813595199992381
"9978_9",0.9874296572949811
"11379_10",0.9717628730455705
"3874_1",0.0035338992770216162
"9943_1",0.0004877279303206895
"7236_4",0.2078475542981591
"7816_1",0.013976071671247791
"3849_8",0.9994821997311428
"1167_10",0.7085661723217207
"9667_3",0.12884053509010532
"2506_1",0.07194214316250165
"1372_10",0.8941995953039017
"6788_9",0.9095040475627268
"4792_2",0.022499539827879007
"7909_2",0.03380427272179896
"2213_2",0.01970841436286162
"434_1",0.001973467559663625
"9245_1",0.020068344746545907
"5822_10",0.9463965660389256
"5406_1",0.05805293706479145
"2011_1",0.00177224356062429
"6805_10",0.9907079296986285
"2557_2",0.02061689326624471
"4343_1",0.23869014575809439
"1493_4",0.3459958269648084
"947_8",0.10396686584386401
"9494_7",0.3400716658485709
"10228_10",0.5532091309581058
"707_10",0.9312626882753033
"2018_10",0.9499549050045243
"11093_10",0.32621828492594646
"11113_10",0.9195076215580699
"11596_1",0.04416851217098734
"7453_1",0.00044250790912094375
"9045_8",0.9979323026660271
"12264_7",0.9776841662916048
"7271_9",0.989184307746288
"4560_1",0.6861850550624973
"11223_1",0.002969159975843662
"3939_7",0.4041659348859266
"2714_2",0.3693855774756343
"1940_9",0.23688143700038236
"3640_10",0.9799651303485192
"1724_1",0.033125789136570695
"5383_3",0.12494996835417947
"7323_10",0.9497845975513081
"7345_4",0.0006013279257576172
"775_9",0.9966807237913314
"11995_1",0.0015213031141188657
"400_10",0.940299881348286
"10279_4",0.06849512749276797
"673_8",0.3613507641680924
"4168_10",0.9224711117215649
"11761_7",0.9892464318045286
"491_9",0.8173849601355585
"11472_1",0.0024376040828761147
"10045_7",0.9795471428508252
"9449_4",0.06703985720184161
"12496_3",0.023271109131515453
"12422_1",0.0035914863388610244
"8159_4",0.5395113773864484
"8668_8",0.6318914028554651
"7572_10",0.8729637402877117
"6696_9",0.9685706633532328
"64_10",0.948291678177528
"2715_1",0.2506093143456924
"9333_4",0.3174203353099327
"3722_10",0.990753790837928
"5692_8",0.5957898099646779
"10074_7",0.8743385528663359
"1717_3",0.05474770110905449
"825_8",0.9731607787495329
"7796_10",0.9971462671317677
"5550_3",0.0390062933908045
"6114_10",0.11176171324404831
"4440_8",0.650046480457938
"9616_4",0.3910264572536761
"12090_8",0.5954417627465841
"10728_1",0.0301208191969871
"4419_10",0.9919059025897261
"282_1",0.3867775631461881
"4825_9",0.9624447122477148
"91_10",0.6516722228949051
"10399_2",0.03652693114038911
"6773_4",0.10559872502957836
"1364_10",0.9782344482637416
"2806_9",0.9657917587133471
"4520_2",0.07592984293905601
"8211_9",0.9938469741818278
"3594_2",0.005739449713843744
"11353_4",0.2005487230606665
"307_1",0.3521322271468788
"10963_4",0.06253568063664938
"4023_7",0.4710968498500585
"11450_10",0.8842661345464915
"3567_4",0.710222769968979
"4751_7",0.8414695539830405
"9798_2",0.001360882400773098
"1864_8",0.999923223042834
"3168_2",0.324198514014017
"6506_2",0.0801976964930397
"12484_2",0.013373016788149925
"11999_8",0.6426155448802879
"3571_3",0.0012465933226913925
"147_10",0.8316751715162131
"6691_9",0.8446962797737086
"11295_8",0.9468702754367528
"9344_10",0.9989475795301191
"9513_2",0.1575964468215186
"11066_7",0.9961666119227889
"4330_8",0.8432007790435874
"5194_10",0.663454702246935
"11676_1",0.17781097492445344
"4587_1",0.01342909849061952
"11964_4",0.022667090876111694
"12456_1",0.012204471655604931
"6054_10",0.9833932476966848
"2140_7",0.6702167139809088
"1388_1",0.06760068635696535
"10681_2",0.0005129071482911618
"4614_8",0.979910017749116
"2604_7",0.5858268878945385
"4234_1",0.06127785173427263
"4261_8",0.3957633055972378
"4907_8",0.9695142267711754
"4134_4",0.18522958197178774
"4125_8",0.9905900945619076
"3795_9",0.9359411849472887
"1356_4",0.17576666283757278
"10711_2",0.009087037939871008
"4728_7",0.6255133131812732
"8254_8",0.7304798272795102
"10769_2",0.07409639113550034
"7185_8",0.9356743436256122
"2842_9",0.9776232441348509
"4565_1",0.05495996355850616
"3030_9",0.8983396459953856
"2997_1",0.012963703349315046
"1311_9",0.09294199108078424
"12499_10",0.9817699360671475
"9830_10",0.6606015261612006
"1774_4",0.026761956916621536
"6676_10",0.9999552400625334
"6502_9",0.9017850752300477
"1521_1",0.5426827903147549
"4253_1",0.05189311214774266
"2775_2",6.684596915784431e-05
"7324_4",0.06550979738823726
"1207_4",0.07734574224993886
"9903_7",0.9545870780875556
"3195_2",0.02281758057910646
"9213_10",0.9886829487767348
"7751_1",0.0006555973440509462
"1616_8",0.9952690659606781
"1482_10",0.8959329316796247
"6772_7",0.2312180829420414
"2008_10",0.9902669730567476
"6799_4",0.2104903043260225
"5004_9",0.9710222474893355
"3487_2",0.0020993029225483207
"10892_4",0.57238675954178
"10839_4",0.062245425271015516
"922_8",0.859767652535646
"4163_1",0.0010969906344892668
"10738_8",0.3520659034013669
"10678_7",0.9474882312647258
"5892_10",0.7736311770312229
"6202_1",0.00013038879840217356
"5792_10",0.9564781769222062
"12161_4",0.4693198426527857
"1097_9",0.7454025370210848
"2930_3",0.4478863546980572
"4087_3",0.13212732481512393
"11875_3",0.051706898572953415
"11770_4",0.16636581808548281
"847_7",0.8918945286460533
"10620_9",0.947026441890395
"1455_10",0.9951729998051385
"12294_1",0.006510321863740881
"5653_10",0.8789642209074597
"1874_9",0.34666724356976697
"10487_3",0.07040694723305474
"22_3",0.016366109887202225
"2760_1",0.023975046554922747
"9822_7",0.565984967803789
"1068_10",0.9933030685736517
"11117_1",0.0025299378704096687
"10409_2",0.9814921841163382
"1877_7",0.13911177840733796
"7347_1",0.022053409712617517
"4231_1",0.12864132183081634
"1122_1",0.05022216121462147
"933_3",0.5795556763690497
"11883_4",0.019000454538376815
"8386_10",0.4885579588886741
"12297_7",0.7224541663989055
"11847_8",0.9839954529684645
"5511_1",0.02153261921647379
"9587_2",0.24200640032322024
"10027_8",0.7925501010357251
"7210_4",0.03604865801527623
"2490_9",0.49024620468124125
"4889_10",0.9955468989463045
"8192_9",0.9902212449115534
"12133_1",0.3899040893455352
"2098_1",0.2948273472361071
"2941_9",0.9511573356016744
"5742_3",0.0003394838419685426
"10645_4",0.008282457975342309
"1162_10",0.9994449483486826
"4383_10",0.9853524522459624
"5325_8",0.9638759159300224
"1324_1",0.006422847751609001
"1374_1",0.7349745394026449
"116_10",0.47735002637692914
"2898_10",0.8052136861346475
"8799_10",0.9485761251995105
"6654_10",0.909491463391636
"8630_1",0.0005058153184659185
"3452_7",0.9757707040446771
"3609_8",0.8313634869916211
"4740_1",0.00330454477499967
"8368_10",0.9921335941143739
"11960_7",0.49607118349350376
"3583_10",0.8506843780263852
"1581_8",0.23475366970264697
"1378_1",0.5378286942359917
"968_2",0.0013660769757414912
"4524_1",6.155206336005742e-05
"5036_8",0.9967669008746042
"12287_3",0.0017335248834569308
"9236_10",0.6613089682994518
"5447_3",0.09295349447096493
"11016_1",0.005645106924718741
"1935_3",0.0010545665755792182
"5300_7",0.9990761371699407
"7775_2",0.23025514570399455
"4398_3",0.03141843200849216
"5692_2",0.01293428573125515
"3517_8",0.9771237780903715
"6007_1",0.007092006928369459
"10127_2",0.003949651618885432
"6614_10",0.9981281180677097
"2767_10",0.9622983963953456
"3187_2",0.17013895438225615
"6473_10",0.5725127839845374
"12263_1",0.00020323299588839808
"10838_2",0.05420970912901973
"7367_9",0.9611230928009027
"8873_10",0.22416953098523645
"6016_1",0.1157720099749469
"10363_7",0.4194236707757404
"3541_2",0.01966836435831856
"6416_10",0.9720068552288984
"4538_10",0.9099190473219927
"56_3",0.015874057214301966
"7946_8",0.8546155625250211
"6003_4",0.053445260608372444
"974_4",0.03619020173992041
"11651_9",0.9768401319291095
"10283_1",0.38849805486580286
"12334_2",0.03070451086882907
"972_1",0.5470005947905322
"1513_8",0.6966022427854219
"6141_3",0.14357327491764602
"4195_7",0.9537615743415613
"10176_9",0.9917766310225669
"1918_2",0.0004690078569707918
"12117_1",0.3019537854378794
"7567_1",0.042773765727538306
"2949_10",0.9278590125571867
"11937_9",0.9981017626191886
"8513_2",0.09691801425043849
"3913_8",0.183390778642038
"1310_8",0.8862966197268645
"10461_10",0.9966784434732059
"3309_8",0.8523767653081344
"862_9",0.8710492100326263
"4040_2",5.521423788330064e-06
"78_8",0.5402191737160175
"3491_7",0.038151320123158534
"10862_9",0.9693845046268209
"4763_7",0.8352336411357649
"7421_1",0.11609966187852998
"5350_1",0.39035636647537614
"11491_10",0.9424177325312371
"9975_4",0.08249523932864541
"10123_10",0.9683506583155957
"11573_1",0.0021022163638258727
"2337_9",0.9918152757090265
"251_8",0.7078775939249209
"1942_1",0.06372476094581325
"2940_7",0.7161742946574439
"4342_7",0.49654048769549336
"11250_2",0.01699812115019624
"4224_1",0.506109853938578
"10106_10",0.3770805824386051
"7764_2",0.3950223619901916
"937_10",0.9214639645614864
"3112_10",0.979250522124326
"9922_8",0.7714337392198158
"3259_7",0.3943545788301418
"7828_1",0.0004720541775827175
"4031_7",0.5921281556537805
"1277_7",0.9473202522898464
"3162_2",0.04916099738872772
"7_9",0.9886328114540226
"1832_4",0.03630344146754307
"10997_1",0.3944080567907372
"10572_10",0.9914363818158738
"12194_1",0.006824737357855521
"4648_10",0.41035527112641357
"7207_9",0.5903733770006274
"11000_7",0.9804693492526381
"4943_2",0.0017793882585669038
"10601_10",0.9824888427110142
"4731_1",0.8384321068823353
"9272_8",0.24979086842075124
"11551_1",0.0007103006436153342
"9074_3",0.09813877405761948
"2486_3",0.4436436189574957
"618_1",0.07996350491927837
"8683_8",0.9491533388386227
"2618_10",0.37063920542997597
"8471_9",0.5808840827552832
"6394_4",0.017254608245733823
"6456_2",0.1984477637200647
"3195_8",0.9622043785752054
"4188_1",0.025966085328454885
"3985_10",0.9572698748102175
"7099_10",0.7852077915645486
"1558_2",0.0008466129924187613
"2877_8",0.14721241601478577
"3928_1",0.04379799998855275
"7206_3",0.002582536279438889
"8088_10",0.9695017666653515
"8167_10",0.958962874023866
"8590_8",0.9196378158260564
"6973_7",0.523096371842916
"4974_7",0.9806130572920583
"10151_1",0.13385944707947503
"5268_4",0.010205344352426603
"5258_7",0.9983398845786704
"1478_8",0.7256649395736711
"5094_10",0.9866949172365285
"10126_4",0.45384911778015635
"9357_2",0.4378466522487102
"7750_3",0.5448650392272776
"11628_3",0.48687085825662413
"9124_7",0.942845070442235
"1802_7",0.8128901129245689
"4820_4",0.12831090508003895
"10019_8",0.9926189065208068
"154_9",0.9310725162173349
"5049_4",0.0001552149365416495
"4372_1",0.0004734834134374544
"7807_10",0.9721040286411126
"5127_10",0.939392214153307
"11480_2",0.003376962134290495
"10145_1",0.009479014614627745
"7090_10",0.21991869988097845
"1288_1",0.0850763356771789
"11316_2",0.02588580609378825
"8428_9",0.13575320093983176
"1843_9",0.9783472978781262
"1916_1",0.0036805819537016025
"2657_2",0.013410330050466357
"10504_1",0.006583381721172875
"11621_3",0.3942570759531832
"10148_1",0.027059029349531118
"3339_4",0.0732314426829673
"8202_2",0.06750696972770515
"7796_1",0.007487585316609009
"4625_2",0.1686690887623655
"11859_4",0.04246612717045726
"8261_1",0.025676201297690146
"4670_3",0.0740514996380206
"8412_10",0.9975887577004202
"1010_1",0.08558139094405451
"436_10",0.9953545441247154
"9351_7",0.6060824861350994
"3767_8",0.9914072593120833
"4794_1",0.0028339523911077164
"8447_10",0.4820475606962273
"6182_2",0.15459171501474062
"8754_3",0.9649810505892998
"2709_3",0.2704192902789356
"5882_9",0.9980442782211478
"6916_3",0.36054926069699034
"11886_1",0.2001657027279798
"123_4",0.8758028154678424
"2827_9",0.9945291890825151
"11440_8",0.5247009070136475
"4100_8",0.973643894978637
"11645_1",0.49034191818589
"7949_10",0.9959393657262298
"2017_1",0.08728357518745661
"3451_7",0.9993365251089851
"10986_10",0.9860560358112432
"1541_2",0.1894075777452376
"12336_7",0.7295793047649725
"9787_1",0.012737965456077627
"5282_10",0.9999260522571292
"9568_4",0.20360762250245
"8222_1",0.14882922220620282
"5415_9",0.9425101176520101
"8485_8",0.742977047088137
"6449_1",0.004182505517812189
"466_1",0.009641605149635402
"11997_1",0.3293578495006272
"6144_10",0.9948155653988843
"3309_4",0.04396945208334871
"8655_1",0.009408528367744596
"10141_1",0.23357195937510972
"7469_10",0.9423803244052866
"4445_10",0.7493736409269238
"6651_7",0.7059026470616644
"6711_7",0.2044766182361378
"3329_4",0.035940148143181944
"8000_10",0.5430626592809108
"2279_8",0.9507597217843624
"5012_7",0.9520764293231886
"2437_3",0.08581603263016943
"505_9",0.9707577453310251
"9070_10",0.9590938148507381
"1234_3",0.007602141719837955
"4880_1",0.0030984345505238814
"3981_4",0.2336501880383341
"134_1",0.0032966576163727
"3211_10",0.9936871226111401
"2559_10",0.8066200720268284
"4512_3",0.005315095916750746
"5957_1",0.00501282639385277
"11626_9",0.9986641608308153
"915_10",0.9346707042213731
"5569_10",0.9425557524928252
"12396_9",0.9108384692994139
"6494_2",0.13155994203428167
"3262_1",0.02835538195475428
"3916_10",0.8490251692157393
"787_1",0.06515325888442254
"11092_9",0.9896415848539515
"2818_10",0.9891571830804883
"5271_2",0.4633090914174936
"4057_7",0.9532651851572445
"5042_1",0.06809621696834108
"1204_1",0.08614507197778891
"3651_2",0.03173488555384147
"11763_8",0.9855190932762428
"7766_10",0.9858136344712322
"3498_1",0.01330974914702366
"11578_10",0.9811715490413145
"3691_1",0.2124503925663204
"11947_10",0.9548564587843713
"11475_2",0.0028171800961754975
"8568_9",0.3567192646961935
"8247_2",0.1724564044337462
"9544_7",0.4567430732681412
"9753_8",0.31480327446760387
"6824_7",0.7010459291640728
"2799_1",0.0076170122332934916
"10459_1",0.087160265650191
"1894_10",0.3384449707349529
"9726_7",0.6767868560702794
"10923_1",0.0004566419091670862
"7946_3",0.44704627362744664
"7509_10",0.98724608920196
"3273_9",0.7292481270321874
"2716_3",0.9148685047815082
"4622_1",0.0006969857804102032
"1204_8",0.873539708532731
"71_4",0.02450431048121406
"6508_9",0.325280466883556
"7819_10",0.9984688807687309
"695_10",0.4036846760687358
"10844_10",0.9617688655412729
"2413_1",0.9057638684158748
"8768_1",0.0016964386006717302
"4536_10",0.9878218242019216
"2576_9",0.9989677749104359
"4473_2",0.02873034554517974
"65_2",0.19766421742128623
"6114_2",0.3981015505912194
"7458_1",0.0002339469236696947
"10815_2",0.02384597002432574
"8344_1",0.035107268511857706
"1975_9",0.7600749442944206
"1659_1",0.0030088637668414676
"11030_10",0.9239487368115021
"5405_7",0.6433498434910064
"2539_3",0.46544186301724527
"6565_8",0.836720450863614
"1826_10",0.9804827870712498
"2577_8",0.9764607008044528
"6032_7",0.7804092537277861
"3146_9",0.9560853136069997
"798_1",0.016743727068921938
"63_10",0.7839402911847423
"11819_10",0.9895049618714463
"2905_7",0.9660811961781638
"2716_10",0.951549199590613
"1717_10",0.7282167128581729
"1036_3",0.1768372462426357
"11583_10",0.9992737848538424
"962_9",0.9996201818232628
"10203_2",0.004801720519458241
"12225_1",8.360117871534107e-05
"10322_9",0.7523263506186987
"7601_2",0.3764135045789866
"1675_4",0.8572372389970915
"8235_3",0.0010081885612222342
"680_2",0.31296509414704166
"5208_3",0.005129277585811006
"10678_2",0.16346577270872703
"6072_10",0.8321083043060853
"1216_1",0.0016164600200033715
"11434_1",0.029905023782896938
"12480_8",0.9199164848266733
"8844_10",0.8954910765808521
"10506_1",0.00025337632143010295
"9766_3",0.8986265579539133
"7804_4",0.12198623385740905
"44_4",0.011420981967999524
"11226_1",0.06054383425768043
"11378_2",0.5808790160681804
"7805_1",0.004371761942063376
"4692_10",0.29568345142490154
"2928_9",0.4290441801164894
"8785_10",0.7764357715739034
"3083_8",0.9796529945531658
"626_10",0.9902822497934461
"9228_10",0.7494458395666275
"66_10",0.9843470345309202
"3824_3",0.7448867966260725
"7115_8",0.7952031136748435
"11893_10",0.9975825847583444
"1628_1",0.011886724441160968
"2236_4",0.031206625024430296
"2032_1",0.020365680179001158
"6613_10",0.972017062133275
"1582_8",0.22979023681366456
"304_2",0.002938814701499468
"2441_10",0.990748626783661
"12437_1",0.006898931714579566
"9822_1",0.05614995702928848
"10481_3",0.5409670934894328
"9193_10",0.7777961010114763
"3233_9",0.8896069908711839
"7430_8",0.9004554723138388
"10049_1",0.009350126494092998
"6384_10",0.9779690174205475
"3993_9",0.9896332698217273
"4545_2",0.011856782350445488
"11500_4",0.1717831001969289
"12127_10",0.9450389388755812
"7277_2",0.0014427077224722245
"8927_3",0.08308263452435201
"5970_9",0.6108535771774911
"12115_4",0.060027648093439
"6132_10",0.995536836037613
"4178_9",0.9508368577844959
"11453_7",0.4722189538747237
"6569_9",0.6655148698646759
"3924_7",0.32019136860608033
"6425_1",0.019666625759466906
"1141_1",0.020716928011384923
"3366_2",0.0026451828482595835
"6700_7",0.7749092259006229
"7948_8",0.7550211252464116
"2750_8",0.9888109890977147
"11326_1",0.035207404358956584
"231_8",0.962624885929723
"8941_8",0.8020142966405006
"8304_7",0.19617139803668987
"12179_2",0.11658538002329909
"3808_1",0.08874035887813414
"2710_1",0.0006472677417177065
"4833_1",0.003489519031181846
"10405_7",0.9946637081563058
"449_9",0.9884301738358275
"7259_10",0.5895418407283477
"8513_10",0.9945691770036125
"801_8",0.9991926794247883
"11322_8",0.833141343662387
"8417_9",0.6527474092896874
"7059_8",0.3480109984440753
"681_3",0.1501253089007369
"3135_9",0.8222507023546274
"7172_3",0.014093232234827347
"11061_10",0.9461882925347922
"9555_9",0.45426194017093646
"1331_1",6.101334775952229e-06
"9155_3",0.001325283325377629
"8765_8",0.6259393943905116
"4714_8",0.49654373897554616
"7593_9",0.9929577749519334
"7769_1",0.05540180608019123
"5016_8",0.45823157300825784
"11917_2",0.039265915288391885
"3311_8",0.49698333092321334
"6784_4",0.6863673514031549
"6685_7",0.9800972080483557
"1232_8",0.9496094060877829
"765_2",0.02654354051514698
"6159_2",0.08136850323956603
"12037_3",0.022603656031747923
"60_8",0.9256948586629496
"6138_10",0.827431907852382
"4759_4",0.14831778953091343
"631_10",0.9974573293130237
"5993_10",0.9641463923869646
"2751_10",0.9837605576488687
"7234_1",0.02115975572055455
"7966_3",0.007255369400866283
"296_4",0.16053385498596284
"8252_4",0.38197420589452197
"10333_1",0.01505090702971511
"5950_10",0.2976487443671728
"2735_9",0.9558290503893382
"900_1",0.012066347048895533
"2350_3",0.2258315439500792
"1457_10",0.7794207635720022
"10226_10",0.9791084298220868
"9198_7",0.9639547519361725
"1072_2",0.0050641632260053394
"8332_10",0.9755182192898356
"6264_8",0.9740282189655571
"1092_9",0.9917014922479969
"11888_10",0.9283192344341283
"11702_8",0.4138685628179578
"8704_1",0.029960983066188347
"11458_10",0.925023768721784
"8218_9",0.8607580021598906
"3739_8",0.9123766527696392
"4787_3",0.49326257321943795
"12097_10",0.388260608566564
"7894_1",0.0006890915913362185
"11601_2",0.018409628911034637
"4417_1",0.16049766505550933
"11108_10",0.9756434456841586
"5673_8",0.9312167850115186
"481_2",0.3793153473997148
"6892_2",0.0005383647256333218
"5203_1",0.06295919388838994
"18_1",0.014396590005999127
"5488_8",0.9635466575154634
"750_7",0.9280897168995211
"1478_4",0.00764920750254938
"11340_2",0.0035633933688535863
"8735_3",0.055199265768253715
"7404_3",0.07895389112024695
"5681_2",0.015369300578668992
"5863_10",0.2878216058111787
"602_1",5.7589073337788594e-05
"9474_7",0.7887450411160766
"12075_3",0.5670902613493926
"1148_8",0.7529467649800918
"2192_4",0.6594407066587797
"1394_1",0.0027451526338596894
"2643_3",0.08986748039294518
"8214_7",0.9383930857138815
"6728_1",0.2245501001865645
"5397_8",0.880061225488346
"7056_7",0.9261842999519863
"2669_3",0.007259507689361369
"10713_10",0.9777233798581996
"1349_4",0.49577349560465744
"3254_1",0.0009287887023788463
"9717_10",0.8672908252284314
"11358_4",0.020411914439024542
"12262_1",0.001513370654507898
"1332_1",3.31375453046972e-05
"6116_2",0.03792617099456127
"6324_3",0.018871660081929646
"10808_8",0.7058801064324866
"11632_4",0.03358971824429138
"2881_3",0.03274272032928693
"3524_1",0.0004726191281225325
"10503_8",0.3513390620243885
"11525_1",1.4055344685350737e-06
"9973_4",0.0525009719226895
"9804_1",0.0005677045453957297
"1865_8",0.6210498242502789
"8001_9",0.982820099636004
"5776_8",0.513083688534209
"11848_10",0.9569827924274135
"4809_3",0.27225709936179976
"841_9",0.8324631759589894
"227_10",0.8487817544543719
"1833_9",0.9966845822242756
"9471_10",0.9994236929619643
"960_3",0.07839805735515491
"10763_1",0.03486111708337548
"1330_1",0.0034230819887781246
"326_9",0.9023538192996511
"3392_10",0.940553629128443
"5883_2",0.1421232757562526
"12168_1",0.001430048357408999
"7525_10",0.7670199617709249
"10578_1",0.10366131673170882
"9173_3",0.022660007297141987
"7214_2",0.657819382780932
"7163_10",0.8970741227994925
"5177_8",0.31576824526098995
"3372_7",0.8010960165239408
"6041_8",0.746057953373444
"1590_10",0.9594484776959582
"31_10",0.9241994777930992
"2533_8",0.9934100138555244
"7927_10",0.24859479080520633
"5037_2",0.04794349313585019
"6046_2",0.17588181730398703
"2099_3",0.057636404401849625
"133_1",0.15991441738572199
"205_2",0.01884545687564692
"374_9",0.932952858442996
"8944_10",0.8484851024112209
"799_4",0.024984270912516558
"8832_9",0.9694313770231204
"3836_10",0.9984050983856405
"2940_1",0.01776030300035183
"946_1",0.24267173645388934
"9310_1",0.008529677305744304
"5853_8",0.3610082102772119
"10852_9",0.8697894029878551
"4061_4",0.5391196607855003
"10301_10",0.9507039189163056
"11104_3",0.0021416915403304985
"9339_3",0.07730629334426117
"537_10",0.9948610705017323
"8661_7",0.8929423843594799
"9381_4",0.3627983902737913
"12473_3",0.21688325020400928
"5140_8",0.9646898539030083
"4624_4",0.00299113248296386
"9156_3",0.8305798755216625
"5980_2",0.0918698751970898
"5920_7",0.9796250906337266
"4013_1",0.0982633567565131
"11879_2",0.015193378308398802
"1317_10",0.9389671350420383
"4647_10",0.7248701337416933
"2550_1",0.0039847005420672885
"641_8",0.3221952592257346
"10069_10",0.9784639490499356
"12215_10",0.6130907337033444
"6293_10",0.9854766919023611
"1416_7",0.991386081293004
"8561_9",0.7207862503712635
"1981_10",0.8445182142319634
"1667_2",0.07220411927273918
"9680_1",0.09815037770142483
"888_1",2.4230809045424706e-05
"2202_4",0.043563028037607386
"8835_2",0.07768000243914665
"9340_3",0.3777646496057283
"8742_10",0.35820975222997403
"1892_2",0.0006976269367987266
"11940_10",0.5245299982647227
"5976_2",0.0010580080038982264
"5430_8",0.8697167733506064
"9125_9",0.9974464161344047
"5217_8",0.9439160364666229
"5257_10",0.9615180285045093
"5487_8",0.3989306794488646
"10815_8",0.760585533748759
"12438_1",0.018282452121859267
"11433_3",0.13675080161267006
"11570_1",0.1268344157556708
"11880_10",0.9939008435728681
"1983_3",0.45513895981114033
"2916_1",0.0032672594928195766
"8119_10",0.999635299440251
"10960_2",0.011557174643705427
"2798_2",0.002100458556826448
"2797_1",0.5455041795372865
"9931_4",0.31460900468297026
"6244_10",0.9853475413679574
"8361_2",0.0014686943850593258
"7098_10",0.9798991653041307
"9107_10",0.99090953207888
"9860_10",0.9347991226993263
"10252_1",0.00015789782911829003
"12015_8",0.9679298905216234
"2696_4",0.49528882095922777
"9301_8",0.7590403835523629
"799_7",0.16237526517110823
"9411_7",0.985442554704899
"4172_1",0.002903395039005906
"8008_10",0.9964141047208425
"11436_1",0.0009943848192442404
"3464_10",0.9877876856112437
"5826_3",0.013020281269930354
"5460_4",0.06414283810131582
"8920_3",0.14334322311207068
"1465_3",0.07019155357022633
"7571_1",0.008630301906575526
"3416_10",0.9859859348910944
"11088_7",0.650628696422178
"7007_10",0.9960774630991095
"11317_7",0.9602526517125035
"11639_7",0.9296606472265129
"1871_10",0.9926363397714266
"1551_7",0.9353188538524856
"4089_4",0.010360917273021231
"8145_9",0.9973545322602367
"1243_7",0.9853913335299787
"9082_8",0.8061133933453024
"11807_8",0.4823102462691035
"6154_10",0.9827185310863787
"2082_8",0.7106670707904502
"9142_4",0.5585359545557924
"6126_8",0.9136836292739922
"9774_1",0.0021486657635551706
"5137_10",0.9469506531146816
"11085_1",4.7330940991058087e-05
"4541_1",0.010399807232413618
"10478_10",0.9953053139706562
"8479_3",0.6753695925988763
"11220_1",0.2517162733943265
"0_10",0.9403149789754829
"5235_8",0.9855711889290333
"457_2",0.11685422254851005
"6784_7",0.9558187420516061
"11527_10",0.9289451974383528
"5935_7",0.9669268246466586
"3697_10",0.9474766120198059
"8318_10",0.9641341448762715
"6770_8",0.542008395683865
"11760_7",0.6052578598556415
"10344_9",0.9916154074672785
"12363_4",0.8756917599534663
"2233_2",0.20242313701257733
"12184_10",0.9965098940233464
"4668_8",0.2836675049245881
"2293_4",0.2139348468807286
"5886_8",0.976830696809442
"8403_4",0.692334787709915
"2493_3",0.045332859831956396
"7224_2",0.015110429297241783
"7753_10",0.8513071279966181
"476_9",0.12266362643254614
"3760_7",0.48866715922450127
"8371_1",0.0002806781804956572
"2541_10",0.9222792648780026
"12052_2",0.0306974614991313
"2320_1",0.5094823355678401
"5598_8",0.3733570280387981
"12342_1",0.0017115235281003874
"7391_9",0.9316692526789038
"2615_1",0.06104879626700191
"11251_4",0.13098980019011092
"9946_2",0.009045285497586642
"10571_10",0.7459883218296252
"3984_1",0.000338075364274176
"4633_10",0.9864075448905886
"548_10",0.9150422781366974
"1732_1",0.002716515559857028
"3559_7",0.9055999691051253
"10212_7",0.18076750800203725
"8950_7",0.9339230667242796
"8157_10",0.9842788836030348
"5986_9",0.9851511900638438
"10263_7",0.8696954157714109
"2168_10",0.9967853953459258
"4424_4",0.7102883090064827
"6944_10",0.9372229883515276
"11467_7",0.6632024413714661
"3630_8",0.7636189279267216
"2405_1",0.011100811652336463
"7517_1",0.5419903470512232
"8116_10",0.3250003264023698
"5368_4",0.3555774620872593
"2045_1",0.08920829377337114
"11303_8",0.9845275061028849
"11077_2",0.038879721153420026
"6314_10",0.9820731055524855
"12137_4",0.4564134167613657
"12180_1",0.000395417656384018
"6403_10",0.9668967670963408
"2019_1",0.00037018512103603377
"7921_7",0.9822986035862046
"3977_10",0.9549797378994588
"11277_9",0.5659064138771528
"8398_1",0.0006205352432826758
"1429_3",0.07082352670917376
"9628_4",0.028919970103742955
"2472_3",0.39871810462416885
"5811_4",0.49776733100901566
"11663_3",5.0430844530869286e-05
"3153_1",0.011102395012539555
"11881_2",0.01586467848580586
"767_7",0.8094920054753958
"12243_10",0.9835953922971357
"10969_8",0.9530659792941258
"8689_10",0.5162371999231293
"1854_10",0.9801905235079926
"12392_4",0.008090240979757725
"6627_2",3.13267423156815e-05
"6819_10",0.9938017479144494
"1587_9",0.3918503865232816
"6999_10",0.9967840717935443
"9128_1",0.2958793054555439
"7141_1",0.11846896818256539
"4485_8",0.8088236010033694
"7368_7",0.37417665470750394
"7698_4",0.8784269284311459
"8376_3",0.12446951651798929
"1862_1",0.013264414488454522
"11217_9",0.9324668145694897
"5179_4",0.1266677241772227
"6524_3",0.009459355178206124
"11877_10",0.9184675204453935
"6055_10",0.9984519815493547
"9372_1",0.03876737274069097
"8029_1",0.12828125066935844
"9546_10",0.4812901932477113
"5514_10",0.9980198514445454
"8869_8",0.9687958882387264
"8290_10",0.9608339709634479
"11619_9",0.9059882849622297
"5949_4",0.8351058220807521
"10146_1",0.8352795615777938
"11776_10",0.23558347726753395
"2146_9",0.9810901558282681
"6461_10",0.7501523450726245
"10480_4",0.06225585792036147
"9021_10",0.7478253134972295
"11802_10",0.9972201888550674
"9139_2",0.6809849534930715
"5590_4",0.4062784196153139
"5631_9",0.8872624688222024
"6333_3",0.15238273065205557
"10455_1",0.07203716772674978
"10394_1",0.17497026157364126
"8814_8",0.9866691579298434
"11264_3",0.03370176293961752
"2255_9",0.9917659204376321
"3915_8",0.9008141062518111
"3386_10",0.9983514629321462
"5531_2",0.09415284246721502
"1676_4",0.1085668718083636
"7711_8",0.885132846652834
"7871_9",0.9958039844166495
"11101_8",0.8046603105041512
"11562_1",0.01595674441358886
"11609_10",0.9875246921992894
"9556_1",0.004625841045620172
"7149_3",0.9035637536264439
"11807_3",0.19514274665971795
"12106_10",0.999743829746241
"4763_1",0.007440008234922202
"2007_3",0.007181119924043351
"8454_8",0.9955134117036178
"4656_10",0.9584843943640181
"717_8",0.9717577534391213
"3501_4",0.13260179654043297
"6562_4",0.004456307096649108
"3926_1",0.16808369498429857
"7497_1",0.0006876600206388692
"4257_9",0.903724513070901
"4111_1",0.0049936526242738075
"9865_10",0.9802567940720176
"8323_4",0.065088733155552
"2228_4",0.04588475561179519
"1180_7",0.9809279121784964
"6315_8",0.990741988127385
"12271_10",0.7272700091475707
"4567_2",0.5872788758295129
"8745_8",0.7255797527812088
"4994_1",0.00046156781674331547
"2842_4",0.13134297648382415
"674_9",0.9886839442543172
"4431_3",0.01880332462252123
"2534_4",0.6457122763201014
"378_9",0.9788687678457322
"6039_9",0.7885292880226754
"9551_7",0.9814374563763669
"1273_7",0.32060345490545944
"4222_4",0.22838634795061102
"7469_1",0.009122022174026901
"8733_3",0.3990564038504391
"9324_4",0.5382041064963305
"8888_4",0.12681970032436177
"2872_9",0.6992985883945294
"2123_8",0.9993142683740073
"4982_7",0.8623641909225802
"10668_1",0.04628021824809159
"2014_7",0.6300033260838285
"4211_3",0.0268695645835027
"1202_9",0.8230539663291939
"5450_4",0.061272184968226465
"2484_1",0.047816023038410586
"2427_8",0.7774961037580252
"405_3",0.001039430141059518
"1_10",0.9995753977828421
"4498_4",0.23938203331274624
"50_3",0.07102994015395717
"10113_9",0.9959464178599966
"8919_3",0.01194067981766204
"1338_7",0.6208037988452427
"9817_8",0.9582598073704662
"10824_7",0.37159136087839206
"12165_8",0.5309784953243022
"11975_8",0.7927405783146776
"8537_1",0.011725692837126458
"4443_9",0.8248465281584997
"207_3",0.012127112085257305
"4247_8",0.8400564027620789
"11333_9",0.9919014222208858
"6357_2",0.5019975199023003
"4477_1",0.0024005040105770157
"8774_1",0.06094315900602308
"10049_8",0.8014589513754388
"9621_2",0.01897827222425503
"5428_10",0.9979714297713856
"11693_3",0.03856999964043802
"8731_4",0.3837585212025343
"11209_1",0.025319433248938424
"10581_10",0.0022644777585946905
"4289_10",0.9584141261665236
"511_7",0.7959309915428912
"7832_8",0.07825825224479624
"2567_9",0.8796036001511509
"4931_1",0.45690815650489747
"8770_2",0.00030179550773322834
"8999_9",0.9986503941973925
"9918_1",0.03405710622446696
"2254_7",0.9013519255317319
"4095_1",0.8141622047313889
"8601_2",0.049632974383552325
"10347_10",0.9551286081079932
"2911_4",0.7368989092308271
"12157_7",0.9317970360254911
"5154_10",0.9987859278080241
"27_9",0.8717760380240531
"2586_9",0.9458861324836233
"6344_9",0.999685687404732
"1888_4",0.0002663876521335397
"6630_1",0.02293449321549815
"3202_10",0.9854199922471152
"1517_9",0.9043243988885509
"584_10",0.9931654305807741
"2683_4",0.13453436533552185
"1721_1",0.0022363431059452205
"4371_7",0.3151845727811989
"4697_3",0.8019504549228198
"2977_10",0.9979240112025521
"1835_3",0.056181755286333866
"9872_1",0.09247534163629725
"4794_9",0.37221933280143066
"5345_10",0.8267721074243988
"1230_10",0.9808623367798205
"2438_2",0.0008658180154779821
"5709_9",0.9773927654661604
"8007_1",0.0001324745281499095
"7236_10",0.7954311624302325
"7978_10",0.977273459721633
"10608_1",0.009906718646188134
"10968_1",0.0050613931697768835
"3650_1",0.06191281866805701
"7966_8",0.9758645717727933
"8435_9",0.9975895538721322
"6095_3",0.13546985326539093
"12457_8",0.9619586010615852
"611_10",0.932739033701361
"7589_7",0.9162036159241491
"4378_4",0.07797311978762049
"9019_3",0.11504867239053597
"794_1",0.04070672678150976
"5112_4",0.004257764662231288
"8698_7",0.9679892901314056
"2729_1",0.009395075160398836
"9090_1",0.01018285476695671
"9641_8",0.9848567220246762
"5065_7",0.7870883525276379
"3147_10",0.7530953813354925
"3971_4",0.0004480452466260086
"7000_8",0.991181091909102
"6716_1",0.0010170658778236494
"11482_7",0.8087238058316335
"9263_4",0.5223808494651011
"7901_1",0.16353821367901006
"8213_2",0.025170593463451192
"1113_8",0.8860361279402278
"1013_7",0.6400565606710612
"2195_9",0.9960729836855183
"1371_8",0.11512541170377119
"7239_7",0.7804044431628406
"11376_1",0.0006198014575896905
"3506_9",0.9818378156261572
"3413_2",0.36729491973082873
"8641_1",0.0003418350180849675
"11587_2",0.0029182204262654674
"7639_7",0.42700179522491244
"8100_8",0.9696629194379757
"8151_2",0.00047794526169266967
"10464_2",0.008113627998409586
"2043_3",0.0007514818514831424
"4454_8",0.7711543920586995
"6562_8",0.9950292211586539
"8549_8",0.7267183258084678
"1209_3",0.019424881599659872
"2566_4",0.1826264959906302
"5871_10",0.809742445959384
"6459_7",0.9563752146376009
"11006_8",0.28663513961284653
"3313_8",0.9496935156460626
"5290_2",0.0063140403789125246
"9687_1",0.023570137863937576
"4165_10",0.9679294105537287
"11120_4",0.03232205116352846
"3379_2",0.1825053188005509
"5814_1",0.555154853969977
"3414_7",0.9226426734069092
"7750_7",0.9962414719731829
"9727_7",0.950638936983897
"3850_9",0.9833086548615673
"5954_2",0.07045314362197035
"9685_1",0.009869535584665658
"9307_3",0.833772280863318
"8727_9",0.965670511410905
"9746_1",0.00018647063059300722
"9365_8",0.9989875400058756
"3361_10",0.998644538542748
"4554_3",0.20696906621667355
"8952_9",0.8796739027459174
"4301_1",0.000400272919996513
"10764_4",0.2742202133441739
"2738_10",0.9455804669811938
"3554_1",0.05329034603164302
"5724_8",0.7018987271435847
"8804_4",0.015000560976886457
"468_8",0.9998410416679095
"10527_10",0.9701537705142891
"5117_7",0.9196169200993677
"3390_4",0.46901894381556786
"5875_3",0.2150903799101311
"10380_7",0.977708144400977
"887_2",0.9717968252426687
"2707_8",0.9217952376463718
"11371_3",0.08335387807726671
"535_4",0.05728418945159965
"10700_10",0.7358342396395778
"3047_10",0.8761699657308386
"5930_3",0.013834928952951835
"6044_10",0.9407473041575055
"8679_4",0.8775255802621829
"2261_10",0.9809007277454651
"9577_10",0.9989967656361532
"1999_7",0.7079967674888855
"6010_3",0.17792715594146807
"861_4",0.04163623889408175
"4360_2",0.0022824695064145315
"5373_7",0.4083747350570785
"10760_8",0.45048598897304437
"12436_10",0.9650974934001573
"5149_3",0.4831570215133761
"7091_4",0.1761608392437835
"5135_9",0.8042270716231037
"5552_8",0.9769645302716139
"1713_9",0.9987193328391933
"11445_4",0.3867343012284894
"11146_7",0.42140970813785694
"5286_9",0.999606954380148
"10518_1",0.00025437053034606016
"1122_8",0.13928422002934782
"7680_1",0.024889934758208533
"11042_8",0.9324742598062848
"6336_1",0.11357936435493565
"11784_10",0.47294296853259654
"8759_10",0.9158175185917332
"4362_10",0.6982608303736297
"4483_2",0.016907478598921312
"7501_8",0.9671891639423648
"3516_2",0.004810100958660405
"3965_10",0.9173176026159756
"4066_8",0.6350742031047505
"7802_2",0.5549668229256025
"1074_7",0.9201871226359768
"4555_3",0.015998692967121104
"11477_1",0.002203020856428286
"5712_10",0.9940275253349812
"1175_8",0.9182932736884897
"6283_4",0.034294011938193564
"11717_1",0.018788227307488716
"8029_8",0.9805559278304546
"5794_8",0.9422831937963875
"8717_2",0.012476821196043408
"10682_10",0.354934592659437
"4610_1",0.26755919367522046
"4908_9",0.8351217870237462
"8325_2",0.0321508785390187
"11330_4",0.7053656240546435
"5717_10",0.9468114095174512
"11421_3",0.23905693693618726
"4725_2",0.14970929568222843
"2284_9",0.8225524789965541
"12433_1",0.0023014665170155092
"10799_10",0.8012516095148038
"3213_10",0.6873347521655778
"10997_10",0.9098777494178703
"3482_9",0.9367588764324553
"430_4",0.625386091602534
"6524_9",0.9663158124160447
"2270_1",0.20550381601085627
"6410_4",0.1515608332415593
"224_10",0.5499211499153779
"10915_8",0.9937704265816889
"8882_3",0.29499173861408157
"3578_3",0.10581469882643779
"7696_1",0.9656910196036464
"7307_1",0.04487290648736483
"10043_1",0.3994676058416398
"6380_4",0.7479948640222601
"3109_2",0.006523893252936753
"398_4",0.0877004262917295
"10498_1",0.14471432105166887
"3565_8",0.994640349522666
"7844_9",0.9573173307109584
"5879_3",0.15686195821466437
"5004_1",0.6104342782354736
"9347_2",0.09841416959009562
"2213_8",0.9633837130862689
"3654_8",0.8824161524462529
"642_2",8.091829141415965e-05
"9412_8",0.9433793911468754
"7418_10",0.947547914926912
"2012_1",0.0006885032302133863
"308_9",0.9809464502233165
"11695_8",0.8103017702259171
"7369_10",0.15809215597524257
"7363_3",0.7748011721128893
"7834_3",0.5357036094529471
"7705_10",0.8759493566997278
"4554_8",0.9209074171536875
"4773_7",0.9834486256861407
"11944_2",0.7997506994506537
"12303_10",0.7980400721183899
"272_10",0.9709248304290033
"11678_10",0.984946765932271
"8157_1",0.19918511263462005
"1360_7",0.901433370799298
"1702_7",0.844353433114249
"7409_8",0.9903350709626184
"3865_8",0.8649917540372066
"8266_10",0.9964858800892035
"3543_3",0.2206991740643706
"8542_4",0.006795810545885524
"2188_4",0.001317556787381089
"7928_10",0.5141390445748388
"8271_1",0.00595918488365479
"2667_3",0.0003596935561486121
"136_9",0.9797201037805915
"2365_8",0.8548896059308282
"9516_1",0.1739597936002599
"6205_9",0.9993376895686013
"12411_1",9.812993943469977e-05
"10549_2",0.0008982026463681152
"2114_10",0.9464464777048281
"8379_3",0.017250725668726482
"1555_2",0.008723649093181922
"7010_4",0.20257369040627918
"10425_1",0.010540812503736428
"2970_10",0.986269033369304
"1976_8",0.962837524201844
"4894_8",0.9327024442744043
"995_1",0.14231022166066154
"12087_10",0.9245070340902599
"5002_1",0.00900682696026005
"10204_2",0.11260967807750198
"7689_2",0.02115985689291976
"8685_4",0.48919363695133944
"4183_1",0.0002966950059134057
"7719_7",0.8311792166287955
"6350_8",0.9595879935401483
"6163_8",0.982758297765279
"11247_4",0.3529172052625479
"8962_8",0.9639761954673495
"7849_9",0.9899766605658958
"4177_9",0.9724618341562117
"4680_1",0.0373082528323427
"10965_8",0.9924450590596644
"3534_10",0.9996620170508751
"9782_4",0.018943817237287882
"9525_9",0.9736350137201967
"3743_10",0.9879484080190873
"1688_10",0.9997559266016008
"4400_4",0.599228633525867
"1660_8",0.9402179904240963
"8241_9",0.9985122566989219
"1238_8",0.7922895713460086
"1081_3",0.0042177241800009455
"6151_2",0.001386504067760742
"6025_8",0.5868695929044411
"661_9",0.36147901001506966
"5670_8",0.9967412913798844
"6122_1",0.28294290469385636
"1767_10",0.9785811169645837
"5629_10",0.6953324984677278
"8256_10",0.6559836089557638
"8572_4",0.12213332444881132
"11580_7",0.459682701461895
"525_3",0.006138026111922182
"2128_3",0.011788857264496714
"10254_8",0.98687807112618
"3082_2",0.003723271756988221
"7127_1",0.01834529061250732
"9927_7",0.3701019470080052
"5694_9",0.6377432692529128
"8063_10",0.999464877600251
"10768_1",0.13535888712830318
"7375_1",0.008147727442490421
"6220_10",0.9778303946235811
"4477_10",0.9192418897372981
"1350_8",0.9672981855731415
"9354_4",0.9842137803963205
"9015_2",0.5293059717155467
"719_1",0.07151334824469024
"10544_3",0.26702843716712726
"4496_10",0.9924984593449907
"3912_1",0.004410798285821578
"10120_10",0.948935491714059
"6958_2",0.003938803554468598
"10964_7",0.6429600660396384
"4974_1",0.020345857392773323
"5591_9",0.9922394636105625
"2295_3",0.6370785049491646
"17_8",0.9786232741579562
"10442_2",0.4474742198615996
"3043_10",0.9253853949829488
"5243_1",0.0003637679245341404
"5145_8",0.9255383852199525
"5727_7",0.9974917294440171
"3406_10",0.9852446408345171
"3552_7",0.8835040734630675
"1512_1",0.0010896020594370922
"9214_9",0.9804271503836808
"3060_3",0.08571423762392393
"9086_3",0.6398973906989882
"10428_1",0.48182430735637455
"11198_10",0.7219694455611384
"1743_4",0.024543845579198722
"7795_10",0.20809701493166466
"9863_10",0.9654936509830789
"182_3",0.48539198800483446
"9644_4",0.19538085595227594
"10744_2",0.001924271753660557
"3393_10",0.9856942852058436
"3657_8",0.9860034616349457
"10435_1",0.0009520634315137893
"9206_10",0.9675159910235
"4005_10",0.7528322635234204
"5901_3",0.40944080282828355
"498_10",0.9815926387839095
"9583_2",0.2352014288943334
"2336_10",0.9997444519201109
"6107_1",0.8657637497014952
"7079_7",0.8671364429998132
"2769_4",0.5636035434816768
"4787_8",0.9989319659514619
"11123_1",0.006745391020346736
"6466_10",0.9517665269241039
"6311_9",0.9628164223507719
"1236_7",0.8475973918255435
"3635_9",0.992810123724322
"1230_2",0.031037762038944323
"8721_7",0.870721855195551
"7878_3",0.061901528639473874
"11731_7",0.7888670472584116
"8732_8",0.8809581252312667
"8083_8",0.3801639573483179
"3146_1",0.025724639477974764
"11395_10",0.9332790795898811
"2998_2",0.0035356045122285572
"3766_4",0.08881493334997576
"353_3",0.051739841383111634
"8688_7",0.9751607444307588
"6137_10",0.9803143056988706
"11950_3",0.5538132800404774
"5663_1",0.3091675238256377
"1108_3",0.010444367860818387
"10425_10",0.6819417629660036
"913_10",0.4673876911817501
"7852_8",0.8364557570676616
"14_1",0.6599930192064016
"12062_1",0.004815978430098395
"1162_1",9.262445036968821e-05
"8648_10",0.7824230386113995
"10605_10",0.992304590858985
"1091_1",0.0024133849215261603
"7723_8",0.23728456487646538
"5474_8",0.9744257043741672
"8308_1",0.014098695445355835
"9586_8",0.8961440974954056
"5317_4",0.08431608537086178
"11283_8",0.7204211472234281
"9575_3",0.0008283444419786343
"8846_9",0.24535306950377064
"8756_1",0.006569630506123746
"7973_4",0.03661975658145605
"9845_3",0.008199623757939726
"11335_9",0.8257757582533635
"456_8",0.8777664196115504
"378_1",0.5570593211580059
"9176_1",0.001979665271274445
"6371_10",0.8029971619144589
"3152_10",0.9153306065926722
"7441_4",0.007654583077844057
"10123_4",0.2206019313157447
"6777_1",0.08228865188149112
"7479_1",0.2775654817585553
"5563_1",0.0037059030926931496
"9076_7",0.13897093554020803
"11744_1",0.0996663887433926
"1040_4",0.1374240237201514
"920_1",0.02276524922399306
"3599_4",0.0021553154153924384
"9629_3",0.011659228209547389
"12346_1",0.06838699864332493
"4237_8",0.6414925648701548
"6596_10",0.9666582026283607
"11576_1",0.008643689433147903
"1140_1",0.0013606828806319471
"2945_8",0.4649009670118096
"7518_9",0.6929789978731667
"3435_1",0.00248137921354628
"8219_3",0.02976144054654994
"6758_10",0.9719856598028246
"484_8",0.9799568146388783
"10012_1",0.000272281915152615
"718_10",0.9762547258676779
"12293_7",0.9505069312870787
"6241_3",0.04582635955522713
"10635_10",0.9906586626023491
"2563_1",0.04390292776796368
"7682_10",0.6203812873023986
"4993_7",0.9334567046963639
"12153_4",0.7286513446185946
"8559_7",0.49331459552727647
"9700_4",0.876387645975275
"660_2",0.13922801832713783
"11457_4",0.14475150514939125
"7146_1",0.06521967172036255
"3771_2",0.2766194880310553
"8333_3",0.5126264421023432
"11740_7",0.9635327285303954
"7035_2",0.0002692412119280268
"7054_1",0.00011593674426720513
"12292_4",0.003990159522528308
"8881_4",0.7592187470622701
"7264_8",0.9093542929490748
"11168_1",0.5697821775583938
"1145_9",0.8856240207240089
"781_9",0.9940244626764694
"5694_4",0.005985528730070982
"2637_10",0.9853483966639831
"5812_8",0.891152129965247
"6335_10",0.9918927365744538
"10491_3",0.3296474384601015
"4684_2",0.0009595755265577
"3810_2",0.03543034692972331
"12264_3",0.005253382421627709
"8018_10",0.9606971490555158
"12185_10",0.7960028289394327
"3959_3",0.30101963262856835
"9829_7",0.8834463172271926
"4694_4",0.0215098011025298
"3884_1",0.06624832499100311
"8027_10",0.9773411415398511
"743_2",0.005079258057141096
"7036_1",0.004147850112386434
"3081_1",0.001179421753944893
"4606_10",0.8596495432811784
"503_2",0.1714476346729866
"6989_10",0.9715296573193207
"10059_1",0.07196837473578624
"1380_9",0.8373721653064446
"3247_1",0.058937799342387916
"6308_8",0.9841867566782198
"1592_2",0.010347715897162137
"3167_1",0.029461859808902084
"6357_10",0.9149918304542792
"7107_7",0.10229263318005764
"5335_8",0.9747981914418383
"11948_2",0.006867770991242101
"10805_4",0.0184316397835123
"638_7",0.9405961717504441
"4311_2",0.011655699124052692
"11795_8",0.8326060211137075
"8031_9",0.9884754437053372
"11930_2",0.3839002407594247
"7886_3",0.940856909201668
"7253_10",0.9932140499039792
"10955_3",0.27926584629523954
"10680_2",0.00045330365485042536
"8754_10",0.9000750488081969
"9556_8",0.9543636698186235
"3076_10",0.975837850984778
"1544_3",0.08449579971878936
"2726_3",0.026973755171164848
"8545_3",0.0032532854745142567
"3175_3",0.014818341857454176
"2864_9",0.6570409594083517
"547_4",0.27551612452551105
"2831_9",0.44884695847933
"5321_4",0.2631156467545789
"4675_8",0.9621961458861463
"11787_4",0.015629376395924845
"2837_10",0.9574636272060988
"7730_8",0.6096182058322259
"2309_10",0.4199439876821279
"9078_7",0.9827888255055486
"8160_10",0.9881415684556903
"7824_1",0.0005197185371344869
"9926_8",0.6218978475404336
"3507_1",0.005949382695467231
"5878_3",0.08283683959146303
"6708_4",0.08296067735718618
"1096_3",0.569218171555856
"4556_8",0.7488904491221868
"3667_10",0.7663927475098248
"9565_3",0.08048466385899129
"4737_9",0.6360703578877945
"12134_1",0.06889749088264306
"9413_7",0.4778753247709344
"1002_9",0.9948415252662111
"4889_4",0.7872954617322072
"3453_1",0.05023685453424842
"2763_2",0.02826601350916669
"8248_8",0.5883713595871645
"1881_1",0.2548372694007106
"3528_10",0.7538898568179376
"3630_1",0.3238927292128134
"11390_10",0.9828637978383837
"3991_8",0.593646275496046
"7650_8",0.4622740905236488
"4527_8",0.9539628043887536
"10307_2",0.8128800214367776
"8872_4",0.05209659212238906
"1741_10",0.282742535375276
"12170_9",0.6353923728653764
"11196_4",0.05325358709940504
"5524_10",0.7654285954462733
"1926_3",0.021118934955572634
"1279_8",0.8496240057392402
"1444_8",0.5854117631919241
"8975_8",0.504547302638139
"7157_10",0.998591292652799
"11973_2",0.13108283502948315
"7022_1",0.4816168788577087
"6939_10",0.3547586036720092
"6732_9",0.48157101889355863
"3689_1",0.007648800441453206
"10228_1",0.007526430517091331
"6314_3",0.5279994728946228
"4285_8",0.9668065824154346
"10086_10",0.4069873178532396
"9899_1",0.006251860414087879
"7556_10",0.9918104076235136
"12299_3",0.10716230083214444
"11872_3",0.0022326957167461987
"4257_1",0.25518007196564313
"3028_7",0.30782176962981106
"2545_10",0.9608134365010275
"8036_4",0.024331604374325397
"5948_2",0.05731382266996963
"12113_1",0.04275459870276297
"1738_4",0.15582765755249317
"9808_10",0.8823142387409975
"2629_4",0.04246508282028374
"12003_9",0.3660837782785909
"6725_8",0.9735770021749361
"5383_8",0.9879351683358364
"12097_1",0.0021061421373418476
"11402_9",0.997591875084939
"3877_3",0.5386937581888748
"3765_4",0.5236506153557996
"11431_7",0.9924017984203107
"7419_3",0.003552837024719965
"9844_8",0.8859753270088082
"9753_1",0.04267816405026043
"12377_1",0.7571413518296037
"2775_10",0.09438247626843006
"11106_1",0.0008707065854644794
"10015_8",0.610221556832223
"9473_9",0.9782806788189311
"3633_9",0.9941336816738074
"9022_8",0.9897461031357867
"608_1",0.008798051376912728
"10724_1",0.0008299642385163405
"1059_10",0.9871613971034475
"8413_3",0.0008341449292316361
"2013_1",0.0027301288812036062
"2814_10",0.6156344581906751
"9166_4",0.48323159772173524
"6566_7",0.25163969585648444
"9352_10",0.6400243906305091
"8123_1",0.31734357202656704
"10825_3",0.002241496415011163
"3735_8",0.9971906403506166
"7595_2",0.021288723359582425
"4946_1",0.008971043174236117
"8327_9",0.9905864165176982
"5140_2",0.023704897470282427
"10986_1",0.1635825817706946
"7385_8",0.2298238326757007
"3722_1",0.00016129059828444233
"9799_2",0.0003700609742208206
"1288_8",0.9075544455683412
"8089_1",0.4446842468035065
"11279_4",0.3981296293038638
"4845_10",0.9956363322072938
"8354_8",0.9820662561134819
"1373_10",0.14468924780911072
"5431_7",0.85674281293358
"1245_2",0.03174134107903103
"11429_7",0.7903681025168644
"11606_4",0.9093488546932846
"4192_10",0.44732331044882445
"3443_1",0.06074163263310348
"4957_2",0.6448551688392242
"4971_8",0.9768257713128372
"913_1",0.28273864936592963
"10311_10",0.9764999396892526
"10558_9",0.7671675274849289
"304_10",0.9643593467502499
"7499_9",0.6148303393243209
"6529_10",0.9393946503300619
"2069_10",0.9976449033643985
"1366_10",0.9891782211581638
"10303_3",0.01861425348314547
"4476_8",0.9652150138367511
"8032_10",0.9990370491774319
"8392_8",0.9706203244194602
"10158_9",0.9937756919104569
"10886_7",0.9938910829243853
"1789_2",0.1034039877734107
"3113_1",0.017469350936427725
"7713_1",0.0011125291336017713
"2685_10",0.9936532376789993
"9760_10",0.9970793171946112
"12401_10",0.5716868606957989
"2489_10",0.5161217985962777
"6382_1",0.02095002126747714
"2352_2",0.01642867880544136
"9440_1",0.0008196969626196269
"10695_10",0.4681292043807957
"7297_8",0.4173962371064474
"11703_4",0.19802601484503485
"4733_1",0.02980401099460788
"1769_4",0.3990753512302119
"12219_7",0.8218122536448186
"1725_1",0.028551400879982744
"1711_8",0.5542494446019909
"7466_8",0.9978533514569224
"6987_10",0.9236143094565568
"12351_1",0.0011956305819062092
"4929_10",0.9991642478800902
"10281_4",0.009345475776709437
"11555_7",0.9253029258839917
"2075_9",0.8629370587287093
"755_10",0.9031008959154002
"11705_8",0.8045136321751414
"1434_10",0.9627257479951401
"6189_7",0.9179951834927361
"3645_7",0.18735334571911036
"2963_9",0.9993475138429389
"3487_9",0.9699962183400213
"6368_7",0.7428569494776007
"2240_1",0.8953041764873289
"10126_9",0.9955210909084075
"5366_1",0.09164502284914809
"8058_10",0.9278632881867516
"10746_8",0.8361674169883224
"4852_3",0.03461569132647757
"5371_7",0.7436339857758375
"303_2",0.07270935732367095
"7169_4",0.6147488213770667
"4284_3",0.41380688562783835
"7539_2",0.008235516150512328
"11410_1",0.7670727580226667
"4710_2",0.3004942606707114
"7660_1",0.1296024300680617
"10378_8",0.21429880087999742
"10580_10",0.9210823952001139
"4295_1",0.015778731267212718
"4433_1",0.23161821830562543
"6959_9",0.9847510016613364
"6769_4",0.4971083069704865
"11996_1",8.212460271868283e-06
"10341_7",0.8770629359999149
"2337_1",0.14559407221326523
"11119_8",0.9945304565492564
"4228_2",0.00314092337473838
"3680_1",0.053297093217524794
"11256_1",0.004823227585853096
"1884_7",0.49285005720865793
"4750_8",0.8518765120303239
"4890_3",0.8832631070358902
"7159_10",0.8890742404120338
"10622_1",0.018246421311556797
"11753_1",0.0911920835304592
"8352_10",0.9985404247270264
"2188_9",0.9556441299898099
"6913_9",0.9811233035773784
"9193_1",0.00016591079950295477
"9572_4",0.24651620337259797
"5136_2",0.23070069833747703
"4799_2",0.0115304267313939
"5045_8",0.9961959810557365
"9538_1",0.003909664666164038
"1565_4",0.10817923632209535
"12134_7",0.9069414135788103
"1437_8",0.6953899619395646
"5319_9",0.9708963557372584
"3709_10",0.9956040211563961
"2642_8",0.9922329138952862
"11143_9",0.9777728410202804
"864_10",0.8065897467836299
"9283_3",0.037263592503806314
"5089_9",0.8041801348609401
"9917_10",0.4722045714781444
"3800_7",0.8843876337758336
"6074_7",0.9663268508807815
"6433_7",0.9976799216210082
"6715_1",0.007509170214550766
"594_1",0.0004706764029100922
"2469_1",0.04852079717693072
"3155_1",0.4521489475785758
"7458_10",0.7526649023723879
"2020_1",0.010868309727275902
"6921_8",0.887131801533049
"9662_7",0.9829174926830329
"9567_7",0.9626982384361277
"5187_1",0.10968076600492292
"6831_4",0.02724961443873324
"7829_4",0.6129617584101521
"3868_3",0.06254257930105822
"2224_10",0.8971929678280598
"12015_1",0.023251122660503384
"841_1",0.14126452222501207
"224_3",0.042866112978682425
"4805_9",0.908171101257963
"7513_2",0.005701373298893556
"7065_3",0.0008220459774102258
"6192_3",0.09849858152560596
"6075_10",0.8200422197743295
"10611_7",0.9980093672494935
"10471_10",0.9690420802259372
"4198_10",0.4950473871474383
"10756_7",0.31967685875165797
"11960_1",0.04844792980350514
"2885_9",0.9839174777476185
"6837_3",0.0382099024354911
"1917_2",0.08824894277739705
"7143_3",0.09365265233990402
"1762_10",0.8635947051392708
"12066_10",0.9998012438535991
"8410_7",0.4801104287836328
"10729_4",0.5801328174323431
"6967_3",0.21004325036690447
"734_7",0.8726969327524701
"1524_10",0.9805612473068988
"2479_9",0.37353299059275047
"130_4",0.0005528012771146135
"201_9",0.9657203013947274
"6157_9",0.9169678657180972
"9362_2",0.011666172102215027
"3858_10",0.9721933198572495
"9895_10",0.9802253015893793
"9953_3",0.005970404572307725
"4667_7",0.8249347329401164
"1951_1",3.257459366717076e-05
"8724_8",0.9764823272101936
"2886_7",0.8566288060261769
"7491_10",0.9972276681284892
"10403_4",0.22808478745165292
"7362_10",0.2234586503553478
"9466_9",0.9697281038556044
"9079_7",0.8246976418559686
"10171_1",0.017081846429098123
"9511_9",0.7857931118609482
"8775_1",0.1568018650230202
"6462_2",0.5094616105339711
"3129_2",0.02752572585601346
"12461_1",0.00013397108535759104
"8541_10",0.3017513211469135
"4241_7",0.3058839381050605
"6533_10",0.809264508691442
"12131_2",0.0755479522003951
"11577_4",0.028762062306245794
"6063_3",0.0032594904458437732
"1760_9",0.9852351346117101
"3396_1",0.038944455607011215
"5385_8",0.9304878069539206
"7212_2",0.10507453376034168
"3522_8",0.13057100411205397
"1397_10",0.15060260502851816
"387_8",0.9956402983876443
"4143_9",0.9969756587836247
"9483_2",0.2816524434865479
"3250_10",0.7408252205437927
"8758_4",0.009824177061353044
"7551_10",0.9781421944160298
"2068_1",0.27260833679924473
"9534_9",0.9987862940170403
"11561_8",0.9785587572368719
"3083_2",0.017304120460009394
"2973_1",0.2265308633203502
"6574_10",0.9970924779107708
"5442_2",0.05626425971544353
"6343_3",0.686438687282836
"6723_1",0.0004571535253989186
"6252_8",0.735434710528879
"8465_1",0.006792994948017241
"1906_7",0.0608970645571001
"7492_7",0.5342790802880542
"5508_7",0.3622355367403289
"5936_8",0.9501791513408007
"5086_8",0.9744144040451586
"2134_7",0.7789896206979893
"8301_4",0.2502644870440828
"8423_2",0.056374102104516245
"6241_10",0.9980885622735675
"8550_4",0.9090629972275394
"3330_10",0.9341310374428424
"8825_8",0.9856840977794377
"8030_1",0.0019319325192195791
"4884_4",0.07245133653756701
"8391_9",0.7946719415086068
"9776_1",0.024317433229669318
"1389_7",0.4438145145238955
"12224_4",0.6031423117569091
"2162_7",0.976602576591868
"8490_10",0.9788109450398914
"12003_4",0.015012942271175962
"11043_3",0.03590848430786839
"7266_2",0.055487087345172256
"4480_10",0.7648158309850869
"11954_9",0.7837016202351337
"3280_2",0.3094347810908384
"8084_2",0.0036053069275761877
"3913_4",0.1753314590987183
"7353_10",0.9362178651192057
"3161_10",0.9423605728621491
"3941_1",0.22288517919148784
"7992_9",0.9962795059926993
"10742_10",0.9927575619432334
"69_10",0.9959217129924479
"10415_3",0.8393467350387421
"4818_10",0.9787851700837381
"5563_10",0.6018735776075116
"7018_10",0.977278640860475
"8873_4",0.02160399970446115
"10593_3",0.0594611359864823
"12251_3",0.12067473023532303
"731_4",0.10722204350468433
"1195_10",0.9825924931951274
"7337_1",0.11128663543771897
"2448_7",0.9746500312862514
"4444_2",0.6754970589301178
"9223_2",0.010376850641033036
"463_8",0.9710127338128205
"4335_4",0.06682120017163343
"9635_8",0.3308022836676241
"8738_4",0.4679598050942135
"6724_1",0.015650413744508863
"5504_1",0.00028097358248891773
"10185_1",0.44723879742950445
"901_9",0.9825878687281752
"10452_8",0.9978046094309525
"8289_10",0.992287102254251
"10112_1",0.07628819567785566
"9950_8",0.9672046815129123
"8644_4",0.2506939302168665
"11534_7",0.6195099971805033
"5708_4",0.1391928444912403
"6781_1",0.025330052333268318
"3582_10",0.9629271947502694
"4591_7",0.02666753318273737
"3327_1",0.014132881361345514
"9536_9",0.997277192509183
"3047_2",0.00941778174030201
"2830_9",0.9122941722274871
"4300_1",0.03607462813090749
"4160_4",0.44746418636362734
"11783_10",0.8049813857595713
"6029_9",0.7134222581123894
"6907_2",0.02012733678292644
"691_2",0.023990465039415845
"585_1",0.6253588354981793
"11182_3",0.5050284325994057
"10433_2",0.0001645741030010982
"11201_2",0.05400675787374243
"588_7",0.7404012452265838
"2522_10",0.842071730089844
"7002_2",0.007271609245814939
"2059_10",0.9790601689158741
"4925_10",0.7753642306623226
"7791_9",0.9977477386112922
"6392_10",0.9624224254027455
"3305_7",0.9195127645256629
"11951_10",0.8238973545499427
"12167_1",0.00019308543174470768
"5814_10",0.9521858168578009
"2590_10",0.7035612233834804
"10571_3",0.102136762293647
"5452_4",0.04015142360247196
"6480_10",0.8543425189245316
"11050_8",0.9923745694143868
"11523_3",0.4677081104943711
"6556_8",0.8783748969685546
"597_9",0.978880807054037
"4049_3",0.11399492265732167
"6652_8",0.9926839512208022
"5591_4",0.11730810905686025
"12295_1",0.00470025620786917
"11478_10",0.7827129366503368
"6436_1",0.019757347306559057
"2487_2",0.11306010586542188
"7520_7",0.9676375749582465
"5203_9",0.9975559404547264
"6162_10",0.9977778602248837
"3840_4",0.00378937932270225
"7471_10",0.9917610390901187
"5021_1",7.694123907016878e-05
"5593_10",0.9768388477547033
"7489_10",0.5366059541599224
"1208_10",0.6441493202362578
"11983_10",0.9993343534530561
"23_4",0.02517746461622511
"3622_7",0.024705820323051707
"7821_1",0.0009154764937726349
"9726_3",0.0022035540259847126
"2890_10",0.9991574383419667
"11695_4",0.17764913293741857
"3751_10",0.9923159918187205
"5136_8",0.9719868196409294
"8730_7",0.6670568216441287
"4341_7",0.17771381139425677
"9148_3",0.006504391340640586
"6385_3",0.044775740735050244
"8560_8",0.2619957814696652
"766_2",0.05766991689719342
"8847_10",0.9386062893645277
"7455_1",0.0058386515699671735
"3187_8",0.8877576073094667
"9683_1",0.07313604832448212
"7744_10",0.8687532319921608
"11136_10",0.9988972639636818
"214_1",0.012127599111951588
"2105_9",0.9596017313362413
"1265_10",0.654955135022415
"9122_2",0.43927017998346474
"9296_10",0.9965013851473196
"8107_2",0.14823141187023434
"8134_2",0.00044247391479713944
"3788_10",0.8839775038814854
"2429_10",0.9344640664246542
"8567_1",0.006206826384829872
"7400_10",0.9550381822208496
"1789_7",0.5940856319016865
"11098_2",0.008699945225822731
"918_10",0.24588730232660372
"3389_10",0.8264652812170672
"3754_1",0.11899338005703601
"8807_9",0.7085712868573132
"7900_9",0.993145280358999
"6541_1",0.0009991516255114213
"981_1",0.04575512907731308
"2142_9",0.9839604878549005
"1639_1",0.0011619803207448892
"4162_1",0.017581750530044234
"2476_10",0.9821912554543804
"9941_4",0.6043496113040133
"4020_3",0.11592914600059895
"6823_4",0.07828652935366845
"6236_2",0.00951949765596044
"7793_4",0.16465936312350118
"7431_9",0.9998832513377574
"6864_7",0.11720512065924034
"184_9",0.9607219394408276
"735_7",0.39200552600210786
"1673_8",0.9541668096280642
"6209_1",0.016677166828867572
"4167_10",0.9678820161781692
"7854_1",0.07471589667404314
"6281_7",0.785701231730647
"3045_1",0.00010398551704151029
"598_9",0.920412032329746
"5411_10",0.9843797968899336
"3781_4",0.006873585606167011
"10627_2",0.007152481524797231
"11283_2",0.4035169518637359
"4594_8",0.5913807955207784
"12424_7",0.8995227518517618
"6705_8",0.33096153442013204
"5274_8",0.2984735503146112
"2107_7",0.25494558109427523
"10685_7",0.7497865510964765
"1992_10",0.8340037113297357
"6711_1",0.0006910318406744418
"1899_10",0.7996541699265672
"6307_9",0.8936390335919551
"5702_10",0.9874955294248116
"6865_7",0.9355592605288043
"5047_10",0.35124346305303455
"2762_8",0.6851221036006765
"2830_4",0.7728694521333591
"9305_7",0.9766518124502928
"4358_1",0.09976391409386155
"7558_10",0.9982986873373846
"8607_10",0.4142436479547911
"4599_9",0.932013476629377
"5267_4",0.07960203204889457
"5667_10",0.9657065102847812
"10108_8",0.995423764509659
"8432_3",0.06753890766737414
"845_2",0.11963692304996225
"552_2",0.10578811478187981
"169_7",0.8203258948877125
"12311_1",0.043875039523096855
"5884_3",0.27544937731464775
"2938_4",0.0830676733660309
"11378_7",0.8293365049933257
"7337_10",0.9978159473743736
"4378_7",0.9956957449497947
"4660_10",0.999350576213794
"2461_4",0.14161890581528092
"7011_10",0.9993224881542779
"9907_2",0.014648552801256619
"6134_2",0.02199694631319151
"1548_1",0.501458528319599
"157_3",0.028162391607899535
"2189_2",0.011037566090747573
"9021_3",0.5183650326229783
"7699_1",0.013116214504507043
"9298_1",0.0006575859824409781
"539_3",0.7162263796493674
"10243_2",0.0022765945914348233
"8659_9",0.9761849957091903
"10748_8",0.6206221925256062
"6757_4",0.0049986579788953295
"7196_8",0.632336661025697
"2579_9",0.9827886354836499
"5896_10",0.985015915607291
"2308_9",0.9051082817875021
"12318_1",0.23103045739836825
"12244_4",0.024240411310852764
"10131_7",0.9941741626716456
"3608_4",0.01868454189095516
"10891_10",0.9972830503584679
"10517_10",0.998170554064657
"2180_8",0.9243000020410477
"2498_7",0.9601391039621223
"3382_1",0.000540401519957293
"12196_4",0.17896413754421803
"7079_3",0.22040091396017686
"562_8",0.1556176450543388
"984_3",0.2055063047769573
"7756_10",0.9961880759127983
"11553_1",0.0749628422168283
"1880_4",0.34428197874169736
"9842_7",0.9487912433103292
"795_3",0.002270124637553174
"11707_10",0.4285876945094165
"8457_9",0.5702964515110801
"2483_4",0.03849357221374787
"4903_3",0.027242161739034425
"12223_2",0.003059776307952801
"8418_2",0.008715551313476143
"6194_10",0.9996111100819816
"3214_10",0.9913352288948758
"12208_3",0.024288482850232572
"7001_10",0.43851528005384394
"8533_8",0.9273944294491956
"8236_4",0.02227156649060881
"2867_1",0.013444680160103098
"7876_9",0.8098234497345855
"9640_8",0.5233844408483933
"11866_3",0.25289931201420357
"4262_4",0.08820899275943264
"5711_4",0.7179318356495621
"214_9",0.7950995288711739
"9641_4",0.025021656300931113
"9086_9",0.9980299370266569
"12088_2",0.0019991771763437807
"76_8",0.9996030577589391
"1537_10",0.8400264352999891
"10510_2",0.0006349254939955521
"778_1",0.01743094126782538
"458_9",0.5288075885375847
"12472_1",0.001899687559985219
"7914_1",0.47397045950155064
"8595_10",0.9973155226095841
"7741_4",0.0035969811633702244
"9056_4",0.026981824087100027
"538_4",0.4909590643169399
"12049_4",0.4251855688958528
"9613_8",0.8456187337479678
"7051_4",0.34116816503810826
"2549_7",0.8025368687271487
"12139_3",0.08122761640876695
"4006_7",0.48264583153346996
"11662_10",0.9900167235000867
"497_2",0.1702530578826816
"5556_2",0.17914599811162188
"8287_10",0.9594555297760996
"4712_9",0.9880655279802073
"8237_1",0.0010605983332300313
"4466_9",0.9955150561868976
"4141_1",0.018390465019668203
"3303_10",0.7579524430701446
"5384_2",0.03802876996859598
"8494_1",0.036369325701192265
"5127_2",0.01779933572588328
"6961_9",0.97830944712389
"10856_1",0.06677720664661277
"9421_7",0.9743707534531255
"3776_10",0.9753627285194347
"5958_1",0.005793661945123652
"6227_8",0.9190049204173575
"10991_1",0.5019708811689159
"7996_10",0.9992125474207433
"12372_9",0.9956183834960634
"1460_2",0.4971936441687725
"10183_1",0.0004510225671569866
"2829_4",0.009396313639818361
"9797_4",0.04671988405601767
"2988_3",0.0005693970031391389
"3974_3",0.1006422283503711
"11419_4",0.02490392511299379
"11472_7",0.8836210043006093
"8489_7",0.9690163683267824
"11938_4",0.17715193203939222
"1057_8",0.967209705841316
"7213_1",0.09915764484669283
"2615_10",0.9420066394347633
"3101_1",0.04711544250692284
"7553_1",0.029145859990950842
"10258_1",0.03479322594199583
"8551_10",0.955352029522228
"11233_4",0.028155699844682597
"2996_4",0.376508176730708
"8670_3",0.5965114083110432
"10586_9",0.9311845459986112
"501_10",0.8991768980875814
"11398_9",0.9608135847514857
"9223_8",0.9725492048974731
"5432_9",0.9866674910288888
"7517_10",0.48704353405623224
"11616_7",0.9049672573590217
"5055_2",0.042406970603309904
"9285_1",0.0015370509526015377
"5175_1",0.0176007184054268
"872_1",0.006892865078384727
"8890_7",0.3010651480907019
"178_2",0.007923444300684587
"10660_4",0.017499377216113946
"11461_4",0.0500613013496955
"9461_8",0.9808900136438863
"3992_3",0.004985566642943835
"1173_1",0.00019478091129062334
"8261_10",0.9524349601428159
"10007_4",0.03799736654341518
"10751_10",0.7147029014396976
"5021_8",0.9855300403891744
"10553_7",0.9433048675809986
"12464_8",0.9982569545277717
"8616_8",0.6984032276757602
"9697_1",0.010302000468729838
"2800_1",0.006378766298273208
"521_1",0.0005023951126797712
"7535_10",0.9123845571281521
"4352_9",0.8894339565907161
"2246_10",0.6903864504795678
"7039_4",0.22899579910771672
"10344_4",0.36642185876681477
"12195_10",0.9458888451383911
"3671_4",0.8877007103215738
"1767_2",0.14209550012909125
"6536_1",0.00791165001471825
"8951_1",0.450541724084881
"12462_9",0.9988697716217391
"8489_2",0.00019448623831804502
"11884_10",0.9967371912021249
"8602_1",0.0063172508539472046
"9229_1",0.07720886049453522
"10611_3",0.055459040417816144
"6764_4",0.7279305319102557
"2612_1",0.07500355198278266
"213_3",0.13372443678973633
"1987_2",0.04974228693237733
"3082_9",0.9970387352098122
"10504_7",0.3057788393797822
"8862_9",0.9986473712225752
"5512_10",0.7556858443618287
"3198_10",0.9805327868745025
"11521_1",0.00031346704927945736
"9841_8",0.7482002083262
"1781_10",0.4640977180456772
"8389_1",0.027758726929270804
"10225_1",0.021906248801992993
"1403_4",0.11905111592278844
"3792_8",0.8368436731181628
"4361_9",0.9901363047839881
"6579_7",0.9452799849667568
"3891_2",0.09693013316292236
"10782_8",0.7158055095230037
"12290_2",0.017189777060019798
"1710_1",0.010778611256261693
"5507_7",0.8200303972339079
"10523_1",0.02489569383755525
"6722_10",0.44875200824183487
"3401_10",0.9885629635874228
"8079_1",0.028752472666673783
"5650_10",0.9784230704601561
"1843_4",0.20993622617599933
"8228_7",0.41029852901259894
"1138_8",0.9468107604219855
"7943_9",0.07728481102708881
"2219_4",0.0065655821617424635
"11675_4",0.3918909241402493
"7748_9",0.9861897004711998
"3859_1",0.0017211043061283581
"1497_1",0.024828661788896332
"2115_10",0.9834814276355575
"9622_4",0.007454597727148591
"9482_10",0.9957933479535193
"9084_2",0.010445440988714326
"2744_1",0.053839898790669825
"6599_3",0.36929811446633576
"10991_10",0.9160141614578023
"8444_9",0.979904140600041
"1362_3",0.020887535587679747
"6820_10",0.9571014508844369
"10806_3",0.03367531746833411
"5509_3",0.11071045791819951
"1939_8",0.518892569616041
"498_1",0.21103725822088162
"12238_10",0.013705126014098165
"4154_4",0.41951041927257865
"11557_1",0.011615557624642489
"6658_7",0.9424624656098394
"1183_2",0.0011960148191677697
"3764_10",0.3823114659269185
"12421_3",0.02920567642667392
"8166_1",0.08840159608060588
"88_10",0.9836771682467257
"6291_7",0.8258247874754102
"4637_2",0.16247650657840626
"4194_10",0.3208086010149484
"9020_10",0.43865040005938416
"9749_8",0.7318256329650074
"3308_1",0.036797715734961725
"2569_9",0.9793410027604381
"9696_8",0.7809531950513713
"8680_1",0.03335892013901659
"10469_3",0.0008557079842748848
"6208_1",0.15853265605466
"9862_3",0.4802021461318847
"7663_10",0.9866079994090798
"811_10",0.998566878815783
"5452_8",0.992551406071463
"4347_10",0.9922667776719623
"10922_8",0.902340836528707
"10466_3",0.015777880734557468
"11650_8",0.9657801471547953
"5126_4",0.24355842812679493
"3454_8",0.9882274608529921
"11021_10",0.9650167996889122
"1160_1",0.015803181966981925
"1948_10",0.9790352701687506
"8741_10",0.9656611946306934
"8996_4",0.5529376313104015
"11572_2",0.10548830747402449
"2183_7",0.7563962266436843
"1779_9",0.7526021184301156
"5466_10",0.9704197653701442
"1756_1",0.019844202942141898
"7777_3",0.039664378342196174
"429_3",0.23012368663751684
"1736_10",0.9899534698523236
"1746_10",0.9909791327741114
"7613_8",0.9995079808584325
"4315_10",0.6991468934236309
"12186_10",0.6623420724829271
"4231_8",0.755920325382892
"659_8",0.9837418572248787
"7739_10",0.7427723294661689
"43_10",0.9971028766921828
"2960_4",0.32694126062705275
"11665_4",0.18887475397406436
"4399_9",0.9866478435677691
"6993_8",0.6512672786451758
"6523_10",0.8954240128534142
"7068_1",0.0044178066612113286
"3005_1",0.6448432004213823
"10419_8",0.9996596126576505
"3160_2",0.0382475638132186
"1881_10",0.13966926637153323
"5623_10",0.8162508703900229
"2263_10",0.9952274845967402
"5736_8",0.9535899714229599
"550_3",0.10817566534242952
"368_4",0.173102008706094
"9100_10",0.9132959009098979
"930_3",0.03770097987338248
"866_10",0.8907656246272541
"11251_7",0.8507950082253924
"10708_9",0.7893268790583562
"247_2",0.2797972655442386
"4080_10",0.9839233154319766
"2104_10",0.9993316065304483
"8_2",0.372636569464777
"1485_3",0.021300847987298543
"3133_1",0.2999624876627479
"331_10",0.9957434298842225
"12213_1",0.039151340643175846
"2825_3",0.044022235781451084
"8316_3",0.5400791582419348
"11102_3",0.1679266275966793
"9719_1",0.004282219033610878
"1951_7",0.960565581757373
"10577_1",0.004052270270333509
"9941_9",0.9997779812672944
"12246_1",0.007074328674645484
"7579_4",0.09975372061291297
"7111_7",0.9344016323554243
"1068_3",0.10208925875136556
"1872_4",0.8764583847499852
"834_4",0.5387664458688503
"12088_7",0.7610972943617422
"7785_3",0.33265148026081653
"7364_10",0.732990209817428
"4441_2",0.01860404849816988
"3957_10",0.9994589152385961
"7789_1",0.15109757937111168
"3296_1",0.020443165619427942
"6656_8",0.24165964793100916
"7366_2",0.029060983543102038
"10579_10",0.9237535690107544
"1292_8",0.6073466450688352
"3172_10",0.8464271241384954
"4948_10",0.9996232164456063
"8690_3",0.012947785079335158
"3279_1",0.0033044563851488008
"7221_3",0.13535333528629512
"6376_2",0.0034452612654175467
"4901_4",0.019465192002178024
"1591_10",0.9818723186354634
"2905_4",0.005412814001093624
"8656_7",0.8019454787555238
"10100_3",0.7367259135425688
"6918_10",0.8240552837872173
"7105_8",0.41019963146827176
"8220_10",0.9415684602349301
"916_3",0.0034860488972743076
"7831_8",0.26197646150454096
"11118_10",0.9977272029562884
"7993_10",0.951318657475903
"2665_3",0.11740451239536488
"1680_2",0.001808563587366774
"632_8",0.9700178326072968
"5838_10",0.9983759313272251
"4039_9",0.9456822699582808
"309_3",0.1344920535441047
"6715_7",0.2055163200999393
"9130_4",0.3390453078035489
"722_10",0.9843826367230927
"9485_3",0.36226980111866064
"5421_9",0.9607224819613769
"2053_4",0.00417572955106664
"8824_4",0.026010972426172667
"906_4",0.4384290076561195
"4325_4",0.1206725475219902
"3131_1",0.29396625903875984
"4732_10",0.46629980355686196
"7628_1",0.11682579931095816
"3903_8",0.6355809244015312
"2781_7",0.8221633512394899
"2530_1",0.7208456005091257
"8740_9",0.7480843924711615
"9456_4",0.027768613780218405
"8705_10",0.6372218024301178
"9894_4",0.15512290202714177
"7573_10",0.9679801791844778
"117_1",0.0005906648504716993
"1578_7",0.49139428432282006
"2822_9",0.9877139236094168
"2544_10",0.9840350677396641
"10988_10",0.9718643878030233
"9846_3",0.0007377674580915487
"6242_3",0.11430508050743177
"5626_3",0.47128609102825986
"4053_9",0.8932480579386112
"10157_8",0.9743635217837875
"10582_2",0.024146144167726764
"11091_1",0.004751848205304628
"10436_8",0.9966841247169668
"3432_8",0.9668826464107341
"3007_3",0.7833636286105793
"11467_4",0.01979428203335037
"9877_8",0.04565690312332777
"4839_1",0.5330321552448536
"2766_3",0.2454881202986224
"11528_9",0.9801715720711264
"4327_1",0.0007573835378201299
"8087_10",0.718744481066366
"3394_10",0.9971866660362989
"4690_4",0.4099122476959106
"11642_8",0.9492235270986455
"2603_1",0.023586631915269492
"9578_8",0.6393276553067135
"8316_10",0.4742408473195047
"8184_9",0.9898965051011838
"9764_10",0.9745827098713447
"3248_2",0.00015471645651831623
"5784_3",0.0028773608430178134
"3686_1",0.0008595013118559926
"10901_10",0.9819164314239645
"606_9",0.9803423762475035
"6887_1",0.0749198548153756
"4240_4",0.6251918903606334
"977_9",0.9873074652110677
"2232_7",0.3357013331617983
"4107_8",0.6829075279869364
"11897_10",0.9968314561291222
"10418_8",0.9978303848056435
"5274_1",0.11737789312791493
"5978_10",0.9612519631965308
"6781_7",0.8581664176106032
"6704_10",0.19463650293727988
"8290_4",0.5969784457095828
"9826_8",0.12192573543800465
"10066_1",0.7130355585726871
"1135_1",0.20443778938099838
"6683_9",0.9636960268055673
"9991_8",0.995898180658949
"1710_10",0.9825784031285089
"4774_2",0.01704381563369883
"3621_2",0.1866639196230045
"9258_1",0.0062205609250060735
"12244_8",0.9909935982680006
"401_1",0.015179348712692487
"11869_10",0.9884589956185212
"3092_3",0.18970707162860048
"2910_7",0.9963910811375922
"961_1",0.020241948179177734
"6927_7",0.054197653529124236
"4819_2",0.08565708536028437
"658_7",0.9485278170328981
"5477_2",0.27829418752568824
"7766_1",0.25047850435665797
"4159_3",0.009623010935655743
"5010_10",0.8565795120234865
"11093_3",0.006147827690292745
"7287_10",0.9990415680096654
"3462_9",0.5970254017610375
"1652_1",0.04225454249028373
"12077_2",0.19430027551084572
"3798_10",0.9033900881183557
"2696_10",0.9551557368771024
"2803_8",0.9882791576370369
"11941_2",0.05944934310526437
"8090_8",0.623751844319047
"6994_4",0.060624160285477166
"1242_7",0.800805936274283
"8828_9",0.9733548929257161
"1346_1",0.0010054351766030254
"468_1",0.048608499397236785
"3665_4",0.1104349211407692
"4476_4",0.532176033335857
"6043_9",0.6307527646506247
"5830_3",0.00030945239507710037
"3159_10",0.9373281645869
"6975_1",0.10750331814313023
"7338_1",0.0006497829177476842
"1424_10",0.8903418789289751
"6487_7",0.9830430826210369
"3023_7",0.7593311873566401
"4749_3",0.07208665594901482
"4596_3",0.0787702353910268
"4681_8",0.991186489435002
"4235_1",0.6010759481871972
"2912_8",0.9895969078120668
"6552_1",0.004726246176766194
"4329_1",0.636251356095699
"3876_1",0.0203063509910626
"9168_9",0.64436105283182
"8747_10",0.18758367778587906
"11842_10",0.9942340302184774
"5612_10",0.7627423101528585
"10371_8",0.7625498348368386
"4804_7",0.7397853040044785
"4914_7",0.9770081668172533
"2520_3",0.1616704114227267
"8053_3",0.191478338076534
"11302_4",0.03114127369965767
"4766_1",0.6588227291105914
"1820_4",0.14590343431725628
"4668_1",0.03943381912828401
"3521_2",0.0003614333144718833
"3467_7",0.9829374673500793
"1885_4",0.022871003065254483
"4206_1",0.4749393604229926
"2774_10",0.7351480770077631
"12060_1",0.1461260353862986
"5664_10",0.9921451393174376
"7078_10",0.9463661423490719
"4797_8",0.8502613335042684
"2735_3",0.0013997886051420295
"7981_4",0.2177659578748718
"10440_7",0.662114924809043
"11611_7",0.9731017064089643
"5553_1",0.015526020165756705
"12415_2",0.9111070730083353
"10807_3",0.0074805692553695565
"5539_1",0.20200146951912626
"9489_10",0.9449647759197957
"11053_10",0.9755428159872191
"7493_10",0.8760690450271736
"10400_4",0.43321913664434847
"9856_10",0.9923138849177144
"6813_10",0.35668701196228025
"679_10",0.9587357461573762
"7502_3",0.010830358101523786
"3842_7",0.9377303629758168
"7800_10",0.9414139370480858
"4253_9",0.9556783065026339
"2103_1",0.002910745346802681
"9581_3",0.7697342436909156
"7335_10",0.20536087731950317
"3304_8",0.9472181878030669
"12276_3",0.057685246682615716
"5451_3",0.026452434405996095
"1873_3",0.11214050099716666
"5857_7",0.5096014965535798
"5423_10",0.9901185332057353
"6400_10",0.9236543944669825
"6419_3",0.43221446685103965
"3775_4",0.1150288165224463
"5165_8",0.4961752319246895
"6555_1",0.0021627782648641776
"3806_4",0.8777003698707796
"8584_7",0.9057494984254687
"5390_7",0.7211473922398436
"10965_1",0.018995689886011604
"6680_9",0.9976493787616425
"5034_1",0.440196271664857
"7718_2",0.007856295218511607
"2688_4",0.24072950106537672
"9107_2",0.00856122333398497
"5993_1",0.0016272007278270932
"7456_10",0.9880149287281359
"8581_8",0.767150066114051
"8852_3",0.12583495234605124
"4239_10",0.9798299726286427
"9012_10",0.8070437949411833
"6661_9",0.9309014140039706
"6786_10",0.6361851880527307
"12257_3",0.1926947316060603
"8700_8",0.6588701345854717
"8848_8",0.9839196464426665
"11377_4",0.48052345736716967
"4722_2",0.15577691214556247
"8546_9",0.913393348994035
"3091_4",0.0011222213731475576
"4124_7",0.17465472799488985
"10860_10",0.9849784305114853
"2684_10",0.9459397989875337
"4968_10",0.9996852280497213
"10785_4",0.028633019244525385
"4871_8",0.49773581700073966
"1064_8",0.9954066503221384
"9452_2",0.0006383546964379289
"9965_1",0.0634652131205737
"1358_10",0.8745066006530481
"12094_10",0.9818386852138663
"415_10",0.5515255170201105
"8308_10",0.10184275054405488
"11112_9",0.8866018292497941
"6271_4",0.4266698777654446
"7324_8",0.6474632977909134
"7950_8",0.963968121559211
"8880_3",0.07326061112699618
"5610_7",0.898519015726338
"3918_8",0.9935886413404331
"7209_2",0.00012296671981928004
"4916_10",0.8725737289955409
"6782_3",0.34146707032433055
"5607_3",0.23026210520211074
"5492_10",0.9129639272193333
"2824_3",0.014264165371855868
"1533_10",0.6815126907980957
"9663_9",0.8986154985242572
"11087_3",0.2297719946283128
"3360_1",0.186325148338295
"12040_1",0.06380223567483881
"329_10",0.9974843174895587
"4819_7",0.9144292039108994
"11985_8",0.9916565304797182
"6491_4",0.0835493930587778
"7151_10",0.9873726032435131
"6807_10",0.9684544225935138
"3353_10",0.3856152362466417
"3592_10",0.9714964549927328
"928_10",0.8537875167566809
"3100_7",0.94204555117997
"7390_3",0.015267330905501558
"8466_8",0.6459928909997097
"777_10",0.7620971748401137
"10007_10",0.980796961083137
"7673_1",0.13807656160593748
"8255_1",0.019051767561761704
"3734_8",0.9727980181758628
"6217_10",0.8339359101138777
"2264_1",0.7207201533398869
"7637_7",0.9951989581841774
"3494_3",0.09524074972246566
"1012_1",0.19314664114776675
"9796_2",0.04566702057879813
"444_2",0.007640165176907752
"10968_8",0.9492635630694092
"8328_10",0.9428590204638487
"2417_8",0.7128588501520039
"253_3",0.001211946114338276
"3740_8",0.9905064199871505
"5904_3",0.310892599535797
"6664_8",0.957740768180751
"12027_1",2.995021574011942e-05
"8658_10",0.9697986468602986
"4505_1",0.004497923089229209
"1008_10",0.4117642332340208
"7922_3",0.9368440064103577
"655_10",0.9496409441314083
"6383_10",0.9680844807929693
"5868_1",0.10102231436590746
"7827_10",0.9369208292420347
"722_3",0.07031921683229168
"3933_4",0.48022736308004826
"1358_3",0.032887710425373355
"8939_8",0.9651191228939622
"9502_10",0.9883029822184884
"4798_9",0.7563472870034684
"7088_3",0.6391965791322354
"9904_3",0.0006085874410573549
"11214_2",0.0016606093489632515
"11293_8",0.6221359664583539
"11924_10",0.997362078226983
"6168_8",0.9882925115203429
"4329_10",0.9564094303763376
"10345_3",0.045157967040235204
"5512_3",0.43005809562625613
"1291_1",0.025694407118630254
"7568_3",0.0012556719208248128
"2747_4",0.00933893137828234
"7484_1",0.00017897004336992292
"3915_2",0.03393728152228601
"8527_4",0.3283272259177745
"4686_10",0.3406337793591599
"6909_1",0.0040390172655550925
"10587_10",0.9486171890259749
"9167_8",0.9904010064035889
"4739_4",0.07192591086737392
"6266_4",0.20310064320944182
"6155_10",0.947419931733084
"11409_9",0.8321971370788815
"3874_7",0.17588637966746584
"7049_3",0.5530633751317062
"11158_2",0.0005347400496345018
"5714_10",0.9917670681034028
"11248_1",0.00021218877013145775
"8854_3",0.7598506679649617
"3191_4",0.2413590466354423
"5537_7",0.5748696214362529
"4919_7",0.9732099760763724
"8109_9",0.9191508665360097
"7476_4",0.5448498785037079
"5890_10",0.9849857439973411
"5837_10",0.9987697522252676
"2623_9",0.9935626499621614
"5033_1",0.7641899835246748
"12055_8",0.999356581106566
"8420_4",0.10126114213338858
"5854_10",0.9908562514330816
"9631_7",0.7475321208491845
"11705_3",0.0124529212463335
"3869_7",0.828558924613372
"10836_9",0.9529607666389993
"7027_1",0.042416187123825076
"55_4",0.01392992840225487
"11124_8",0.9906949740855004
"3533_3",0.0014412817066257121
"1552_10",0.9987306095546207
"11307_1",0.0003195364381922192
"11974_7",0.6797916735713975
"7246_3",0.4429942916080809
"10648_3",0.0012922111287559394
"11991_10",0.21946882425043626
"10494_8",0.5582010074703013
"8109_1",0.0022514553300576616
"4764_1",0.004972327992830908
"3527_1",0.00044681169204251767
"4059_9",0.8490935446450373
"3729_4",0.0007705387930539829
"5073_4",0.7713760189945417
"4984_9",0.9681298640875468
"2371_10",0.6081198327489242
"9597_10",0.981037840029268
"10823_9",0.9607377082988745
"3123_10",0.9291439380307756
"2951_10",0.9347132523248493
"9800_1",0.061830301984923924
"1824_3",0.6400714132448686
"6238_2",0.40401335355604684
"8830_9",0.7383894636617864
"12355_8",0.7986761040170375
"4002_10",0.9964688557328597
"405_10",0.845245008709799
"4314_1",0.29129980649742837
"9201_10",0.9994113247865053
"10466_8",0.533587574965034
"3736_2",0.1257245555045675
"1641_10",0.9999034281210043
"3381_1",0.34650955524186955
"11711_9",0.966984072447188
"4970_3",0.41266781681927744
"6958_10",0.998183722788633
"646_9",0.9923009594465612
"3590_9",0.993701320802652
"7218_9",0.8368786248185639
"5091_10",0.9931582820222026
"8820_2",0.8590007264054723
"3938_8",0.8742018936475544
"2616_10",0.5235418033732395
"7808_1",0.02729063571758367
"3508_10",0.6459636753419606
"8974_8",0.7448991990662165
"4383_4",0.9897161950496592
"6360_4",0.002338934989670233
"2759_8",0.9605815236084038
"7417_1",0.006103492344434409
"10880_1",0.0032353320336661
"5488_2",0.07261915157279492
"8015_9",0.6288763036107872
"6484_3",0.014556609902497637
"10117_1",6.300857860554731e-05
"11363_1",0.004467576173978623
"3334_7",0.9456047782921222
"3369_7",0.7671268506194463
"9609_1",0.041688780888609084
"8396_10",0.9354717341841414
"8267_10",0.36124527300090464
"10335_7",0.910870967870325
"1973_4",0.13839885920933528
"7123_10",0.4086842960567381
"6949_9",0.9998714342482102
"10652_4",0.06434159475140908
"10256_4",0.003528047622409714
"4557_9",0.9741549978808993
"8929_1",0.01300560080979667
"2429_1",0.015012772215448772
"3994_1",0.2403505355179115
"11454_7",0.07266094622553619
"11874_4",0.0065209456309934305
"4891_3",0.0020249431480638615
"2216_7",0.8731539668941946
"2039_4",0.10120945963781774
"505_1",0.0754366914755847
"313_1",0.06516762282990218
"3383_2",0.03641351887161651
"9453_7",0.7292891220173534
"426_9",0.0035564603008793063
"311_10",0.8808456826407546
"11291_10",0.5972266846511843
"835_8",0.9863478371902067
"2143_9",0.8815736901812222
"8200_2",0.15329551179441467
"11716_2",0.9927515375988717
"3786_2",0.5053406759300396
"3818_4",0.009414035591551559
"12106_1",0.00019080289442209035
"2605_4",0.0020652831321797786
"10518_7",0.946260992410193
"3932_8",0.4931345158624257
"7515_4",0.0013090522776838046
"9857_10",0.9427328455847415
"449_3",0.09686870567500411
"3573_9",0.9496205724341479
"10198_8",0.8121361856304412
"2286_9",0.9571004402752115
"6906_3",0.07153152617708222
"3807_2",0.3197083125670374
"11602_8",0.8923767450837126
"10201_7",0.5475181788393749
"8717_8",0.9854440899788963
"10411_10",0.989998577105592
"11099_3",0.053639471529692
"5619_10",0.9833012685025968
"9252_10",0.895714689311619
"6097_10",0.9970577635962002
"6467_1",0.35684567505176185
"2757_2",0.055397561392538035
"1869_10",0.9484311386343823
"5192_2",0.021933669354318112
"11399_10",0.9066401610575557
"898_3",0.0595188379387156
"6820_2",0.36992408877399435
"768_2",0.010093177419657815
"1783_10",0.7450740032347847
"8102_9",0.7681156962379586
"7818_2",0.08302925473196691
"2444_10",0.9567926217760712
"3965_4",0.16856174543506805
"7086_4",0.5074723144457827
"10556_3",0.02118386010425332
"5221_1",0.007915355803368114
"4322_10",0.9780254791318717
"7371_1",0.025246497544746997
"1318_8",0.7758478256604172
"8142_3",0.38275223375124773
"3413_10",0.9121898975820878
"3845_9",0.9252466800541869
"7323_1",0.041150775331768016
"5273_3",0.013675611830567673
"11812_4",0.8540254122629671
"5737_7",0.8495183430027092
"7260_2",0.05194228649432994
"5018_3",0.010158017038599193
"7779_10",0.9964173765637563
"894_7",0.03174445046078068
"11940_3",0.005082532645675424
"2471_7",0.7540759929918558
"6605_10",0.8573237979070119
"282_10",0.7560305621750052
"12402_3",0.09913470470266951
"7974_1",0.01693271182891651
"12280_7",0.9953912792523106
"10917_2",0.004630902552725393
"12164_1",2.9433627108340792e-05
"3181_1",0.22568377110042048
"11240_1",0.13789828916532385
"11255_9",0.690398728801804
"2318_2",0.07830400552833085
"4976_7",0.49846380165622617
"1822_8",0.9930163042715685
"11724_7",0.9479271370167722
"3499_3",0.47890054174882113
"9439_9",0.6900508662475885
"5469_10",0.9927733873524748
"7612_9",0.9893761451620333
"3947_8",0.21700512035554304
"11269_1",0.008174719820229794
"5771_8",0.9948661589534872
"4461_8",0.9852600433113665
"5683_9",0.9986449160124292
"639_1",0.0014350765089192162
"9896_3",0.7231187924293332
"5131_8",0.771939517491582
"5961_3",0.028765725690825836
"5741_2",0.008660983051873473
"6418_4",0.9329968716060173
"5416_1",0.0018211125303940396
"3114_7",0.92931545416313
"3587_3",0.01285014464105307
"5472_10",0.9969764953129112
"9802_9",0.7989837948350631
"4313_3",0.5484331381973274
"2921_7",0.9807091221421264
"11468_8",0.7099733095024655
"12250_10",0.7886801531659158
"3481_10",0.9652722501855951
"2067_2",0.0005449695466406697
"8574_4",0.028667846064104933
"861_9",0.8410864882452492
"10381_2",0.0010312828465013132
"5479_1",0.8378097409645913
"1107_9",0.9958138015440628
"4475_1",0.000135820196813664
"469_2",0.10794333165107807
"605_4",0.7288897756806807
"2182_1",0.08564427547200064
"9401_7",0.9074228314919162
"2518_8",0.7567055460657578
"5329_8",0.8669687522287254
"3202_1",0.07313335821980681
"256_4",0.936075534628025
"7235_3",0.03911699811935548
"4661_3",0.7554131287614329
"11045_1",0.01191156262968548
"1417_4",0.1985412220490547
"4186_10",0.32001935136467174
"985_4",0.406273180733932
"6553_1",0.005013616979995078
"3118_1",0.006930547242263308
"3297_1",0.005268458185110312
"5843_10",0.44510529440265734
"7645_7",0.6714660182403299
"11958_1",0.024111729575823446
"10823_3",0.30820342442998166
"5097_4",0.47487735355024946
"4344_10",0.8969776924311865
"5442_8",0.9564181290599137
"11969_10",0.12040339875797253
"7015_10",0.9441879548439502
"1419_4",0.6572833369249387
"914_1",0.02226607591726358
"11911_8",0.13279470053346126
"5930_8",0.9617399869957011
"3853_10",0.7959565580126563
"9404_1",0.09736732178370226
"207_9",0.9934818079718565
"2018_1",0.33506703260685466
"11192_7",0.6231713983528331
"6679_4",0.13676348164197866
"1184_3",0.07051383112756292
"3291_10",0.8485658744038657
"12323_9",0.9932897264784273
"7524_1",0.01565792460919792
"443_8",0.9948933379047015
"7964_1",0.0024872620998752106
"730_1",0.07035342276364934
"8969_7",0.8739832930225537
"8581_3",0.18186406536487112
"12152_4",0.045963062483896616
"4528_10",0.9809178865444063
"5984_2",0.021868053317194738
"4446_10",0.7233397352153075
"7039_8",0.9605644830327642
"591_8",0.7872791930522826
"6869_7",0.928829646869455
"1836_7",0.7228706181380138
"4183_10",0.9269754392292011
"8590_1",0.10027430491542666
"5647_10",0.17583024573923559
"11076_10",0.7172104671065699
"11241_1",0.1306865432542315
"876_10",0.9856949859582945
"8390_1",0.0034055041035684483
"1462_9",0.9870842608896693
"8362_7",0.5952580104650455
"3400_1",0.05607621289148494
"2318_8",0.9943461878790055
"5389_4",0.9861027507342094
"8617_4",0.031117777318669073
"9200_10",0.8159426496008747
"8878_10",0.34706173633970244
"12110_1",0.30959032499523037
"9101_10",0.9776288699493965
"4967_3",0.20445850331815646
"12436_1",0.0015545381832188785
"8845_4",0.6182367572625659
"3420_4",0.028342318302282392
"7428_7",0.9746690627927418
"11769_10",0.9892383128917361
"7025_1",0.33203155546901403
"1561_10",0.4445511015312861
"3704_1",0.0019476065795748362
"3529_8",0.9089844400260048
"12234_4",0.14872384431437227
"10600_3",0.024422314597650596
"1028_4",0.1870547266842415
"6764_10",0.996712673523766
"1815_2",0.16438197208203115
"10953_4",0.009302250321968117
"2809_7",0.5353512526952882
"8393_10",0.9493093933064795
"2743_1",0.46766169198549506
"10711_10",0.7164957933326848
"6173_10",0.969617334820665
"9664_7",0.184540368103702
"6335_3",0.022104943966401856
"1665_4",0.021199689245366766
"4174_10",0.9981124255864176
"2038_1",0.47129168494600454
"3717_10",0.8541781793767392
"9361_10",0.9717459169943563
"415_1",0.025955627791875043
"1460_9",0.9985130111050509
"5915_4",0.43776124823295487
"7187_3",0.12875494381800726
"11050_1",0.0003420392840825736
"8822_10",0.9305433338540787
"12407_1",0.003214149958774078
"4543_2",0.0001746406778792303
"10560_9",0.9832531692691046
"9108_10",0.9984806495010309
"2999_9",0.26330266695190874
"1703_7",0.8953110073390624
"206_2",0.023164284612571577
"2095_3",0.003366503768728332
"6454_8",0.9601228219954208
"2773_1",6.591662398870796e-05
"6252_1",0.0006396420073565167
"2848_7",0.2622962975892822
"6887_10",0.9957638446677088
"8660_1",0.016270405548804465
"1675_9",0.9547726787765016
"9842_1",0.005195645838692926
"9118_10",0.9690117763796405
"5793_4",0.3589045637458091
"941_10",0.9882007613779715
"8832_1",0.05864538311776756
"7584_3",0.014661550472678876
"9746_10",0.9968533280900186
"1965_10",0.8025881755845538
"5346_10",0.9878311460599999
"9738_4",0.30931182787525513
"5905_9",0.9905097456256619
"336_1",0.09825154196304609
"5621_1",0.41914432660355255
"5976_10",0.8578899507152984
"3000_8",0.7147088758025281
"5172_7",0.9142595383156508
"311_3",0.015896866343267747
"2035_4",0.35936123003116954
"6084_10",0.989154638580271
"7284_9",0.5555023607851022
"6449_8",0.9793467185835194
"8671_3",0.026149085136163677
"636_9",0.9368734491977295
"11330_8",0.9815694558490251
"1300_1",0.6194243762654167
"11538_1",0.0030841861222942815
"5159_3",0.021161433773534116
"3742_9",0.9948333947791898
"11281_9",0.2727646487926607
"4128_1",0.0531292176625527
"4382_7",0.10832260131984353
"862_3",0.011505834012943814
"5941_8",0.9153395923544759
"8576_3",0.5124771339671285
"10570_1",0.0006242833703527432
"10682_3",0.4424649448274023
"12497_10",0.7226948655385096
"2026_7",0.9830710433047158
"9657_10",0.9682299055268595
"999_8",0.8675478996481479
"1664_2",0.2533196754272046
"1795_8",0.681750695851641
"4280_4",0.5035575020881823
"952_10",0.9867587795667487
"4725_7",0.9888868663285283
"8162_2",2.0255866139691878e-05
"10062_9",0.23669462608134004
"4719_10",0.8798154414162827
"10388_4",0.10435541835474407
"6183_9",0.47514803196361916
"3703_8",0.988746463844365
"11259_4",0.6063778838742919
"8578_8",0.9892357303981574
"12040_9",0.9994193422925906
"6500_7",0.9963494258235321
"3473_10",0.919105056458834
"11784_4",0.2698751058028633
"613_10",0.9963853301884587
"4631_1",0.25939487504765013
"2426_10",0.7836735475036519
"7088_7",0.9457750696223762
"5851_7",0.8699853791172596
"3904_2",0.0009601058876508542
"1329_7",0.19586656209532058
"2160_7",0.06591974883978613
"4796_10",0.9917270395398924
"8760_1",0.6428354126796014
"7859_8",0.7774175845535961
"4251_10",0.792484765355358
"8143_4",0.0014254380907039465
"11713_9",0.988142791794876
"5037_10",0.9780309040435453
"9621_7",0.982674273189704
"2600_10",0.9056589007244746
"2027_1",0.0005573485772410676
"8225_1",0.0026795755147195847
"12463_10",0.3477840568382563
"7842_8",0.4096355370992055
"4768_2",0.044479158587978435
"2644_1",0.0006689118901039171
"4193_7",0.5603992770987883
"5150_7",0.7778006737829976
"5942_7",0.9947847335370357
"8293_1",0.04988895724147644
"6046_10",0.03760908680842746
"12148_9",0.9997661899985744
"966_10",0.608058453867636
"6428_8",0.8372520832764867
"12465_2",0.013616673012424658
"342_10",0.0898997943374164
"9246_4",0.00021936429169793875
"8683_4",0.9790098484659453
"627_7",0.044034179232705896
"5614_4",0.6919131180628174
"4546_3",0.01836039976462799
"4384_1",0.00023944268692759822
"3144_1",0.02832883484731093
"9530_10",0.5956760741038949
"10558_4",0.003869052632772029
"619_1",0.002900341193924546
"11594_9",0.9959867019990939
"6511_7",0.6377256296109308
"8351_7",0.9518500810513194
"9163_3",0.006022876263834143
"12078_1",0.01322129621069889
"5489_8",0.9229773498320868
"4191_1",0.04975149619191976
"2373_10",0.9710409521162425
"8664_4",0.6387424121800467
"4556_2",0.1075884971099211
"9004_8",0.882178817834271
"1357_4",0.01028602369408817
"152_10",0.8991594038825995
"2977_1",0.0015730816741853135
"8812_1",0.004969158120991406
"8544_4",0.018342573281921584
"4821_2",0.033895320092506204
"7874_8",0.8824868155675448
"1689_1",0.13010608688455758
"9654_1",0.005720860644946408
"9363_2",0.032974626877455115
"8959_1",0.011262015719763221
"6113_1",0.27338360305209713
"10702_1",0.10016092768173052
"1839_4",0.049457904701930296
"10587_1",0.1471742069439107
"11715_3",0.8938900501259261
"12252_8",0.9945944002805549
"9480_3",0.0001125080652192675
"6438_1",0.48774154259193253
"3762_9",0.9943156437613161
"5350_10",0.9777811741736296
"3927_9",0.9453650134639436
"9598_2",0.10373574006816437
"3930_3",0.00032516213090890664
"6647_1",0.0011201295796220184
"9251_10",0.9387046181571012
"5926_2",0.0056830935271203874
"11530_8",0.8482099659526863
"1625_3",0.16001214050076862
"10515_8",0.5128149931312368
"11185_10",0.07931289424298436
"8675_10",0.9889790040471563
"3701_1",0.5204060603541014
"9222_10",0.7010365409416013
"6253_10",0.8539962793624036
"4657_7",0.9756271006201571
"10013_9",0.8538992318025252
"4938_10",0.9985823209475906
"3073_10",0.7916025415098263
"9081_8",0.9777331815367589
"6928_8",0.9324490267925177
"217_3",0.00047150532486268855
"2927_3",0.1553499369634584
"2379_1",0.07478801353962403
"10476_2",0.9059219284704444
"8640_10",0.9653801342456294
"2810_3",0.03647016283280528
"6433_1",0.09666549687152211
"6390_10",0.4649828048364835
"11829_8",0.7024480035120941
"7581_10",0.9967130018024141
"11836_3",0.48638202473487974
"2794_1",0.04825402006004682
"5263_1",0.01283863544280907
"1041_10",0.9875875152519727
"7296_1",0.03481396545410465
"10557_8",0.9261096495894988
"5339_9",0.9799072146820709
"4766_8",0.993222646647122
"8126_3",0.6741275726446243
"9876_2",0.0002738806257384183
"2443_4",0.0027539909351474616
"10179_10",0.41422015394403255
"6211_3",0.002367213217875785
"925_10",0.9892922045466368
"5050_8",0.9987165834467334
"1891_10",0.995160850495001
"4767_3",0.08604380189486596
"11625_10",0.9975137854170215
"3388_2",0.006896124412076807
"4908_3",0.07984882973629814
"11205_9",0.9134941371186132
"2228_10",0.9781444840730703
"11236_1",0.4214177830938825
"2367_10",0.8877392045235777
"5060_3",0.010684843711473362
"3292_1",0.0427838088696077
"11282_2",0.4165955370907076
"5307_10",0.9985031273657788
"6963_4",0.0021964840564701014
"1319_10",0.9991624121933992
"9660_1",0.09813665231405774
"7254_9",0.9965951421034918
"9441_10",0.9791275485498091
"3838_4",0.06656218554496382
"6209_8",0.9230140172063768
"3049_9",0.9784042500583535
"3033_4",0.9546410249895955
"784_4",0.0011083518182725249
"3921_3",0.02064553399558836
"9196_8",0.7572629032096116
"7652_3",0.8614666927364044
"11650_1",0.020025020566496646
"1548_10",0.39808855605396726
"10770_7",0.9834682923389252
"3283_9",0.9584261825194289
"1567_1",0.17556036443195966
"10405_4",0.33521623746177853
"6980_1",0.036433364127185675
"12218_4",0.7572024893260504
"5250_10",0.9997834346312224
"11977_10",0.9886656609389722
"10602_2",0.009775625054400173
"11178_10",0.4818437662445019
"9590_10",0.9857654942471823
"1260_10",0.9557240913317702
"8367_10",0.7638043313865879
"2571_7",0.658404716502921
"7422_1",0.0001371676609589119
"5486_7",0.9704756619422851
"2282_8",0.9888594285708092
"6119_2",0.0334469242178312
"1433_8",0.9907818278517431
"12365_4",0.37110604763484895
"10535_3",0.29449300975550874
"5464_1",0.10881464312031211
"9983_7",0.9572523925939509
"10209_7",0.22659725730590646
"3777_1",0.22781632098811727
"12443_10",0.9750184523972579
"1488_4",0.6746137862607192
"8670_9",0.9882404490014538
"1258_10",0.9448090289442773
"9_7",0.9209388100565455
"12175_9",0.8345127903699795
"211_10",0.9856530541964478
"6329_7",0.5866531809881358
"8866_10",0.9915989087342227
"5911_9",0.973334887814173
"6100_1",0.0374136220656409
"6342_9",0.9902316215584832
"5455_4",0.45440088436379483
"1215_1",0.06885179949418017
"11020_3",0.2872364737123114
"7975_1",0.04711882370662594
"6720_2",0.010376532712399727
"8986_10",0.9874809807807879
"4874_9",0.9109379688776944
"7204_1",0.0042423687134793145
"2612_10",0.9853444139556639
"6923_9",0.9892088568096448
"5742_10",0.44480207550862455
"5044_3",0.0016087593561891083
"5013_9",0.948329114056907
"9752_8",0.997409812295462
"1112_8",0.9988393712339292
"10925_8",0.968959855207425
"7012_4",0.009557566259707483
"11484_10",0.9849234789620384
"883_4",0.1816315903706856
"2398_10",0.9980609175397068
"8990_8",0.49371540415490517
"1194_10",0.9694334674392581
"2313_1",0.17723442277115029
"9584_1",0.00953512714766789
"11638_10",0.9748300740418908
"5995_3",0.6670378588330393
"4456_10",0.9982553720341591
"321_1",0.30175189438758887
"7147_1",0.618212373269199
"10212_4",0.022827735221455828
"7960_10",0.9891949070101758
"8022_7",0.9678973899952301
"11649_9",0.9420091463545228
"8442_8",0.9697353279783864
"8976_1",0.019397518798515114
"9199_10",0.8954395492784701
"8925_10",0.9998914364685103
"3079_2",0.00028038740834013563
"7727_10",0.9983232859364156
"2338_1",0.5138297081782691
"3221_2",0.0006733192762572657
"288_7",0.21000509487953203
"7150_10",0.9088923060697289
"7520_1",0.023213559283525642
"11477_10",0.8493355406717004
"7765_9",0.993598607424781
"10062_4",0.004726315354643904
"10616_10",0.8369498121599245
"10592_8",0.8015764354947893
"6745_4",0.4322380693563439
"7912_2",0.09209931787702239
"1130_8",0.8469678982838151
"11096_4",0.038998277726591694
"10081_1",0.06688724924426936
"3808_10",0.9543572512632498
"394_4",0.03854200158917463
"7080_3",0.00872951021057784
"4479_10",0.9743005363213078
"11417_7",0.6835879239936783
"8402_3",0.24144868294136904
"6669_9",0.6734945846560789
"1494_10",0.985751679874116
"7980_3",0.05012701252472251
"11366_10",0.9230830498592381
"7566_1",0.01957598881265358
"3778_1",0.204865375276118
"317_2",0.03277091774274737
"8475_7",0.9433512950996019
"11012_2",0.21898982364353184
"11936_4",0.08954256142775192
"145_9",0.42661454275792937
"11427_1",0.0020506167104242844
"2204_1",0.007932094319530385
"3373_8",0.8470368712462931
"4640_4",0.9474736715724629
"521_7",0.37974942864942285
"2871_2",0.7712608789576122
"9823_8",0.41152991903594494
"5893_1",0.0954426918939447
"8541_2",0.0022283363500336046
"3403_3",0.019381024563892468
"8660_9",0.9180695531665642
"7046_3",0.04120551888892138
"338_1",0.001805883927572551
"9541_1",0.04698431306784416
"12179_7",0.5772695764448126
"9663_3",0.4262729296386676
"6948_3",0.04009995053846263
"10308_10",0.8715850836988943
"11027_10",0.8079574110910916
"6174_3",0.0018867473993069224
"10151_8",0.6618686990049719
"10665_1",0.10610859502197245
"6453_2",0.04382903026733646
"3619_2",2.6887410690461126e-05
"3114_1",0.018486020239560315
"1309_2",0.0066507338670903585
"8468_1",0.29303112923106145
"8292_10",0.9921420568739835
"1955_1",0.16225818729581443
"4498_9",0.9944101184481666
"8075_9",0.9699661632760984
"10528_8",0.8608100526333877
"253_10",0.9784690262441819
"9467_4",0.38630732032370596
"4018_10",0.9913416953437184
"2644_10",0.989317109296294
"7240_7",0.949871171930504
"10929_7",0.7901531980163681
"9743_10",0.9270285853742816
"4641_3",0.016911908004071937
"5711_10",0.5469229506034258
"4912_2",0.024172069816381047
"455_1",0.7764166832524267
"2749_8",0.6421743963943356
"8780_8",0.4256591014304064
"2626_10",0.9975250521509498
"11745_2",0.008965478960239375
"6952_8",0.9709473423042881
"4645_2",0.012897690682983012
"10372_10",0.9963303002705887
"4282_2",0.3971177159384468
"2195_1",0.0005510063333059181
"11058_3",0.08152168196781331
"9507_4",0.3460534346730323
"389_10",0.9946798051981978
"4388_10",0.8444867063939839
"9540_1",0.005428887332631934
"6610_4",0.8599902317602859
"8796_10",0.9853962691431658
"3746_1",0.0007249410793733489
"11083_1",0.004854688793804122
"9901_1",0.023447582768621418
"4165_1",0.009925384735496846
"8928_9",0.9929729340082136
"8173_10",0.9902122530729187
"5161_1",0.0017195081360610336
"11458_4",0.006048655005806992
"11206_9",0.09035325513805621
"3532_7",0.9811687908384615
"5088_1",0.13002163525200858
"11699_8",0.15768419910967754
"10114_2",0.007422667304423628
"8626_9",0.32259027087723746
"6702_2",0.17633244285730873
"3504_1",0.010507372299641937
"3353_4",0.15171188023712287
"6960_10",0.9566507085421104
"5529_10",0.9973999697621833
"5510_9",0.8901988246495702
"1868_10",0.7931224975853923
"11166_10",0.9753532428131272
"8411_2",0.03113082457689122
"9561_10",0.7839061200673466
"11290_2",0.23522254421139602
"1167_4",0.16032068731149773
"9577_3",0.1427219236628621
"1496_10",0.9998066387512693
"3042_10",0.9626370250207641
"4021_4",0.023730608486634757
"6643_10",0.9762062303135427
"806_10",0.9495002764791177
"1520_2",0.1908167414652648
"11133_10",0.9495966758653603
"2783_1",0.0042768990484720526
"9570_10",0.9712961196082021
"2349_3",0.0033993456054426103
"2242_9",0.7881973708128704
"6113_10",0.9385813941591048
"2153_1",0.3083743096507644
"9167_3",0.4418531636317067
"156_3",0.0669914624371354
"10607_7",0.8316190682684805
"4270_4",0.002055831456935365
"4713_1",0.01838417000308489
"2895_7",0.60214467372636
"8240_1",0.1733251857539643
"12241_2",0.03611438423253415
"2919_10",0.9962284151689971
"11110_2",0.006817374843570297
"4502_8",0.5388938995394496
"11957_1",0.018558250811995036
"12338_2",0.06662614191755438
"2474_1",0.050661831047135626
"781_4",0.32827137702269726
"7528_1",0.05180811974968973
"3252_2",0.001027641659989695
"6778_8",0.9908534651679339
"3149_10",0.7698844270699622
"436_4",0.10244365735078963
"2586_1",0.04472207318268765
"3610_8",0.43663811025461174
"4392_10",0.965024984588729
"8914_1",0.03315660416207241
"2197_1",0.22891727074235682
"3323_10",0.9919121453152073
"975_4",0.09514679729739754
"9407_3",0.19278048454344324
"12005_7",0.8395126767419412
"1911_1",0.0019817951268102647
"3956_10",0.9998046175748244
"1441_8",0.9907818278517431
"10787_3",0.02637824592848235
"4569_10",0.9747817349266639
"11685_10",0.8271269039386939
"7810_10",0.852097772193798
"3951_3",0.01462014371099251
"6050_10",0.40778927997727293
"2758_2",0.0013577788494553182
"2664_10",0.9326664207991037
"1537_2",0.0004504436883256613
"7988_1",0.39816397743355436
"6090_10",0.9902964282733391
"11509_10",0.844549158427579
"2227_3",0.012995208132394688
"865_3",0.03511647287943992
"7138_8",0.8264133832887871
"7924_8",0.9393818315291452
"10104_1",0.0006164591709824319
"3917_2",0.02039152297467327
"169_4",0.28942705577292893
"8630_7",0.9859489488136475
"7895_7",0.6577149573089718
"5485_10",0.9758988248201403
"8390_8",0.3834611245838126
"11497_7",0.9292014237507638
"8964_3",0.038228119145839366
"4647_4",0.17536307912875645
"12231_7",0.33332975159788947
"9634_4",0.8328689749066165
"8582_10",0.9997181220992126
"9237_4",0.4963968278899615
"2847_8",0.9703299676494785
"10940_1",0.012853367905126518
"2990_10",0.9909144839751209
"8377_8",0.963647326437774
"1206_3",0.5840464834587473
"11719_9",0.9660526725934134
"7003_1",0.11448805531025529
"8012_4",0.5228103099273633
"2572_10",0.9762502255879757
"4126_8",0.9684873344251593
"9190_8",0.6841855795359266
"9625_8",0.9710846041576063
"4706_10",0.7586166753493204
"8697_2",0.0771538696260479
"435_7",0.9709815570971781
"81_3",0.4056940940815394
"6713_8",0.7294356553139816
"5840_10",0.9954952658031141
"5671_8",0.8718640966126296
"5064_3",0.030865170098168894
"1149_3",0.00021397685212707075
"12324_10",0.8847252440483666
"6705_1",0.0133710200220436
"243_9",0.9699714079902311
"306_10",0.9671138575644649
"7134_3",0.00836245919370649
"3227_10",0.9905474187418898
"1363_10",0.9918007557797467
"5134_9",0.7246805008535491
"5269_1",0.26584835672764323
"10915_4",0.0008750969470268653
"7591_2",0.17317052966493918
"2326_2",0.010814423271325447
"688_4",0.46109423327679844
"878_10",0.9893687062982
"10245_9",0.9859360265643674
"7388_2",0.12350136264218504
"4304_1",0.00031346704927945736
"6752_10",0.9080403361700555
"6881_8",0.9838467916590721
"10230_2",0.21553706611149945
"6901_1",0.13540011151418962
"441_10",0.9988157838875872
"4743_4",0.4342522391994263
"6228_7",0.7564101917087499
"2563_7",0.9270656613607517
"6237_1",0.03575126199408505
"8619_3",0.018379386676493054
"2749_4",0.9536550074239863
"12355_3",0.024425585249970076
"4915_2",0.007382230221862476
"12234_7",0.9209083255657332
"3756_4",0.14932876152112165
"10051_8",0.9476673748410414
"5068_9",0.8094683944327534
"7767_10",0.9857765413329962
"12069_1",0.054451208083147636
"10634_3",0.005586337472468443
"2787_1",0.014922740060204245
"5281_1",0.0232327291083207
"1496_1",0.0005352196780527177
"8963_4",0.0002261854700041222
"983_7",0.05244436701145246
"8337_4",0.003466006991486104
"783_1",0.049570218604518095
"9939_8",0.9923113616528337
"6507_8",0.9936127678596217
"3488_4",0.4061442200615206
"9304_9",0.5394407889485173
"8664_10",0.8452829889574692
"2722_10",0.9967639243521293
"7716_10",0.2046716340011317
"8512_4",0.6783201869441353
"6002_7",0.9913692577630303
"1213_3",0.8521412372856692
"6351_7",0.9958754246002717
"3049_4",0.004837374000546611
"10897_4",0.25095181314497267
"1936_4",0.020418472250053082
"12368_9",0.9191554434765782
"10982_1",0.0002150305009440108
"4116_4",0.005655591391764666
"8243_7",0.545894700404787
"11506_2",0.4255606652250115
"291_3",0.023583986246368108
"7745_1",0.019100477510344584
"12190_9",0.9380613822000042
"7068_10",0.9141436552912555
"9649_3",0.1321249030465052
"773_1",0.0463795994335346
"1727_10",0.9948572116441997
"346_2",0.5410527010823233
"4629_9",0.9229310049754993
"2509_1",8.786504716865022e-05
"3664_3",0.000747494497041776
"1024_9",0.9767637600607461
"9514_1",0.015244209522698825
"3483_3",0.021996228575204647
"10053_4",0.8786416064555792
"255_10",0.7919567148992125
"1922_10",0.705287102535189
"10416_4",0.08141086670195977
"9154_9",0.9454982924424464
"12359_3",0.16146660731378532
"4850_4",0.18619311423131768
"12398_10",0.9601156222047692
"8910_1",0.010164621226025648
"3797_8",0.4280089431293982
"2428_9",0.681228238760515
"7062_4",0.23651188825480987
"7130_9",0.9983336782226763
"7343_1",0.5803266790987156
"7735_8",0.8810558743923229
"4104_3",0.023150629531484748
"11518_1",0.0001730342685916009
"10784_4",0.9006787488064066
"3687_1",0.029871193654552916
"796_10",0.883855719288408
"2613_1",0.14641269517327155
"3962_9",0.994432182339383
"4637_9",0.8717720838468838
"10076_3",0.017853626244835795
"2643_9",0.9981976492133222
"3588_1",0.42258500261952686
"6788_1",0.762175094289454
"1445_4",0.8285356600405132
"10630_7",0.20855372447897247
"9173_10",0.9822126400677886
"3998_3",0.004057097398436995
"11853_1",0.09127683110771063
"2982_1",0.02237487451101929
"2536_4",0.5308691142751213
"5912_10",0.9761874111652928
"3267_8",0.42497049288350364
"8966_4",0.4539967081272295
"7671_3",0.020024042208420963
"1962_1",0.5310697281108209
"3574_1",0.038863078174269115
"10580_1",0.14015979107672571
"10103_9",0.8738376486487656
"2101_8",0.440976366547534
"9804_10",0.9856989342328819
"12413_9",0.8846992896434851
"9696_2",0.018857947379235834
"8988_1",0.0007339637580323284
"882_9",0.9700884980767462
"8098_3",0.0640237907162495
"6072_3",0.5132080161462378
"9484_10",0.9987335248519452
"3448_10",0.9779525336641074
"12074_10",0.9974674982337896
"5880_1",0.0008407974731041533
"7658_1",0.0010082302363625033
"1286_8",0.9500010122774054
"7013_10",0.9901626245541382
"3590_1",0.004680163106424308
"695_4",0.040423261315647274
"8889_9",0.49253506798416313
"735_1",6.853370053592445e-05
"2041_7",0.41609286800549805
"12041_3",0.7615511134159973
"4918_3",0.1335558561600406
"1428_3",0.015674790394078607
"1846_4",0.10163609533590025
"11103_10",0.9243965800564029
"1026_10",0.9839442475463853
"9731_3",0.5627140796760178
"7481_1",0.0475835864108006
"10191_10",0.984726673298559
"8262_4",0.09082678974504892
"903_10",0.4199057305820767
"4212_2",0.4811781839505304
"11611_1",0.0034279838274976606
"7814_1",9.49266709512976e-05
"5116_10",0.9152383021948959
"150_4",0.19504086120110387
"3618_2",0.0007437634782445156
"10870_1",0.009271082533168652
"8523_1",1.9131015917926133e-05
"2193_10",0.9037495719766233
"10237_10",0.9832444713081698
"2139_10",0.995873703363504
"7691_7",0.9965173396331665
"9374_1",0.006356758192963567
"11426_7",0.9712701810800383
"12319_1",1.7696898477954988e-05
"6817_2",0.646340522508811
"745_1",0.023264480480261262
"6632_1",0.04775596205225119
"7149_8",0.8520404403451987
"9558_3",0.15365639809386208
"10509_1",0.02671617783233885
"1528_2",0.2458071904993665
"3422_10",0.9774440201818225
"6112_8",0.8166774060844768
"3606_4",0.9195002977427474
"8768_7",0.10008887989879862
"2871_8",0.40886783813953403
"12404_10",0.9354449221807968
"6936_3",0.7525069973295612
"855_4",0.23034227248905276
"5703_3",0.08048466385899129
"9446_1",0.0019915378051793345
"1407_7",0.27306638055606003
"8422_10",0.9746916007351382
"40_4",0.25345734856240876
"344_4",0.021780384201467134
"11019_10",0.9860635194365543
"869_1",0.09632013643308542
"2245_10",0.9804824163963152
"10002_8",0.9912478877436656
"5110_10",0.8477704424187629
"3201_9",0.5611345775452857
"10621_10",0.9730081262421747
"1213_7",0.5780702589173957
"2147_10",0.9624185538115776
"828_7",0.7030458862250099
"7600_8",0.978510475233226
"4472_4",0.5439822893028832
"2759_2",0.07790535604620298
"10890_1",0.0009879268041270604
"1637_10",0.9785079827569864
"1667_10",0.9708651249648728
"10433_8",0.9931139945905076
"11350_4",0.0046779460944093715
"9437_3",0.8040744881574535
"3748_3",0.10856229273621902
"8062_10",0.9541440183789814
"11981_10",0.6073087151535005
"4214_7",0.7049501810484109
"6496_8",0.4493256375768
"4489_4",0.26036521145520897
"5965_7",0.855847572494805
"2785_8",0.939524176166327
"6838_9",0.9440489665215688
"4678_9",0.7116596845893839
"8564_10",0.9738008665600834
"4375_9",0.8915657120173768
"4654_10",0.9718651746222737
"2077_10",0.7539383010763576
"12491_4",0.02008448551582299
"11483_10",0.9851368320539594
"11130_8",0.9776400444522826
"2177_2",0.40297665973985236
"1376_8",0.04781007914530532
"3557_2",0.003363011313522148
"8039_3",0.14394729052090013
"6951_1",0.11958114099640076
"3440_2",0.3981015505912194
"10192_1",0.013185031691663582
"5874_10",0.990153224296421
"4258_10",0.5662567505109688
"8838_4",0.02574328612352942
"1090_8",0.9914694142713723
"10570_10",0.990160740191431
"3421_7",0.7862231470727984
"1626_7",0.8378255070217019
"9887_2",0.0887580551179066
"4079_4",0.49889698212050665
"8826_8",0.6706324237652224
"8805_2",0.00013591529785213544
"9121_3",0.8827156566127022
"10916_3",0.07020971946851472
"9717_3",0.24324122157141825
"8662_4",0.45477707724157923
"7393_3",0.3378977705812426
"12304_10",0.543605582904795
"7063_3",0.23805785019472434
"7955_10",0.8493569941883023
"2266_9",0.9865052602034913
"3490_7",0.2378082760507625
"11145_3",0.08249763262391747
"1668_2",0.0006218069093385715
"1011_8",0.8268461042218364
"8300_7",0.12204553042191825
"9995_8",0.6896342601727333
"1326_8",0.9634913987750378
"5232_2",0.3832908310524242
"363_10",0.9937126517585342
"11772_2",0.7475416842885607
"8771_3",0.010126961586807969
"927_3",0.4683424637349197
"2569_2",0.07983214534792435
"5558_10",0.6068422379512519
"12375_10",0.9920969708663829
"2338_10",0.9989980540634574
"5773_10",0.9980758361332375
"4664_7",0.9655238638327814
"12295_7",0.9253029258839917
"4123_8",0.9554858779533265
"1553_10",0.9971031078267134
"3770_10",0.7988347285984898
"12011_2",0.004549340528930204
"8033_1",0.11996769270805151
"1395_7",0.8606552781580784
"8614_7",0.857510491044832
"3784_8",0.9358826681741325
"8769_8",0.9353881131710712
"888_8",0.972791688148626
"7799_2",0.9775467650255653
"6031_3",0.48155795380014
"11584_2",0.0007200206828238248
"4570_7",0.3104877834122447
"6990_8",0.9082847865036083
"7290_1",0.0019141373627596136
"1186_1",0.001902685254586723
"1329_4",0.7968253121150964
"6793_10",0.9139477276430629
"8562_10",0.0889000929961139
"8841_4",0.1274558803029636
"9234_1",0.07642567763023113
"2992_3",0.015905625436728493
"3761_4",0.053464590326290126
"1144_1",5.622259892721935e-05
"11737_10",0.9783950331705085
"6628_10",0.7191423961938289
"7619_4",0.9339401976643634
"5074_3",0.36451496425577623
"2056_1",0.00039878570746978563
"812_7",0.9889012550254359
"615_3",0.040035438044046405
"1473_3",0.36488885961672807
"11642_1",0.004736788643200251
"2957_8",0.9057191493931412
"3223_7",0.5022665318689475
"4491_10",0.9768231456995862
"11617_8",0.6117239482098796
"2209_8",0.12880130508829524
"10250_4",0.0027047334311976977
"8707_3",0.021326276714284623
"3581_2",0.09994169316429884
"3089_2",0.002895171906906434
"9367_4",0.3774363770810175
"8890_3",0.0029230654685750684
"4657_3",0.05179896118851675
"8474_1",0.1301104005346468
"1542_3",0.012760280772543502
"9024_8",0.4278518430224267
"3176_1",0.5561004242311932
"11219_8",0.9874053948641256
"1086_2",0.023622328875507064
"11230_4",0.1923693041447747
"2543_3",0.013333265495700485
"3391_4",0.9788500886960904
"5876_10",0.5587324695390818
"6712_2",0.7882300699013336
"12468_1",0.0010972180267315242
"1801_10",0.931225972391742
"6727_10",0.9799650862282605
"3072_3",0.0004923467626181746
"6079_7",0.9438101535366955
"1409_10",0.8602519547120898
"7709_2",0.0008220319980245255
"11484_2",0.4878757691986486
"10843_2",0.018161806702573648
"3964_7",0.5706730156902207
"5691_7",0.688384730363524
"5837_1",0.02637702542124571
"963_8",0.9973287236551439
"3530_8",0.9722500756387323
"6558_8",0.9456269457544433
"3084_4",0.30036803439317455
"3025_8",0.9577373278818804
"9396_8",0.5875878271069022
"7530_1",0.003179713201584629
"6301_4",0.04603368186447911
"2934_10",0.9585790118924313
"8286_9",0.9988773821197955
"12122_10",0.9422479482223293
"2799_8",0.90794843381978
"3516_7",0.053299052791880325
"5715_10",0.9398515254059714
"6525_3",0.42452381690446955
"12308_10",0.49266645201009857
"1305_9",0.9598123290274642
"8190_2",0.2768825444758363
"8170_1",0.39842400915580095
"2355_7",0.7560477795065771
"9714_3",0.01059835103984336
"9667_8",0.8793223648380752
"4861_1",0.07167230603232047
"10028_10",0.9968107645426297
"3256_2",0.3637072773264155
"5974_2",0.0568593921265154
"9185_10",0.993159881665134
"2507_10",0.9020669483990534
"8910_10",0.9531301280338348
"6791_1",0.450541724084881
"1692_10",0.9033360822817675
"5520_10",0.9852008126680165
"10119_10",0.9989442970358158
"1226_1",0.03164224775532013
"5998_7",0.3675232813945987
"4421_1",0.34612299279255604
"7660_8",0.8656364567757091
"5532_4",0.5932747883325874
"2869_3",0.24340149533376107
"3795_2",0.0025387917945895416
"3602_10",0.9983713214333699
"1453_10",0.6669637739602805
"1298_8",0.9917239431608276
"6331_1",1.7985520250161217e-05
"7694_3",0.0004727203654878518
"11568_10",0.7789910760395086
"6426_7",0.5674739617084887
"609_7",0.2504742345043516
"3352_4",0.18158108066855766
"12451_3",0.07818683711031452
"3228_7",0.8652257986755405
"945_7",0.00906724563018852
"8283_10",0.9200044358538246
"10780_7",0.9269004679965622
"2944_1",0.0168408238421539
"5697_7",0.8646865110729718
"9066_3",0.08985144560292346
"6254_7",0.9791500902529066
"384_4",0.044301710097518716
"1961_9",0.9988770758382752
"10085_2",0.14112871620774967
"1726_10",0.9990036056942664
"7937_1",0.003426642034129467
"2561_10",0.9770759295887425
"9899_9",0.9971267382529323
"8694_2",0.5050820469891681
"4217_8",0.9031604605296628
"2425_3",0.7226238782847902
"5809_1",0.25705585235278494
"3122_7",0.9210924488509467
"1522_10",0.9884888365665687
"5582_10",0.9268786009627842
"12357_2",0.03851898665681522
"3166_10",0.6870945784071689
"3176_9",0.9372315856845068
"9320_9",0.9968461340267453
"8187_1",0.07847922223219855
"5573_1",0.00021841214509968741
"9078_2",0.47340182178244905
"6706_4",0.24590327014540841
"8882_8",0.34842147204092005
"2489_3",0.2939286590693715
"2768_10",0.8519596967216146
"2384_3",0.10319183182637708
"12494_8",0.7855248036532736
"10375_3",0.06523044481673067
"403_7",0.9318357290735265
"6334_3",0.11470494280417515
"9136_1",0.09570399672339198
"10698_1",0.010036517247785951
"2203_4",0.26789308217191005
"2122_1",0.02048005582192599
"2904_4",0.036579942182252516
"12367_9",0.9344967942280514
"9638_8",0.9981874563204461
"2005_1",0.0008342986238318743
"4963_8",0.8105282027220361
"7575_1",0.35610151557092284
"9989_1",0.1146738943088124
"8776_4",0.9953140696816706
"10188_10",0.8597879560014995
"8238_1",0.042408908164836334
"9244_4",0.7619394476962653
"11142_2",0.03508132581993
"4365_7",0.7186508243269211
"5877_4",0.10219247304995213
"12135_8",0.9501279086814892
"3526_3",0.7132747795341465
"5209_4",0.05353425354520174
"5991_2",0.00878929146257046
"10888_1",0.005022027196119479
"1303_3",0.0034886511311879084
"5764_4",0.049469412244481155
"2933_10",0.9257567552382661
"7297_1",0.019359217908202615
"11156_10",0.7918828130604499
"1353_1",0.07222955756297801
"10017_1",0.3463349783241417
"4203_3",0.28135163181806316
"4546_9",0.9983652007310243
"6039_1",0.013152893991966175
"5804_3",0.05173951032724722
"9085_4",0.34256854304326995
"10774_10",0.8950800840711185
"2178_7",0.8907016055492343
"2958_2",0.003971704681076032
"11469_8",0.7669000865106079
"5378_2",0.9309491797814314
"4583_8",0.19376850025976203
"9539_10",0.9963776761698492
"5090_8",0.9247219478441215
"12036_4",0.02532911006003977
"1766_9",0.8816638810123217
"11536_7",0.9552160727744691
"4792_9",0.8571996002927542
"7615_1",0.08802276517226758
"9624_1",0.0009361527126321821
"5230_9",0.9338317683728569
"939_4",0.7733703103667182
"2353_7",0.22484270340852155
"8760_9",0.9553871080407741
"3231_9",0.9922367122447473
"8183_7",0.839326158465907
"2156_10",0.18555648773824926
"245_2",0.05548957897041835
"12048_1",0.0008603397383665414
"6572_9",0.14626800647683624
"10848_9",0.9349072041568017
"9576_10",0.958102724493197
"3174_1",0.007442101234425425
"9824_8",0.6013484296261224
"8199_1",0.013840045279135165
"10911_3",0.12508529893942405
"2452_1",0.3644046732169609
"7574_3",0.03746063661018572
"8363_7",0.9544980015271074
"3672_9",0.974066425326217
"11693_10",0.9975850009431981
"9731_10",0.9163652597614637
"280_1",0.0006039515894961643
"10065_8",0.9994100098173154
"10284_9",0.4743189304286006
"7990_1",0.05526056435850968
"12256_4",0.9511025130442454
"7558_1",0.27130977343830837
"9636_2",0.029459266111819208
"8632_2",0.2784159889702585
"6157_3",0.1527633604377639
"9429_7",0.6041177490151534
"1447_1",0.22625884485431028
"10948_8",0.7625842312750449
"12300_4",0.059342022522707163
"10208_1",0.24751283225600773
"5889_3",0.9201354223433968
"2376_9",0.7508300447096583
"3354_2",6.254596686967602e-05
"9530_1",0.16510504987217675
"2469_10",0.9982823135981708
"2229_10",0.9364597074421667
"12326_10",0.33360815056200194
"8097_2",0.07289259660082537
"6502_3",0.5605686552432351
"8877_8",0.9967621241337472
"5408_7",0.679361458617585
"3589_4",0.03180252593205768
"5934_3",0.010108038886523986
"3653_10",0.9951322263364232
"6900_1",0.0020133457228745486
"3395_9",0.9630052306901231
"10302_7",0.5820162901751483
"10527_3",0.03223170669832592
"10080_10",0.9981642725605324
"5818_10",0.9841391301254468
"3178_10",0.8296375427377772
"10636_8",0.8014027494020435
"9586_2",0.8410958203985025
"8548_2",0.8151675946373652
"2851_1",0.0005606482438733485
"6874_7",0.8790395049664543
"5850_8",0.9724133581329957
"2392_10",0.9790657444724419
"7434_2",0.09989442664538149
"11879_10",0.9486836767689201
"1190_10",0.9525328270443424
"8411_10",0.9984130942744259
"4833_9",0.7526551393607807
"5853_1",0.05644676092685835
"5485_4",0.0047350298256667155
"111_3",0.23747758171685746
"6376_10",0.8844050736644251
"5425_1",0.06631115418495635
"3189_2",0.0011377342651114324
"5053_8",0.9768676635763085
"1171_1",0.506131176564244
"2206_4",0.048877735122499925
"11912_4",0.1470574984774665
"9874_7",0.9778562011240451
"3439_9",0.8108680838087801
"4221_8",0.8246011340623177
"6830_3",0.007844044252543154
"960_8",0.894313111717923
"11862_1",0.3681699269894628
"8231_7",0.47246895510158293
"11765_1",0.01915270345479994
"9849_1",0.06691840692924259
"7518_4",0.06576780598505445
"3014_1",0.02644210566419943
"2534_10",0.9462466610370935
"5197_10",0.9211864914966907
"6775_2",0.015365810014211542
"4649_1",0.04843450118576475
"10748_3",0.1279101129927925
"6943_4",0.3406162626078901
"9692_1",0.008259354860011288
"11972_7",0.013408505673495046
"7251_9",0.9908088864103916
"459_4",0.841469520780027
"1101_8",0.30323208378675204
"358_4",0.013171579236779316
"7543_1",0.09434436242381596
"3980_3",0.017143120342023973
"1276_3",0.044383762347861615
"12111_8",0.9384741213006986
"11876_4",0.09179902212285375
"5473_8",0.9560813024142875
"1296_1",0.16085919831219758
"7224_9",0.630938487015105
"8035_10",0.9877348656460838
"10436_1",0.035931853015639524
"8475_1",0.04842620267680686
"4293_2",0.05233431029462316
"9867_2",0.0007587282065408151
"4101_1",0.09791838584206106
"6220_1",3.057408253184311e-05
"6246_4",0.47209601828552744
"2907_8",0.9605557508426399
"4532_2",0.005017206460954366
"10753_8",0.8251653212953927
"328_10",0.9850161135498675
"1941_1",0.19132695658879634
"7586_9",0.9186960880843892
"11294_1",0.02846724398011266
"7534_9",0.9484865412629767
"2675_3",0.032080475911620485
"3837_10",0.9928322793625558
"5349_9",0.989185082955899
"641_1",0.0001669235951661972
"9273_8",0.6105068361139745
"8120_4",0.6385636713945702
"10610_1",0.12808198110404034
"1829_1",0.00031081849162696194
"6406_10",0.980683414783018
"4029_10",0.9699581105425372
"10845_10",0.9808296266736746
"2573_4",0.49547574355379687
"2033_3",0.19306209871327418
"9633_4",0.9201112572890034
"6243_1",0.02506985975923162
"7596_10",0.8830782329843243
"4208_8",0.9942262584170054
"6984_8",0.969865090064865
"3656_1",0.06492543391063445
"2434_1",0.012944113750582967
"10340_7",0.9600079397475914
"6130_9",0.9948741626553317
"8093_7",0.07124769362470941
"7962_1",0.13073278912633246
"12178_7",0.00948881031187519
"10931_2",0.0013308707522688879
"6857_10",0.9230637575631798
"11091_8",0.989180328835449
"4167_2",0.20896868881940464
"679_4",0.37768788986985197
"10147_1",0.0002029119590447948
"6875_1",0.006156892341364486
"923_10",0.9986354928648838
"6200_8",0.4100327247229353
"7208_8",0.9767375921463765
"5363_8",0.9794203289125447
"4067_8",0.17253551507503923
"1773_7",0.8789228305244056
"1498_10",0.9891512153843841
"10497_10",0.7265138745473537
"3444_10",0.8456932070444655
"588_2",0.03770094292454988
"9678_9",0.6829793775055416
"1983_9",0.020906745483801954
"5012_3",0.1256732297728904
"12240_2",0.6871951345652508
"5071_2",0.015267880692866474
"5078_2",0.0013434002732744211
"10069_3",0.09302977590476251
"7407_8",0.3536177318465043
"7207_1",0.0003363624842746928
"2155_10",0.8260808360341335
"59_10",0.9253982925366229
"2531_1",0.2510030666181446
"7772_8",0.9881131498418643
"11465_10",0.5789877477390325
